PRT1
683
2023
4 0 30 (-3328 6144 384 ) (-3136 6144 384 ) (-3136 6144 512 ) (-3328 6144 512 ) 
4 0 2 (-3136 6400 384 ) (-3136 6248 384 ) (-3328 6248 384 ) (-3328 6400 384 ) 
4 1 4 (-3136 6784 256 ) (-3136 6464 256 ) (-3328 6464 256 ) (-3328 6784 256 ) 
4 1 3 (-3328 6464 256 ) (-3136 6464 256 ) (-3136 6464 376 ) (-3328 6464 376 ) 
4 2 3 (-3328 6248 376 ) (-3328 6400 376 ) (-3136 6400 376 ) (-3136 6248 376 ) 
4 3 31 (-3328 6144 256 ) (-3136 6144 256 ) (-3136 6144 376 ) (-3328 6144 376 ) 
4 3 4 (-3136 6144 256 ) (-3328 6144 256 ) (-3328 6464 256 ) (-3136 6464 256 ) 
4 4 31 (-3328 6144 128 ) (-3136 6144 128 ) (-3136 6144 256 ) (-3328 6144 256 ) 
4 4 6 (-3136 6400 128 ) (-3136 6144 128 ) (-3328 6144 128 ) (-3328 6400 128 ) 
4 5 89 (-4032 6144 128 ) (-4000 6144 128 ) (-4000 6144 144 ) (-4032 6144 144 ) 
4 5 85 (-3998 6144 128 ) (-3956 6144 128 ) (-3956 6144 142 ) (-3998 6144 142 ) 
4 5 84 (-3956 6144 142 ) (-3956 6144 144 ) (-3998 6144 144 ) (-3998 6144 142 ) 
4 5 83 (-3956 6144 128 ) (-3952 6144 128 ) (-3952 6144 144 ) (-3956 6144 144 ) 
4 5 88 (-4000 6144 128 ) (-3998 6144 128 ) (-3998 6144 144 ) (-4000 6144 144 ) 
4 5 80 (-3952 6144 128 ) (-3905 6144 128 ) (-3905 6144 142 ) (-3952 6144 142 ) 
4 5 79 (-3905 6144 142 ) (-3905 6144 144 ) (-3952 6144 144 ) (-3952 6144 142 ) 
4 5 75 (-3903 6144 128 ) (-3856 6144 128 ) (-3856 6144 142 ) (-3903 6144 142 ) 
4 5 74 (-3856 6144 142 ) (-3856 6144 144 ) (-3903 6144 144 ) (-3903 6144 142 ) 
4 5 73 (-3856 6144 128 ) (-3852 6144 128 ) (-3852 6144 144 ) (-3856 6144 144 ) 
4 5 78 (-3905 6144 128 ) (-3903 6144 128 ) (-3903 6144 144 ) (-3905 6144 144 ) 
4 5 70 (-3852 6144 128 ) (-3810 6144 128 ) (-3810 6144 142 ) (-3852 6144 142 ) 
4 5 69 (-3810 6144 142 ) (-3810 6144 144 ) (-3852 6144 144 ) (-3852 6144 142 ) 
4 5 68 (-3810 6144 128 ) (-3808 6144 128 ) (-3808 6144 144 ) (-3810 6144 144 ) 
4 5 67 (-3808 6144 128 ) (-3776 6144 128 ) (-3776 6144 144 ) (-3808 6144 144 ) 
4 5 66 (-3776 6144 144 ) (-3776 6144 240 ) (-4032 6144 240 ) (-4032 6144 144 ) 
4 5 7 (-3776 6208 128 ) (-3776 6144 128 ) (-4032 6144 128 ) (-4032 6208 128 ) 
4 6 104 (-3328 6144 0 ) (-3216 6144 0 ) (-3216 6144 128 ) (-3328 6144 128 ) 
4 6 100 (-3216 6144 0 ) (-3136 6144 0 ) (-3136 6144 43 ) (-3216 6144 43 ) 
4 6 99 (-3136 6144 43 ) (-3136 6144 128 ) (-3216 6144 128 ) (-3216 6144 43 ) 
4 7 107 (-4032 6144 0 ) (-3776 6144 0 ) (-3776 6144 128 ) (-4032 6144 128 ) 
4 8 9 (-2736 5408 48 ) (-2736 5408 176 ) (-2736 5472 176 ) (-2736 5472 48 ) 
4 9 10 (-2746 5472 48 ) (-2746 5408 48 ) (-2746 5408 176 ) (-2746 5472 176 ) 
4 10 11 (-2748 5408 81 ) (-2748 5408 176 ) (-2748 5472 176 ) (-2748 5472 81 ) 
4 11 12 (-2749 5408 81 ) (-2749 5408 176 ) (-2749 5472 176 ) (-2749 5472 81 ) 
4 12 19 (-2752 5408 48 ) (-2752 5408 128 ) (-2752 5472 128 ) (-2752 5472 48 ) 
4 12 14 (-2752 5408 128 ) (-2752 5408 176 ) (-2752 5472 176 ) (-2752 5472 128 ) 
4 13 47 (-3072 5696 128 ) (-3072 5600 128 ) (-3072 5600 144 ) (-3072 5696 144 ) 
4 13 22 (-3008 5600 128 ) (-3072 5600 128 ) (-3072 5694 128 ) (-3008 5694 128 ) 
4 13 20 (-2944 5600 128 ) (-3008 5600 128 ) (-3008 5694 128 ) (-2944 5694 128 ) 
4 13 19 (-2752 5694 128 ) (-2752 5600 128 ) (-2944 5600 128 ) (-2944 5694 128 ) 
4 13 16 (-2752 5696 128 ) (-2752 5694 128 ) (-3072 5694 128 ) (-3072 5696 128 ) 
4 14 48 (-3072 5568 128 ) (-3072 5312 128 ) (-3072 5312 192 ) (-3072 5568 192 ) 
4 14 22 (-3008 5312 128 ) (-3072 5312 128 ) (-3072 5568 128 ) (-3008 5568 128 ) 
4 14 21 (-2944 5312 128 ) (-3008 5312 128 ) (-3008 5568 128 ) (-2944 5568 128 ) 
4 14 19 (-2752 5568 128 ) (-2752 5312 128 ) (-2944 5312 128 ) (-2944 5568 128 ) 
4 14 15 (-3008 5312 128 ) (-2752 5312 128 ) (-2752 5312 192 ) (-3008 5312 192 ) 
4 15 21 (-2944 5120 128 ) (-3008 5120 128 ) (-3008 5312 128 ) (-2944 5312 128 ) 
4 15 19 (-2752 5312 128 ) (-2752 5120 128 ) (-2944 5120 128 ) (-2944 5312 128 ) 
4 16 171 (-3072 5696 43 ) (-3072 5694 43 ) (-3072 5694 128 ) (-3072 5696 128 ) 
4 16 22 (-3008 5694 128 ) (-3072 5694 128 ) (-3072 5694 43 ) (-3008 5694 43 ) 
4 16 20 (-2944 5694 128 ) (-3008 5694 128 ) (-3008 5694 43 ) (-2944 5694 43 ) 
4 16 19 (-2752 5694 43 ) (-2752 5694 128 ) (-2944 5694 128 ) (-2944 5694 43 ) 
4 16 17 (-2752 5694 43 ) (-3056 5694 43 ) (-3056 5696 43 ) (-2752 5696 43 ) 
4 17 22 (-3056 5694 0 ) (-3008 5694 0 ) (-3008 5694 43 ) (-3056 5694 43 ) 
4 17 20 (-3008 5694 0 ) (-2944 5694 0 ) (-2944 5694 43 ) (-3008 5694 43 ) 
4 17 19 (-2944 5694 0 ) (-2752 5694 0 ) (-2752 5694 43 ) (-2944 5694 43 ) 
4 18 172 (-3072 5694 28 ) (-3072 5694 41 ) (-3072 5696 41 ) (-3072 5696 28 ) 
4 18 170 (-3072 5696 2 ) (-3072 5694 2 ) (-3072 5694 28 ) (-3072 5696 28 ) 
4 18 131 (-3072 5712 2 ) (-3072 5696 2 ) (-3072 5696 41 ) (-3072 5712 41 ) 
4 18 101 (-3072 5848 2 ) (-3072 5712 2 ) (-3072 5712 41 ) (-3072 5848 41 ) 
4 18 22 (-3072 5694 41 ) (-3072 5694 2 ) (-3058 5694 2 ) (-3058 5694 41 ) 
4 19 319 (-2944 5120 0 ) (-2784 5120 0 ) (-2784 5120 128 ) (-2944 5120 128 ) 
4 19 26 (-2944 5456 0 ) (-2944 5584 0 ) (-2880 5584 0 ) (-2880 5456 0 ) 
4 19 24 (-2880 5456 0 ) (-2880 5488 0 ) (-2864 5488 0 ) (-2864 5456 0 ) 
4 19 25 (-2880 5360 0 ) (-2880 5456 0 ) (-2864 5456 0 ) (-2864 5360 0 ) 
4 19 23 (-2752 5488 0 ) (-2752 5360 0 ) (-2864 5360 0 ) (-2864 5488 0 ) 
4 19 20 (-2944 5694 128 ) (-2944 5694 0 ) (-2944 5600 0 ) (-2944 5600 128 ) 
4 19 21 (-2944 5568 0 ) (-2944 5120 0 ) (-2944 5120 128 ) (-2944 5568 128 ) 
4 20 22 (-3008 5694 128 ) (-3008 5694 0 ) (-3008 5600 0 ) (-3008 5600 128 ) 
4 21 319 (-2976 5120 0 ) (-2944 5120 0 ) (-2944 5120 128 ) (-2976 5120 128 ) 
4 21 26 (-3008 5456 0 ) (-3008 5568 0 ) (-2944 5568 0 ) (-2944 5456 0 ) 
4 21 22 (-3008 5568 0 ) (-3008 5312 0 ) (-3008 5312 128 ) (-3008 5568 128 ) 
4 22 175 (-3072 5600 0 ) (-3072 5568 0 ) (-3072 5568 128 ) (-3072 5600 128 ) 
4 22 174 (-3072 5694 0 ) (-3072 5600 0 ) (-3072 5600 128 ) (-3072 5694 128 ) 
4 22 178 (-3072 5568 0 ) (-3072 5312 0 ) (-3072 5312 128 ) (-3072 5568 128 ) 
4 23 24 (-2864 5456 -8 ) (-2864 5456 0 ) (-2864 5488 0 ) (-2864 5488 -8 ) 
4 23 25 (-2864 5456 -144 ) (-2864 5360 -144 ) (-2864 5360 0 ) (-2864 5456 0 ) 
4 24 26 (-2880 5456 0 ) (-2880 5488 0 ) (-2880 5488 -8 ) (-2880 5456 -8 ) 
4 24 25 (-2880 5456 0 ) (-2880 5456 -8 ) (-2864 5456 -8 ) (-2864 5456 0 ) 
4 26 27 (-2896 5487.919922 -8 ) (-2896 5584 -8 ) (-2880 5584 -8 ) (-2880 5487.919922 -8 ) 
4 26 28 (-2896 5456 -8 ) (-3008 5456 -8 ) (-3008 5584 -8 ) (-2896 5584 -8 ) 
4 27 28 (-2896 5584 -8 ) (-2896 5584 -144 ) (-2896 5487.919922 -144 ) (-2896 5487.919922 -8 ) 
4 29 99 (-3136 6144 128 ) (-3072 6144 128 ) (-3072 6048 128 ) (-3136 6048 128 ) 
4 29 32 (-3136 6048 128 ) (-3072 6048 128 ) (-3072 6048 224.074036 ) (-3136 6048 224.073959 ) 
7 29 31 (-3136 6144 128 ) (-3136 6048 128 ) (-3136 6048 224.073975 ) (-3136 6080.004883 219.068176 ) (-3136 6104.018555 206.050735 ) (-3136 6125.978516 184.041122 ) (-3136 6139 157.998413 ) 
4 31 104 (-3328 6048 128 ) (-3328 6144 128 ) (-3216 6144 128 ) (-3216 6048 128 ) 
4 31 99 (-3216 6144 128 ) (-3136 6144 128 ) (-3136 6048 128 ) (-3216 6048 128 ) 
7 31 49 (-3328 6144 128 ) (-3328 6048 128 ) (-3328 6048 224.074005 ) (-3328 6079.982910 219.071640 ) (-3328 6103.988281 206.058716 ) (-3328 6126.002930 183.992783 ) (-3328 6139 158 ) 
4 31 33 (-3328 6048 224.073990 ) (-3328 6048 128 ) (-3216 6048 128 ) (-3216 6048 224.074005 ) 
4 31 32 (-3216 6048 128 ) (-3136 6048 128 ) (-3136 6048 224.074005 ) (-3216 6048 224.074005 ) 
4 32 99 (-3216 6048 128 ) (-3072 6048 128 ) (-3072 5952 128 ) (-3216 5952 128 ) 
7 32 33 (-3216 5969.998047 183.996735 ) (-3216 5991.994629 206.055435 ) (-3216 6016.008789 219.072891 ) (-3216 6048 224.075562 ) (-3216 6048 128 ) (-3216 5952 128 ) (-3216 5957 158.001068 ) 
4 33 104 (-3328 5952 128 ) (-3328 6048 128 ) (-3216 6048 128 ) (-3216 5952 128 ) 
7 33 50 (-3328 6048 128 ) (-3328 5952 128 ) (-3328 5957 158 ) (-3328 5969.997559 183.994843 ) (-3328 5991.997559 206.056610 ) (-3328 6016.005371 219.070831 ) (-3328 6048 224.074036 ) 
4 34 105 (-3253 5920 128 ) (-3216 5920 128 ) (-3216 5812 128 ) (-3253 5812 128 ) 
4 34 41 (-3253 5812 128 ) (-3216 5812 128 ) (-3216 5812 176 ) (-3253 5812 176 ) 
4 34 39 (-3253 5834 128 ) (-3253 5812 128 ) (-3253 5812 176 ) (-3253 5834 176 ) 
4 34 38 (-3253 5900 128 ) (-3253 5834 128 ) (-3253 5834 176 ) (-3253 5900 176 ) 
4 34 35 (-3253 5920 176 ) (-3253 5920 128 ) (-3253 5900 128 ) (-3253 5900 176 ) 
4 35 105 (-3319 5920 128 ) (-3253 5920 128 ) (-3253 5900 128 ) (-3319 5900 128 ) 
4 35 40 (-3319 5920 176 ) (-3319 5920 128 ) (-3319 5900 128 ) (-3319 5900 176 ) 
4 35 38 (-3319 5900 176 ) (-3319 5900 128 ) (-3253 5900 128 ) (-3253 5900 176 ) 
4 36 37 (-3253 5834 235 ) (-3319 5834 235 ) (-3319 5900 235 ) (-3253 5900 235 ) 
4 37 38 (-3253 5834 232 ) (-3319 5834 232 ) (-3319 5900 232 ) (-3253 5900 232 ) 
4 38 105 (-3253 5900 128 ) (-3253 5834 128 ) (-3319 5834 128 ) (-3319 5900 128 ) 
4 38 40 (-3319 5900 128 ) (-3319 5834 128 ) (-3319 5834 176 ) (-3319 5900 176 ) 
4 38 39 (-3319 5834 176 ) (-3319 5834 128 ) (-3253 5834 128 ) (-3253 5834 176 ) 
4 39 105 (-3253 5834 128 ) (-3253 5812 128 ) (-3319 5812 128 ) (-3319 5834 128 ) 
4 39 44 (-3319 5812 128 ) (-3253 5812 128 ) (-3253 5812 176 ) (-3319 5812 176 ) 
4 39 40 (-3319 5834 128 ) (-3319 5812 128 ) (-3319 5812 176 ) (-3319 5834 176 ) 
4 40 105 (-3328 5812 128 ) (-3328 5920 128 ) (-3319 5920 128 ) (-3319 5812 128 ) 
4 40 51 (-3328 5920 128 ) (-3328 5812 128 ) (-3328 5812 176 ) (-3328 5920 176 ) 
4 40 45 (-3328 5812 176 ) (-3328 5812 128 ) (-3319 5812 128 ) (-3319 5812 176 ) 
4 41 105 (-3253 5812 128 ) (-3216 5812 128 ) (-3216 5745 128 ) (-3253 5745 128 ) 
4 41 46 (-3253 5745 128 ) (-3216 5745 128 ) (-3216 5745 176 ) (-3253 5745 176 ) 
4 41 44 (-3253 5812 176 ) (-3253 5812 128 ) (-3253 5745 128 ) (-3253 5745 176 ) 
4 42 43 (-3319 5745 235 ) (-3319 5812 235 ) (-3253 5812 235 ) (-3253 5745 235 ) 
4 43 44 (-3319 5745 232 ) (-3319 5812 232 ) (-3253 5812 232 ) (-3253 5745 232 ) 
4 44 105 (-3319 5812 128 ) (-3253 5812 128 ) (-3253 5745 128 ) (-3319 5745 128 ) 
4 44 46 (-3319 5745 128 ) (-3253 5745 128 ) (-3253 5745 176 ) (-3319 5745 176 ) 
4 44 45 (-3319 5812 176 ) (-3319 5812 128 ) (-3319 5745 128 ) (-3319 5745 176 ) 
4 45 105 (-3328 5745 128 ) (-3328 5812 128 ) (-3319 5812 128 ) (-3319 5745 128 ) 
4 45 58 (-3328 5812 128 ) (-3328 5745 128 ) (-3328 5745 176 ) (-3328 5812 176 ) 
4 45 46 (-3328 5745 176 ) (-3328 5745 128 ) (-3319 5745 128 ) (-3319 5745 176 ) 
4 46 105 (-3328 5728 128 ) (-3328 5745 128 ) (-3216 5745 128 ) (-3216 5728 128 ) 
4 46 63 (-3328 5745 128 ) (-3328 5728 128 ) (-3328 5728 176 ) (-3328 5745 176 ) 
4 47 174 (-3328 5600 128 ) (-3328 5694 128 ) (-3072 5694 128 ) (-3072 5600 128 ) 
4 47 171 (-3100 5696 128 ) (-3072 5696 128 ) (-3072 5694 128 ) (-3100 5694 128 ) 
4 47 173 (-3328 5694 128 ) (-3328 5696 128 ) (-3100 5696 128 ) (-3100 5694 128 ) 
4 47 64 (-3328 5696 128 ) (-3328 5600 128 ) (-3328 5600 144 ) (-3328 5696 144 ) 
4 48 178 (-3328 5312 128 ) (-3328 5568 128 ) (-3072 5568 128 ) (-3072 5312 128 ) 
4 48 65 (-3328 5568 128 ) (-3328 5312 128 ) (-3328 5312 192 ) (-3328 5568 192 ) 
4 49 106 (-3776 6048 128 ) (-3776 6144 128 ) (-3584 6144 128 ) (-3584 6048 128 ) 
4 49 104 (-3584 6144 128 ) (-3328 6144 128 ) (-3328 6048 128 ) (-3584 6048 128 ) 
4 49 67 (-3776 6144 128 ) (-3776 6048 128 ) (-3776 6048 144 ) (-3776 6141.333008 144 ) 
7 49 66 (-3776 6048 144 ) (-3776 6048 224.074020 ) (-3776 6079.992188 219.070206 ) (-3776 6103.989746 206.061584 ) (-3776 6126 184.001389 ) (-3776 6139 157.998734 ) (-3776 6141.333008 144 ) 
4 49 50 (-3776 6048 224.074036 ) (-3776 6048 128 ) (-3328 6048 128 ) (-3328 6048 224.074020 ) 
4 50 106 (-3776 5952 128 ) (-3776 6048 128 ) (-3584 6048 128 ) (-3584 5952 128 ) 
4 50 104 (-3584 6048 128 ) (-3328 6048 128 ) (-3328 5952 128 ) (-3584 5952 128 ) 
4 50 67 (-3776 6048 128 ) (-3776 5952 128 ) (-3776 5954.666992 144 ) (-3776 6048 144 ) 
7 50 66 (-3776 5954.666992 144 ) (-3776 5957 158.001129 ) (-3776 5969.998047 183.996857 ) (-3776 5992.010254 206.061890 ) (-3776 6016.009766 219.071533 ) (-3776 6048 224.074036 ) (-3776 6048 144 ) 
4 51 105 (-3382 5920 128 ) (-3328 5920 128 ) (-3328 5812 128 ) (-3382 5812 128 ) 
4 51 58 (-3382 5812 128 ) (-3328 5812 128 ) (-3328 5812 176 ) (-3382 5812 176 ) 
4 51 56 (-3382 5834 128 ) (-3382 5812 128 ) (-3382 5812 176 ) (-3382 5834 176 ) 
4 51 55 (-3382 5900 128 ) (-3382 5834 128 ) (-3382 5834 176 ) (-3382 5900 176 ) 
4 51 52 (-3382 5920 176 ) (-3382 5920 128 ) (-3382 5900 128 ) (-3382 5900 176 ) 
4 52 105 (-3448 5920 128 ) (-3382 5920 128 ) (-3382 5900 128 ) (-3448 5900 128 ) 
4 52 57 (-3448 5920 176 ) (-3448 5920 128 ) (-3448 5900 128 ) (-3448 5900 176 ) 
4 52 55 (-3448 5900 176 ) (-3448 5900 128 ) (-3382 5900 128 ) (-3382 5900 176 ) 
4 53 54 (-3382 5834 235 ) (-3448 5834 235 ) (-3448 5900 235 ) (-3382 5900 235 ) 
4 54 55 (-3382 5834 232 ) (-3448 5834 232 ) (-3448 5900 232 ) (-3382 5900 232 ) 
4 55 105 (-3382 5900 128 ) (-3382 5834 128 ) (-3448 5834 128 ) (-3448 5900 128 ) 
4 55 57 (-3448 5900 128 ) (-3448 5834 128 ) (-3448 5834 176 ) (-3448 5900 176 ) 
4 55 56 (-3448 5834 176 ) (-3448 5834 128 ) (-3382 5834 128 ) (-3382 5834 176 ) 
4 56 105 (-3382 5834 128 ) (-3382 5812 128 ) (-3448 5812 128 ) (-3448 5834 128 ) 
4 56 61 (-3448 5812 128 ) (-3382 5812 128 ) (-3382 5812 176 ) (-3448 5812 176 ) 
4 56 57 (-3448 5834 128 ) (-3448 5812 128 ) (-3448 5812 176 ) (-3448 5834 176 ) 
4 57 105 (-3584 5920 128 ) (-3448 5920 128 ) (-3448 5812 128 ) (-3584 5812 128 ) 
4 57 62 (-3584 5812 128 ) (-3448 5812 128 ) (-3448 5812 176 ) (-3584 5812 176 ) 
4 58 105 (-3382 5812 128 ) (-3328 5812 128 ) (-3328 5745 128 ) (-3382 5745 128 ) 
4 58 63 (-3382 5745 128 ) (-3328 5745 128 ) (-3328 5745 176 ) (-3382 5745 176 ) 
4 58 61 (-3382 5812 176 ) (-3382 5812 128 ) (-3382 5745 128 ) (-3382 5745 176 ) 
4 59 60 (-3448 5745 235 ) (-3448 5812 235 ) (-3382 5812 235 ) (-3382 5745 235 ) 
4 60 61 (-3448 5745 232 ) (-3448 5812 232 ) (-3382 5812 232 ) (-3382 5745 232 ) 
4 61 105 (-3448 5812 128 ) (-3382 5812 128 ) (-3382 5745 128 ) (-3448 5745 128 ) 
4 61 63 (-3448 5745 128 ) (-3382 5745 128 ) (-3382 5745 176 ) (-3448 5745 176 ) 
4 61 62 (-3448 5812 176 ) (-3448 5812 128 ) (-3448 5745 128 ) (-3448 5745 176 ) 
4 62 105 (-3584 5812 128 ) (-3448 5812 128 ) (-3448 5745 128 ) (-3584 5745 128 ) 
4 62 63 (-3584 5745 128 ) (-3448 5745 128 ) (-3448 5745 176 ) (-3584 5745 176 ) 
4 63 105 (-3584 5745 128 ) (-3328 5745 128 ) (-3328 5728 128 ) (-3584 5728 128 ) 
4 64 174 (-3776 5600 128 ) (-3776 5694 128 ) (-3328 5694 128 ) (-3328 5600 128 ) 
4 64 173 (-3776 5694 128 ) (-3776 5696 128 ) (-3328 5696 128 ) (-3328 5694 128 ) 
4 64 90 (-3776 5696 128 ) (-3776 5600 128 ) (-3776 5600 144 ) (-3776 5696 144 ) 
4 65 178 (-3776 5312 128 ) (-3776 5568 128 ) (-3328 5568 128 ) (-3328 5312 128 ) 
4 65 90 (-3776 5568 128 ) (-3776 5312 128 ) (-3776 5312 192 ) (-3776 5568 192 ) 
11 66 91 (-4032 6141.333496 144 ) (-4032 5954.666504 144 ) (-4032 5957 158 ) (-4032 5970 184 ) (-4032 5992.007812 206.059372 ) (-4032 6016.012207 219.071930 ) (-4032 6048 224.073990 ) (-4032 6079.998535 219.069214 ) (-4032 6104.015625 206.049805 ) (-4032 6125.983398 184.032364 ) (-4032 6139 157.998550 ) 
4 66 89 (-4032 5712 144 ) (-4032 6144 144 ) (-4000 6144 144 ) (-4000 5712 144 ) 
4 66 84 (-3998 6144 144 ) (-3956 6144 144 ) (-3956 5712 144 ) (-3998 5712 144 ) 
4 66 83 (-3956 6144 144 ) (-3952 6144 144 ) (-3952 5712 144 ) (-3956 5712 144 ) 
4 66 88 (-4000 6144 144 ) (-3998 6144 144 ) (-3998 5712 144 ) (-4000 5712 144 ) 
4 66 79 (-3952 6144 144 ) (-3905 6144 144 ) (-3905 5712 144 ) (-3952 5712 144 ) 
4 66 74 (-3903 6144 144 ) (-3856 6144 144 ) (-3856 5712 144 ) (-3903 5712 144 ) 
4 66 73 (-3856 6144 144 ) (-3852 6144 144 ) (-3852 5712 144 ) (-3856 5712 144 ) 
4 66 78 (-3905 6144 144 ) (-3903 6144 144 ) (-3903 5712 144 ) (-3905 5712 144 ) 
4 66 69 (-3852 6144 144 ) (-3810 6144 144 ) (-3810 5712 144 ) (-3852 5712 144 ) 
4 66 68 (-3810 6144 144 ) (-3808 6144 144 ) (-3808 5712 144 ) (-3810 5712 144 ) 
4 66 67 (-3808 6144 144 ) (-3776 6144 144 ) (-3776 5712 144 ) (-3808 5712 144 ) 
4 67 130 (-3784.620117 5712 128 ) (-3808 5712 128 ) (-3808 5806 128 ) (-3784.620117 5806 128 ) 
4 67 117 (-3784.620117 5737.919922 128 ) (-3784.620117 5757.919922 128 ) (-3782.620117 5757.919922 128 ) (-3782.620117 5737.919922 128 ) 
4 67 116 (-3784.620117 5757.919922 128 ) (-3784.620117 5806 128 ) (-3782.620117 5806 128 ) (-3782.620117 5757.919922 128 ) 
4 67 118 (-3782.620117 5712 128 ) (-3784.620117 5712 128 ) (-3784.620117 5737.919922 128 ) (-3782.620117 5737.919922 128 ) 
4 67 114 (-3782.620117 5737.919922 128 ) (-3782.620117 5757.919922 128 ) (-3776.620117 5757.919922 128 ) (-3776.620117 5737.919922 128 ) 
4 67 113 (-3782.620117 5757.919922 128 ) (-3782.620117 5806 128 ) (-3776.620117 5806 128 ) (-3776.620117 5757.919922 128 ) 
4 67 115 (-3776.620117 5712 128 ) (-3782.620117 5712 128 ) (-3782.620117 5737.919922 128 ) (-3776.620117 5737.919922 128 ) 
4 67 112 (-3776 5806 128 ) (-3776 5712 128 ) (-3776.620117 5712 128 ) (-3776.620117 5806 128 ) 
4 67 109 (-3776 5850 128 ) (-3776 5806 128 ) (-3808 5806 128 ) (-3808 5850 128 ) 
4 67 107 (-3808 6144 128 ) (-3776 6144 128 ) (-3776 5850 128 ) (-3808 5850 128 ) 
4 67 68 (-3808 6144 128 ) (-3808 5712 128 ) (-3808 5712 144 ) (-3808 6144 144 ) 
4 68 137 (-3808 5712 128 ) (-3808 5696 128 ) (-3810 5696 128 ) (-3810 5712 128 ) 
4 68 130 (-3808 5806 128 ) (-3808 5712 128 ) (-3810 5712 128 ) (-3810 5806 128 ) 
4 68 109 (-3808 5850 128 ) (-3808 5806 128 ) (-3810 5806 128 ) (-3810 5850 128 ) 
4 68 107 (-3810 6144 128 ) (-3808 6144 128 ) (-3808 5850 128 ) (-3810 5850 128 ) 
4 68 90 (-3810 5696 128 ) (-3808 5696 128 ) (-3808 5696 144 ) (-3810 5696 144 ) 
4 68 71 (-3810 5711 128 ) (-3810 5710 128 ) (-3810 5710 142 ) (-3810 5711 142 ) 
4 68 70 (-3810 6144 128 ) (-3810 5711 128 ) (-3810 5711 142 ) (-3810 6144 142 ) 
4 68 72 (-3810 5710 128 ) (-3810 5696 128 ) (-3810 5696 142 ) (-3810 5710 142 ) 
4 68 69 (-3810 5696 142 ) (-3810 5696 144 ) (-3810 6144 144 ) (-3810 6144 142 ) 
4 69 90 (-3810 5696 142 ) (-3810 5696 144 ) (-3852 5696 144 ) (-3852 5696 142 ) 
4 69 73 (-3852 5696 142 ) (-3852 5696 144 ) (-3852 6144 144 ) (-3852 6144 142 ) 
4 69 71 (-3852 5710 142 ) (-3852 5711 142 ) (-3810 5711 142 ) (-3810 5710 142 ) 
4 69 70 (-3852 5711 142 ) (-3852 6144 142 ) (-3810 6144 142 ) (-3810 5711 142 ) 
4 69 72 (-3852 5696 142 ) (-3852 5710 142 ) (-3810 5710 142 ) (-3810 5696 142 ) 
4 70 138 (-3810 5712 128 ) (-3810 5711 128 ) (-3852 5711 128 ) (-3852 5712 128 ) 
4 70 130 (-3810 5806 128 ) (-3810 5712 128 ) (-3852 5712 128 ) (-3852 5806 128 ) 
4 70 109 (-3810 5850 128 ) (-3810 5806 128 ) (-3852 5806 128 ) (-3852 5850 128 ) 
4 70 107 (-3852 6144 128 ) (-3810 6144 128 ) (-3810 5850 128 ) (-3852 5850 128 ) 
4 70 73 (-3852 6144 128 ) (-3852 5711 128 ) (-3852 5711 142 ) (-3852 6144 142 ) 
4 70 71 (-3810 5711 128 ) (-3810 5711 142 ) (-3852 5711 142 ) (-3852 5711 128 ) 
4 71 139 (-3810 5711 128 ) (-3810 5710 128 ) (-3852 5710 128 ) (-3852 5711 128 ) 
4 71 73 (-3852 5711 128 ) (-3852 5710 128 ) (-3852 5710 142 ) (-3852 5711 142 ) 
4 71 72 (-3810 5710 128 ) (-3810 5710 142 ) (-3852 5710 142 ) (-3852 5710 128 ) 
4 72 140 (-3810 5710 128 ) (-3810 5696 128 ) (-3852 5696 128 ) (-3852 5710 128 ) 
4 72 90 (-3852 5696 128 ) (-3810 5696 128 ) (-3810 5696 142 ) (-3852 5696 142 ) 
4 72 73 (-3852 5710 128 ) (-3852 5696 128 ) (-3852 5696 142 ) (-3852 5710 142 ) 
4 73 141 (-3852 5712 128 ) (-3852 5696 128 ) (-3856 5696 128 ) (-3856 5712 128 ) 
4 73 130 (-3852 5806 128 ) (-3852 5712 128 ) (-3856 5712 128 ) (-3856 5806 128 ) 
4 73 109 (-3852 5850 128 ) (-3852 5806 128 ) (-3856 5806 128 ) (-3856 5850 128 ) 
4 73 107 (-3856 6144 128 ) (-3852 6144 128 ) (-3852 5850 128 ) (-3856 5850 128 ) 
4 73 90 (-3856 5696 128 ) (-3852 5696 128 ) (-3852 5696 144 ) (-3856 5696 144 ) 
4 73 76 (-3856 5711 128 ) (-3856 5710 128 ) (-3856 5710 142 ) (-3856 5711 142 ) 
4 73 75 (-3856 6144 128 ) (-3856 5711 128 ) (-3856 5711 142 ) (-3856 6144 142 ) 
4 73 77 (-3856 5710 128 ) (-3856 5696 128 ) (-3856 5696 142 ) (-3856 5710 142 ) 
4 73 74 (-3856 5696 142 ) (-3856 5696 144 ) (-3856 6144 144 ) (-3856 6144 142 ) 
4 74 90 (-3856 5696 142 ) (-3856 5696 144 ) (-3903 5696 144 ) (-3903 5696 142 ) 
4 74 76 (-3903 5710 142 ) (-3903 5711 142 ) (-3856 5711 142 ) (-3856 5710 142 ) 
4 74 75 (-3903 5711 142 ) (-3903 6144 142 ) (-3856 6144 142 ) (-3856 5711 142 ) 
4 74 77 (-3903 5696 142 ) (-3903 5710 142 ) (-3856 5710 142 ) (-3856 5696 142 ) 
4 74 78 (-3903 5696 142 ) (-3903 5696 144 ) (-3903 6144 144 ) (-3903 6144 142 ) 
4 75 142 (-3856 5712 128 ) (-3856 5711 128 ) (-3903 5711 128 ) (-3903 5712 128 ) 
4 75 130 (-3856 5806 128 ) (-3856 5712 128 ) (-3903 5712 128 ) (-3903 5806 128 ) 
4 75 109 (-3856 5850 128 ) (-3856 5806 128 ) (-3903 5806 128 ) (-3903 5850 128 ) 
4 75 107 (-3903 6144 128 ) (-3856 6144 128 ) (-3856 5850 128 ) (-3903 5850 128 ) 
4 75 78 (-3903 6144 128 ) (-3903 5711 128 ) (-3903 5711 142 ) (-3903 6144 142 ) 
4 75 76 (-3856 5711 128 ) (-3856 5711 142 ) (-3903 5711 142 ) (-3903 5711 128 ) 
4 76 143 (-3856 5711 128 ) (-3856 5710 128 ) (-3903 5710 128 ) (-3903 5711 128 ) 
4 76 77 (-3856 5710 128 ) (-3856 5710 142 ) (-3903 5710 142 ) (-3903 5710 128 ) 
4 76 78 (-3903 5711 128 ) (-3903 5710 128 ) (-3903 5710 142 ) (-3903 5711 142 ) 
4 77 144 (-3856 5710 128 ) (-3856 5696 128 ) (-3903 5696 128 ) (-3903 5710 128 ) 
4 77 90 (-3903 5696 128 ) (-3856 5696 128 ) (-3856 5696 142 ) (-3903 5696 142 ) 
4 77 78 (-3903 5710 128 ) (-3903 5696 128 ) (-3903 5696 142 ) (-3903 5710 142 ) 
4 78 145 (-3903 5712 128 ) (-3903 5696 128 ) (-3905 5696 128 ) (-3905 5712 128 ) 
4 78 130 (-3903 5806 128 ) (-3903 5712 128 ) (-3905 5712 128 ) (-3905 5806 128 ) 
4 78 109 (-3903 5850 128 ) (-3903 5806 128 ) (-3905 5806 128 ) (-3905 5850 128 ) 
4 78 107 (-3905 6144 128 ) (-3903 6144 128 ) (-3903 5850 128 ) (-3905 5850 128 ) 
4 78 90 (-3905 5696 128 ) (-3903 5696 128 ) (-3903 5696 144 ) (-3905 5696 144 ) 
4 78 81 (-3905 5711 128 ) (-3905 5710 128 ) (-3905 5710 142 ) (-3905 5711 142 ) 
4 78 80 (-3905 6144 128 ) (-3905 5711 128 ) (-3905 5711 142 ) (-3905 6144 142 ) 
4 78 82 (-3905 5710 128 ) (-3905 5696 128 ) (-3905 5696 142 ) (-3905 5710 142 ) 
4 78 79 (-3905 5696 142 ) (-3905 5696 144 ) (-3905 6144 144 ) (-3905 6144 142 ) 
4 79 90 (-3905 5696 142 ) (-3905 5696 144 ) (-3952 5696 144 ) (-3952 5696 142 ) 
4 79 83 (-3952 5696 142 ) (-3952 5696 144 ) (-3952 6144 144 ) (-3952 6144 142 ) 
4 79 81 (-3952 5710 142 ) (-3952 5711 142 ) (-3905 5711 142 ) (-3905 5710 142 ) 
4 79 80 (-3952 5711 142 ) (-3952 6144 142 ) (-3905 6144 142 ) (-3905 5711 142 ) 
4 79 82 (-3952 5696 142 ) (-3952 5710 142 ) (-3905 5710 142 ) (-3905 5696 142 ) 
4 80 146 (-3905 5712 128 ) (-3905 5711 128 ) (-3952 5711 128 ) (-3952 5712 128 ) 
4 80 130 (-3905 5806 128 ) (-3905 5712 128 ) (-3952 5712 128 ) (-3952 5806 128 ) 
4 80 109 (-3905 5850 128 ) (-3905 5806 128 ) (-3952 5806 128 ) (-3952 5850 128 ) 
4 80 107 (-3952 6144 128 ) (-3905 6144 128 ) (-3905 5850 128 ) (-3952 5850 128 ) 
4 80 83 (-3952 6144 128 ) (-3952 5711 128 ) (-3952 5711 142 ) (-3952 6144 142 ) 
4 80 81 (-3905 5711 128 ) (-3905 5711 142 ) (-3952 5711 142 ) (-3952 5711 128 ) 
4 81 147 (-3905 5711 128 ) (-3905 5710 128 ) (-3952 5710 128 ) (-3952 5711 128 ) 
4 81 83 (-3952 5711 128 ) (-3952 5710 128 ) (-3952 5710 142 ) (-3952 5711 142 ) 
4 81 82 (-3905 5710 128 ) (-3905 5710 142 ) (-3952 5710 142 ) (-3952 5710 128 ) 
4 82 148 (-3905 5710 128 ) (-3905 5696 128 ) (-3952 5696 128 ) (-3952 5710 128 ) 
4 82 90 (-3952 5696 128 ) (-3905 5696 128 ) (-3905 5696 142 ) (-3952 5696 142 ) 
4 82 83 (-3952 5710 128 ) (-3952 5696 128 ) (-3952 5696 142 ) (-3952 5710 142 ) 
4 83 149 (-3952 5712 128 ) (-3952 5696 128 ) (-3956 5696 128 ) (-3956 5712 128 ) 
4 83 130 (-3952 5806 128 ) (-3952 5712 128 ) (-3956 5712 128 ) (-3956 5806 128 ) 
4 83 109 (-3952 5850 128 ) (-3952 5806 128 ) (-3956 5806 128 ) (-3956 5850 128 ) 
4 83 107 (-3956 6144 128 ) (-3952 6144 128 ) (-3952 5850 128 ) (-3956 5850 128 ) 
4 83 90 (-3956 5696 128 ) (-3952 5696 128 ) (-3952 5696 144 ) (-3956 5696 144 ) 
4 83 86 (-3956 5711 128 ) (-3956 5710 128 ) (-3956 5710 142 ) (-3956 5711 142 ) 
4 83 85 (-3956 6144 128 ) (-3956 5711 128 ) (-3956 5711 142 ) (-3956 6144 142 ) 
4 83 87 (-3956 5710 128 ) (-3956 5696 128 ) (-3956 5696 142 ) (-3956 5710 142 ) 
4 83 84 (-3956 5696 142 ) (-3956 5696 144 ) (-3956 6144 144 ) (-3956 6144 142 ) 
4 84 90 (-3956 5696 142 ) (-3956 5696 144 ) (-3998 5696 144 ) (-3998 5696 142 ) 
4 84 86 (-3998 5710 142 ) (-3998 5711 142 ) (-3956 5711 142 ) (-3956 5710 142 ) 
4 84 85 (-3998 5711 142 ) (-3998 6144 142 ) (-3956 6144 142 ) (-3956 5711 142 ) 
4 84 87 (-3998 5696 142 ) (-3998 5710 142 ) (-3956 5710 142 ) (-3956 5696 142 ) 
4 84 88 (-3998 5696 142 ) (-3998 5696 144 ) (-3998 6144 144 ) (-3998 6144 142 ) 
4 85 150 (-3956 5712 128 ) (-3956 5711 128 ) (-3998 5711 128 ) (-3998 5712 128 ) 
4 85 130 (-3956 5806 128 ) (-3956 5712 128 ) (-3998 5712 128 ) (-3998 5806 128 ) 
4 85 109 (-3956 5850 128 ) (-3956 5806 128 ) (-3998 5806 128 ) (-3998 5850 128 ) 
4 85 107 (-3998 6144 128 ) (-3956 6144 128 ) (-3956 5850 128 ) (-3998 5850 128 ) 
4 85 88 (-3998 6144 128 ) (-3998 5711 128 ) (-3998 5711 142 ) (-3998 6144 142 ) 
4 85 86 (-3956 5711 128 ) (-3956 5711 142 ) (-3998 5711 142 ) (-3998 5711 128 ) 
4 86 151 (-3956 5711 128 ) (-3956 5710 128 ) (-3998 5710 128 ) (-3998 5711 128 ) 
4 86 87 (-3956 5710 128 ) (-3956 5710 142 ) (-3998 5710 142 ) (-3998 5710 128 ) 
4 86 88 (-3998 5711 128 ) (-3998 5710 128 ) (-3998 5710 142 ) (-3998 5711 142 ) 
4 87 152 (-3956 5710 128 ) (-3956 5696 128 ) (-3998 5696 128 ) (-3998 5710 128 ) 
4 87 90 (-3998 5696 128 ) (-3956 5696 128 ) (-3956 5696 142 ) (-3998 5696 142 ) 
4 87 88 (-3998 5710 128 ) (-3998 5696 128 ) (-3998 5696 142 ) (-3998 5710 142 ) 
4 88 153 (-3998 5712 128 ) (-3998 5696 128 ) (-4000 5696 128 ) (-4000 5712 128 ) 
4 88 130 (-3998 5806 128 ) (-3998 5712 128 ) (-4000 5712 128 ) (-4000 5806 128 ) 
4 88 109 (-3998 5850 128 ) (-3998 5806 128 ) (-4000 5806 128 ) (-4000 5850 128 ) 
4 88 107 (-4000 6144 128 ) (-3998 6144 128 ) (-3998 5850 128 ) (-4000 5850 128 ) 
4 88 90 (-4000 5696 128 ) (-3998 5696 128 ) (-3998 5696 144 ) (-4000 5696 144 ) 
4 88 89 (-4000 6144 128 ) (-4000 5712 128 ) (-4000 5712 144 ) (-4000 6144 144 ) 
4 89 130 (-4032 5712 128 ) (-4032 5806 128 ) (-4000 5806 128 ) (-4000 5712 128 ) 
4 89 109 (-4032 5806 128 ) (-4032 5850 128 ) (-4000 5850 128 ) (-4000 5806 128 ) 
4 89 107 (-4032 5850 128 ) (-4032 6144 128 ) (-4000 6144 128 ) (-4000 5850 128 ) 
4 89 91 (-4032 6144 128 ) (-4032 5952 128 ) (-4032 5954.666504 144 ) (-4032 6141.333496 144 ) 
4 90 177 (-4032 5568 128 ) (-4032 5600 128 ) (-3776 5600 128 ) (-3776 5568 128 ) 
4 90 174 (-4032 5600 128 ) (-4032 5694 128 ) (-3776 5694 128 ) (-3776 5600 128 ) 
4 90 178 (-4032 5312 128 ) (-4032 5568 128 ) (-3776 5568 128 ) (-3776 5312 128 ) 
4 90 173 (-4032 5694 128 ) (-4032 5696 128 ) (-3776 5696 128 ) (-3776 5694 128 ) 
4 90 92 (-4032 5696 128 ) (-4032 5312 128 ) (-4032 5312 192 ) (-4032 5696 192 ) 
5 91 203 (-4096 5992 128 ) (-4096 5952 128 ) (-4096 5957 158.001450 ) (-4096 5970 184 ) (-4096 5992 206.051483 ) 
8 91 189 (-4096 6104 128 ) (-4096 5992 128 ) (-4096 5992 206.051483 ) (-4096 5992.006836 206.058334 ) (-4096 6016.013672 219.072128 ) (-4096 6048 224.074005 ) (-4096 6080 219.069199 ) (-4096 6104 206.058487 ) 
6 91 186 (-4096 6144 128 ) (-4096 6104 128 ) (-4096 6104 206.058487 ) (-4096 6104.017090 206.049225 ) (-4096 6125.983398 184.033005 ) (-4096 6139 158 ) 
4 91 108 (-4096 5952 128 ) (-4096 6144 128 ) (-4032 6144 128 ) (-4032 5952 128 ) 
4 92 177 (-4032 5600 128 ) (-4032 5568 128 ) (-4095 5568 128 ) (-4095 5600 128 ) 
4 92 174 (-4032 5694 128 ) (-4032 5600 128 ) (-4095 5600 128 ) (-4095 5694 128 ) 
4 92 178 (-4032 5568 128 ) (-4032 5312 128 ) (-4095 5312 128 ) (-4095 5568 128 ) 
4 92 173 (-4095 5696 128 ) (-4032 5696 128 ) (-4032 5694 128 ) (-4095 5694 128 ) 
4 92 97 (-4095 5360 152 ) (-4095 5424 152 ) (-4095 5424 128 ) (-4095 5360 128 ) 
4 92 96 (-4095 5424 152 ) (-4095 5456 152 ) (-4095 5456 128 ) (-4095 5424 128 ) 
4 92 98 (-4095 5312 128 ) (-4095 5312 152 ) (-4095 5360 152 ) (-4095 5360 128 ) 
4 92 95 (-4095 5456 152 ) (-4095 5520 152 ) (-4095 5520 128 ) (-4095 5456 128 ) 
4 92 94 (-4095 5520 152 ) (-4095 5696 152 ) (-4095 5696 128 ) (-4095 5520 128 ) 
4 92 93 (-4095 5312 152 ) (-4095 5312 192 ) (-4095 5696 192 ) (-4095 5696 152 ) 
4 93 97 (-4095 5424 152 ) (-4095 5360 152 ) (-4096 5360 152 ) (-4096 5424 152 ) 
4 93 96 (-4095 5456 152 ) (-4095 5424 152 ) (-4096 5424 152 ) (-4096 5456 152 ) 
4 93 98 (-4095 5360 152 ) (-4095 5312 152 ) (-4096 5312 152 ) (-4096 5360 152 ) 
4 93 95 (-4095 5520 152 ) (-4095 5456 152 ) (-4096 5456 152 ) (-4096 5520 152 ) 
4 93 94 (-4096 5696 152 ) (-4095 5696 152 ) (-4095 5520 152 ) (-4096 5520 152 ) 
4 94 177 (-4096 5568 128 ) (-4096 5600 128 ) (-4095 5600 128 ) (-4095 5568 128 ) 
4 94 174 (-4096 5600 128 ) (-4096 5694 128 ) (-4095 5694 128 ) (-4095 5600 128 ) 
4 94 178 (-4096 5520 128 ) (-4096 5568 128 ) (-4095 5568 128 ) (-4095 5520 128 ) 
4 94 173 (-4096 5694 128 ) (-4096 5696 128 ) (-4095 5696 128 ) (-4095 5694 128 ) 
4 94 95 (-4096 5520 128 ) (-4095 5520 128 ) (-4095 5520 152 ) (-4096 5520 152 ) 
4 95 205 (-4096 5520 128 ) (-4096 5456 128 ) (-4096 5456 152 ) (-4096 5520 152 ) 
4 95 178 (-4096 5456 128 ) (-4096 5520 128 ) (-4095 5520 128 ) (-4095 5456 128 ) 
4 95 96 (-4096 5456 128 ) (-4095 5456 128 ) (-4095 5456 152 ) (-4096 5456 152 ) 
4 96 178 (-4096 5424 128 ) (-4096 5456 128 ) (-4095 5456 128 ) (-4095 5424 128 ) 
4 96 97 (-4096 5424 128 ) (-4095 5424 128 ) (-4095 5424 152 ) (-4096 5424 152 ) 
4 97 208 (-4096 5424 128 ) (-4096 5360 128 ) (-4096 5360 152 ) (-4096 5424 152 ) 
4 97 178 (-4096 5360 128 ) (-4096 5424 128 ) (-4095 5424 128 ) (-4095 5360 128 ) 
4 97 98 (-4096 5360 128 ) (-4095 5360 128 ) (-4095 5360 152 ) (-4096 5360 152 ) 
4 98 178 (-4096 5312 128 ) (-4096 5360 128 ) (-4095 5360 128 ) (-4095 5312 128 ) 
4 99 104 (-3216 5952 128 ) (-3216 6144 128 ) (-3216 6144 43 ) (-3216 5952 43 ) 
4 99 100 (-3216 5952 43 ) (-3216 6144 43 ) (-3072 6144 43 ) (-3072 5952 43 ) 
4 100 104 (-3216 6144 0 ) (-3216 5952 0 ) (-3216 5952 43 ) (-3216 6144 43 ) 
4 101 131 (-3072 5712 2 ) (-3072 5712 41 ) (-3098 5712 41 ) (-3098 5712 2 ) 
4 101 102 (-3098 5848 2 ) (-3098 5806 2 ) (-3098 5806 41 ) (-3098 5848 41 ) 
4 102 103 (-3100 5808 41 ) (-3100 5848 41 ) (-3100 5848 2 ) (-3100 5808 2 ) 
4 103 105 (-3216 5808 41 ) (-3216 5848 41 ) (-3216 5848 2 ) (-3216 5808 2 ) 
4 104 106 (-3584 6144 0 ) (-3584 5952 0 ) (-3584 5952 128 ) (-3584 6144 128 ) 
4 105 110 (-3584 5848 2 ) (-3584 5808 2 ) (-3584 5808 41 ) (-3584 5848 41 ) 
4 106 107 (-3776 6144 0 ) (-3776 5952 0 ) (-3776 5952 128 ) (-3776 6144 128 ) 
4 107 111 (-4032 5850 0 ) (-3778 5850 0 ) (-3778 5850 43 ) (-4032 5850 43 ) 
4 107 109 (-3776 5850 43 ) (-3776 5850 128 ) (-4032 5850 128 ) (-4032 5850 43 ) 
4 107 108 (-4032 6144 0 ) (-4032 5952 0 ) (-4032 5952 128 ) (-4032 6144 128 ) 
4 108 211 (-4096 5952 128 ) (-4096 5992 128 ) (-4096 5992 0 ) (-4096 5952 0 ) 
4 108 189 (-4096 5992 128 ) (-4096 6104 128 ) (-4096 6104 0 ) (-4096 5992 0 ) 
4 108 186 (-4096 6104 128 ) (-4096 6144 128 ) (-4096 6144 10.910042 ) (-4096 6104 10.910040 ) 
4 108 183 (-4096 6144 10.910042 ) (-4096 6144 0 ) (-4096 6104 0 ) (-4096 6104 10.910040 ) 
4 109 130 (-3784.620117 5806 128 ) (-4032 5806 128 ) (-4032 5806 43 ) (-3784.620117 5806 43 ) 
4 109 119 (-3784.620117 5806 69 ) (-3784.620117 5806 43 ) (-3782.620117 5806 43 ) (-3782.620117 5806 69 ) 
4 109 116 (-3782.620117 5806 128 ) (-3784.620117 5806 128 ) (-3784.620117 5806 69 ) (-3782.620117 5806 69 ) 
4 109 113 (-3776.620117 5806 128 ) (-3782.620117 5806 128 ) (-3782.620117 5806 43 ) (-3776.620117 5806 43 ) 
4 109 112 (-3776 5806 128 ) (-3776.620117 5806 128 ) (-3776.620117 5806 43 ) (-3776 5806 43 ) 
4 109 111 (-3778 5806 43 ) (-4032 5806 43 ) (-4032 5850 43 ) (-3778 5850 43 ) 
4 110 111 (-3778 5808 41 ) (-3778 5848 41 ) (-3778 5848 2 ) (-3778 5808 2 ) 
4 111 130 (-4032 5806 0 ) (-3784.620117 5806 0 ) (-3784.620117 5806 43 ) (-4032 5806 43 ) 
4 111 127 (-3784.620117 5806 0 ) (-3778 5806 0 ) (-3778 5806 42 ) (-3784.620117 5806 42 ) 
4 111 119 (-3782.620117 5806 43 ) (-3784.620117 5806 43 ) (-3784.620117 5806 42 ) (-3782.620117 5806 42 ) 
4 111 113 (-3778 5806 42 ) (-3778 5806 43 ) (-3782.620117 5806 43 ) (-3782.620117 5806 42 ) 
4 112 126 (-3776.620117 5806 42 ) (-3776 5806 42 ) (-3776 5712 42 ) (-3776.620117 5712 42 ) 
4 112 114 (-3776.620117 5737.919922 70 ) (-3776.620117 5737.919922 128 ) (-3776.620117 5757.919922 128 ) (-3776.620117 5757.919922 70 ) 
4 112 113 (-3776.620117 5806 128 ) (-3776.620117 5806 42 ) (-3776.620117 5757.919922 42 ) (-3776.620117 5757.919922 128 ) 
4 112 115 (-3776.620117 5737.919922 42 ) (-3776.620117 5712 42 ) (-3776.620117 5712 128 ) (-3776.620117 5737.919922 128 ) 
4 113 127 (-3782.620117 5806 42 ) (-3776.620117 5806 42 ) (-3776.620117 5757.919922 42 ) (-3782.620117 5757.919922 42 ) 
4 113 119 (-3782.620117 5806 69 ) (-3782.620117 5806 42 ) (-3782.620117 5757.919922 42 ) (-3782.620117 5757.919922 69 ) 
4 113 116 (-3782.620117 5806 128 ) (-3782.620117 5806 69 ) (-3782.620117 5757.919922 69 ) (-3782.620117 5757.919922 128 ) 
4 113 114 (-3782.620117 5757.919922 128 ) (-3782.620117 5757.919922 70 ) (-3776.620117 5757.919922 70 ) (-3776.620117 5757.919922 128 ) 
4 114 117 (-3782.620117 5737.919922 70 ) (-3782.620117 5737.919922 128 ) (-3782.620117 5757.919922 128 ) (-3782.620117 5757.919922 70 ) 
4 114 115 (-3782.620117 5737.919922 128 ) (-3782.620117 5737.919922 70 ) (-3776.620117 5737.919922 70 ) (-3776.620117 5737.919922 128 ) 
4 115 129 (-3776.620117 5737.919922 42 ) (-3776.620117 5712 42 ) (-3782.620117 5712 42 ) (-3782.620117 5737.919922 42 ) 
4 115 125 (-3782.620117 5737.919922 42 ) (-3782.620117 5712 42 ) (-3782.620117 5712 69 ) (-3782.620117 5737.919922 69 ) 
4 115 118 (-3782.620117 5712 69 ) (-3782.620117 5712 128 ) (-3782.620117 5737.919922 128 ) (-3782.620117 5737.919922 69 ) 
4 116 130 (-3784.620117 5806 128 ) (-3784.620117 5806 69 ) (-3784.620117 5757.919922 69 ) (-3784.620117 5757.919922 128 ) 
4 116 119 (-3784.620117 5757.919922 69 ) (-3784.620117 5806 69 ) (-3782.620117 5806 69 ) (-3782.620117 5757.919922 69 ) 
4 116 117 (-3784.620117 5757.919922 128 ) (-3784.620117 5757.919922 70 ) (-3782.620117 5757.919922 70 ) (-3782.620117 5757.919922 128 ) 
4 117 130 (-3784.620117 5737.919922 70 ) (-3784.620117 5737.919922 128 ) (-3784.620117 5757.919922 128 ) (-3784.620117 5757.919922 70 ) 
4 117 118 (-3784.620117 5737.919922 128 ) (-3784.620117 5737.919922 70 ) (-3782.620117 5737.919922 70 ) (-3782.620117 5737.919922 128 ) 
4 118 130 (-3784.620117 5737.919922 69 ) (-3784.620117 5712 69 ) (-3784.620117 5712 128 ) (-3784.620117 5737.919922 128 ) 
4 118 125 (-3784.620117 5712 69 ) (-3784.620117 5737.919922 69 ) (-3782.620117 5737.919922 69 ) (-3782.620117 5712 69 ) 
4 119 130 (-3784.620117 5806 69 ) (-3784.620117 5806 42 ) (-3784.620117 5757.919922 42 ) (-3784.620117 5757.919922 69 ) 
4 119 127 (-3784.620117 5757.919922 42 ) (-3784.620117 5806 42 ) (-3782.620117 5806 42 ) (-3782.620117 5757.919922 42 ) 
4 120 121 (-3783.620117 5754.919922 69 ) (-3783.620117 5754.919922 66 ) (-3782.620117 5754.919922 66 ) (-3782.620117 5754.919922 69 ) 
4 120 122 (-3783.620117 5754.919922 60 ) (-3783.620117 5754.919922 42 ) (-3782.620117 5754.919922 42 ) (-3782.620117 5754.919922 60 ) 
4 120 123 (-3783.620117 5756.919922 69 ) (-3783.620117 5756.919922 42 ) (-3783.620117 5754.919922 42 ) (-3783.620117 5754.919922 69 ) 
4 121 124 (-3782.620117 5741.919922 66 ) (-3782.620117 5741.919922 69 ) (-3783.620117 5741.919922 69 ) (-3783.620117 5741.919922 66 ) 
4 121 123 (-3783.620117 5741.919922 66 ) (-3783.620117 5741.919922 69 ) (-3783.620117 5754.919922 69 ) (-3783.620117 5754.919922 66 ) 
4 122 124 (-3783.620117 5741.919922 42 ) (-3782.620117 5741.919922 42 ) (-3782.620117 5741.919922 60 ) (-3783.620117 5741.919922 60 ) 
4 122 123 (-3783.620117 5754.919922 42 ) (-3783.620117 5741.919922 42 ) (-3783.620117 5741.919922 60 ) (-3783.620117 5754.919922 60 ) 
4 123 130 (-3784.620117 5756.919922 42 ) (-3784.620117 5741.919922 42 ) (-3784.620117 5741.919922 69 ) (-3784.620117 5756.919922 69 ) 
4 123 124 (-3784.620117 5741.919922 42 ) (-3783.620117 5741.919922 42 ) (-3783.620117 5741.919922 69 ) (-3784.620117 5741.919922 69 ) 
4 124 130 (-3784.620117 5741.919922 42 ) (-3784.620117 5738.919922 42 ) (-3784.620117 5738.919922 69 ) (-3784.620117 5741.919922 69 ) 
4 125 130 (-3784.620117 5737.919922 42 ) (-3784.620117 5712 42 ) (-3784.620117 5712 69 ) (-3784.620117 5737.919922 69 ) 
4 125 129 (-3784.620117 5712 42 ) (-3784.620117 5737.919922 42 ) (-3782.620117 5737.919922 42 ) (-3782.620117 5712 42 ) 
4 126 128 (-3776.620117 5757.919922 37 ) (-3776.620117 5757.919922 0 ) (-3776.620117 5737.919922 0 ) (-3776.620117 5737.919922 37 ) 
4 126 127 (-3776.620117 5757.919922 42 ) (-3776.620117 5806 42 ) (-3776.620117 5806 0 ) (-3776.620117 5757.919922 0 ) 
4 126 129 (-3776.620117 5712 0 ) (-3776.620117 5712 42 ) (-3776.620117 5737.919922 42 ) (-3776.620117 5737.919922 0 ) 
4 127 130 (-3784.620117 5806 42 ) (-3784.620117 5806 0 ) (-3784.620117 5757.919922 0 ) (-3784.620117 5757.919922 42 ) 
4 127 128 (-3776.620117 5757.919922 0 ) (-3776.620117 5757.919922 37 ) (-3784.620117 5757.919922 37 ) (-3784.620117 5757.919922 0 ) 
4 128 130 (-3784.620117 5757.919922 0 ) (-3784.620117 5737.919922 0 ) (-3784.620117 5737.919922 37 ) (-3784.620117 5757.919922 37 ) 
4 128 129 (-3776.620117 5737.919922 0 ) (-3776.620117 5737.919922 37 ) (-3784.620117 5737.919922 37 ) (-3784.620117 5737.919922 0 ) 
4 129 130 (-3784.620117 5737.919922 0 ) (-3784.620117 5712 0 ) (-3784.620117 5712 42 ) (-3784.620117 5737.919922 42 ) 
4 130 160 (-3956 5712 108 ) (-3998 5712 108 ) (-3998 5712 48 ) (-3956 5712 48 ) 
4 130 159 (-3852 5712 108 ) (-3956 5712 108 ) (-3956 5712 48 ) (-3852 5712 48 ) 
4 130 163 (-3998 5712 108 ) (-4000 5712 108 ) (-4000 5712 48 ) (-3998 5712 48 ) 
4 130 156 (-3810 5712 108 ) (-3852 5712 108 ) (-3852 5712 48 ) (-3810 5712 48 ) 
4 130 155 (-3808 5712 48 ) (-3808 5712 108 ) (-3810 5712 108 ) (-3810 5712 48 ) 
4 130 154 (-3808 5712 108 ) (-3808 5712 110 ) (-4000 5712 110 ) (-4000 5712 108 ) 
4 130 164 (-4000 5712 0 ) (-3808 5712 0 ) (-3808 5712 48 ) (-4000 5712 48 ) 
4 130 150 (-3956 5712 128 ) (-3998 5712 128 ) (-3998 5712 110 ) (-3956 5712 110 ) 
4 130 153 (-3998 5712 128 ) (-4000 5712 128 ) (-4000 5712 110 ) (-3998 5712 110 ) 
4 130 146 (-3905 5712 128 ) (-3952 5712 128 ) (-3952 5712 110 ) (-3905 5712 110 ) 
4 130 145 (-3903 5712 128 ) (-3905 5712 128 ) (-3905 5712 110 ) (-3903 5712 110 ) 
4 130 149 (-3952 5712 128 ) (-3956 5712 128 ) (-3956 5712 110 ) (-3952 5712 110 ) 
4 130 142 (-3856 5712 128 ) (-3903 5712 128 ) (-3903 5712 110 ) (-3856 5712 110 ) 
4 130 138 (-3810 5712 128 ) (-3852 5712 128 ) (-3852 5712 110 ) (-3810 5712 110 ) 
4 130 137 (-3808 5712 110 ) (-3808 5712 128 ) (-3810 5712 128 ) (-3810 5712 110 ) 
4 130 141 (-3852 5712 128 ) (-3856 5712 128 ) (-3856 5712 110 ) (-3852 5712 110 ) 
4 131 172 (-3072 5696 28 ) (-3072 5696 41 ) (-3098 5696 41 ) (-3098 5696 2 ) 
3 131 170 (-3072 5696 2 ) (-3072 5696 28 ) (-3098 5696 2 ) 
4 132 173 (-3808 5696 0 ) (-3806 5696 0 ) (-3806 5696 124.784218 ) (-3808 5696 127.984596 ) 
4 132 155 (-3808 5696 48 ) (-3808 5696 108 ) (-3808 5704 108 ) (-3808 5704 48 ) 
4 132 154 (-3808 5696 108 ) (-3808 5696 110 ) (-3808 5704 110 ) (-3808 5704 108 ) 
4 132 164 (-3808 5704 0 ) (-3808 5696 0 ) (-3808 5696 48 ) (-3808 5704 48 ) 
4 132 137 (-3808 5696 110 ) (-3808 5696 127.984596 ) (-3808 5704 115.186111 ) (-3808 5704 110 ) 
4 132 136 (-3806.400146 5697.600098 0 ) (-3807 5700 0 ) (-3807 5700 119.984764 ) (-3806.400146 5697.600098 122.864098 ) 
4 132 134 (-3806 5696 124.784225 ) (-3806 5696 0 ) (-3806.400146 5697.600098 0 ) (-3806.400146 5697.600098 122.864098 ) 
3 132 133 (-3807 5700 119.992126 ) (-3808 5704.003906 115.187637 ) (-3808 5696 127.993050 ) 
4 133 137 (-3808 5696 127.984596 ) (-3808 5696 128 ) (-3808 5704 128 ) (-3808 5704 115.186111 ) 
4 134 173 (-3806 5696 0 ) (-3799.998779 5696 0 ) (-3799.998779 5696 115.182487 ) (-3806 5696 124.784225 ) 
4 134 136 (-3804.001465 5697.001465 0 ) (-3806.398438 5697.600586 0 ) (-3806.398438 5697.600586 122.861214 ) (-3804.001465 5697.001465 119.984573 ) 
4 134 135 (-3799.992188 5696 115.183716 ) (-3803.997070 5697.001465 119.990128 ) (-3806.112549 5696.472168 124.220932 ) (-3805.994385 5696 124.787712 ) 
4 135 173 (-3799.998779 5696 115.182487 ) (-3799.998779 5696 128 ) (-3806 5696 128 ) (-3806 5696 124.784225 ) 
4 137 173 (-3808 5696 110 ) (-3808 5696 128 ) (-3810 5696 128 ) (-3810 5696 110 ) 
4 137 154 (-3810 5712 110 ) (-3808 5712 110 ) (-3808 5696 110 ) (-3810 5696 110 ) 
4 137 139 (-3810 5711 110 ) (-3810 5710 110 ) (-3810 5710 128 ) (-3810 5711 128 ) 
4 137 138 (-3810 5712 128 ) (-3810 5712 110 ) (-3810 5711 110 ) (-3810 5711 128 ) 
4 137 140 (-3810 5710 110 ) (-3810 5696 110 ) (-3810 5696 128 ) (-3810 5710 128 ) 
4 138 154 (-3852 5712 110 ) (-3810 5712 110 ) (-3810 5711 110 ) (-3852 5711 110 ) 
4 138 141 (-3852 5712 128 ) (-3852 5712 110 ) (-3852 5711 110 ) (-3852 5711 128 ) 
4 138 139 (-3852 5711 128 ) (-3852 5711 110 ) (-3810 5711 110 ) (-3810 5711 128 ) 
4 139 154 (-3810 5711 110 ) (-3810 5710 110 ) (-3852 5710 110 ) (-3852 5711 110 ) 
4 139 140 (-3852 5710 128 ) (-3852 5710 110 ) (-3810 5710 110 ) (-3810 5710 128 ) 
4 139 141 (-3852 5711 110 ) (-3852 5710 110 ) (-3852 5710 128 ) (-3852 5711 128 ) 
4 140 173 (-3810 5696 128 ) (-3852 5696 128 ) (-3852 5696 110 ) (-3810 5696 110 ) 
4 140 154 (-3810 5710 110 ) (-3810 5696 110 ) (-3852 5696 110 ) (-3852 5710 110 ) 
4 140 141 (-3852 5710 110 ) (-3852 5696 110 ) (-3852 5696 128 ) (-3852 5710 128 ) 
4 141 173 (-3852 5696 128 ) (-3856 5696 128 ) (-3856 5696 110 ) (-3852 5696 110 ) 
4 141 154 (-3856 5712 110 ) (-3852 5712 110 ) (-3852 5696 110 ) (-3856 5696 110 ) 
4 141 143 (-3856 5711 110 ) (-3856 5710 110 ) (-3856 5710 128 ) (-3856 5711 128 ) 
4 141 142 (-3856 5712 128 ) (-3856 5712 110 ) (-3856 5711 110 ) (-3856 5711 128 ) 
4 141 144 (-3856 5710 110 ) (-3856 5696 110 ) (-3856 5696 128 ) (-3856 5710 128 ) 
4 142 154 (-3903 5712 110 ) (-3856 5712 110 ) (-3856 5711 110 ) (-3903 5711 110 ) 
4 142 145 (-3903 5712 128 ) (-3903 5712 110 ) (-3903 5711 110 ) (-3903 5711 128 ) 
4 142 143 (-3903 5711 128 ) (-3903 5711 110 ) (-3856 5711 110 ) (-3856 5711 128 ) 
4 143 154 (-3856 5711 110 ) (-3856 5710 110 ) (-3903 5710 110 ) (-3903 5711 110 ) 
4 143 145 (-3903 5711 110 ) (-3903 5710 110 ) (-3903 5710 128 ) (-3903 5711 128 ) 
4 143 144 (-3903 5710 128 ) (-3903 5710 110 ) (-3856 5710 110 ) (-3856 5710 128 ) 
4 144 173 (-3856 5696 128 ) (-3903 5696 128 ) (-3903 5696 110 ) (-3856 5696 110 ) 
4 144 154 (-3856 5710 110 ) (-3856 5696 110 ) (-3903 5696 110 ) (-3903 5710 110 ) 
4 144 145 (-3903 5710 110 ) (-3903 5696 110 ) (-3903 5696 128 ) (-3903 5710 128 ) 
4 145 173 (-3903 5696 128 ) (-3905 5696 128 ) (-3905 5696 110 ) (-3903 5696 110 ) 
4 145 154 (-3905 5712 110 ) (-3903 5712 110 ) (-3903 5696 110 ) (-3905 5696 110 ) 
4 145 147 (-3905 5711 110 ) (-3905 5710 110 ) (-3905 5710 128 ) (-3905 5711 128 ) 
4 145 146 (-3905 5712 128 ) (-3905 5712 110 ) (-3905 5711 110 ) (-3905 5711 128 ) 
4 145 148 (-3905 5710 110 ) (-3905 5696 110 ) (-3905 5696 128 ) (-3905 5710 128 ) 
4 146 154 (-3952 5712 110 ) (-3905 5712 110 ) (-3905 5711 110 ) (-3952 5711 110 ) 
4 146 149 (-3952 5712 128 ) (-3952 5712 110 ) (-3952 5711 110 ) (-3952 5711 128 ) 
4 146 147 (-3952 5711 128 ) (-3952 5711 110 ) (-3905 5711 110 ) (-3905 5711 128 ) 
4 147 154 (-3905 5711 110 ) (-3905 5710 110 ) (-3952 5710 110 ) (-3952 5711 110 ) 
4 147 148 (-3952 5710 128 ) (-3952 5710 110 ) (-3905 5710 110 ) (-3905 5710 128 ) 
4 147 149 (-3952 5711 110 ) (-3952 5710 110 ) (-3952 5710 128 ) (-3952 5711 128 ) 
4 148 173 (-3905 5696 128 ) (-3952 5696 128 ) (-3952 5696 110 ) (-3905 5696 110 ) 
4 148 154 (-3905 5710 110 ) (-3905 5696 110 ) (-3952 5696 110 ) (-3952 5710 110 ) 
4 148 149 (-3952 5710 110 ) (-3952 5696 110 ) (-3952 5696 128 ) (-3952 5710 128 ) 
4 149 173 (-3952 5696 128 ) (-3956 5696 128 ) (-3956 5696 110 ) (-3952 5696 110 ) 
4 149 154 (-3956 5712 110 ) (-3952 5712 110 ) (-3952 5696 110 ) (-3956 5696 110 ) 
4 149 151 (-3956 5711 110 ) (-3956 5710 110 ) (-3956 5710 128 ) (-3956 5711 128 ) 
4 149 150 (-3956 5712 128 ) (-3956 5712 110 ) (-3956 5711 110 ) (-3956 5711 128 ) 
4 149 152 (-3956 5710 110 ) (-3956 5696 110 ) (-3956 5696 128 ) (-3956 5710 128 ) 
4 150 154 (-3998 5712 110 ) (-3956 5712 110 ) (-3956 5711 110 ) (-3998 5711 110 ) 
4 150 153 (-3998 5712 128 ) (-3998 5712 110 ) (-3998 5711 110 ) (-3998 5711 128 ) 
4 150 151 (-3998 5711 128 ) (-3998 5711 110 ) (-3956 5711 110 ) (-3956 5711 128 ) 
4 151 154 (-3956 5711 110 ) (-3956 5710 110 ) (-3998 5710 110 ) (-3998 5711 110 ) 
4 151 152 (-3998 5710 128 ) (-3998 5710 110 ) (-3956 5710 110 ) (-3956 5710 128 ) 
4 151 153 (-3998 5711 110 ) (-3998 5710 110 ) (-3998 5710 128 ) (-3998 5711 128 ) 
4 152 173 (-3956 5696 128 ) (-3998 5696 128 ) (-3998 5696 110 ) (-3956 5696 110 ) 
4 152 154 (-3956 5710 110 ) (-3956 5696 110 ) (-3998 5696 110 ) (-3998 5710 110 ) 
4 152 153 (-3998 5710 110 ) (-3998 5696 110 ) (-3998 5696 128 ) (-3998 5710 128 ) 
4 153 173 (-3998 5696 128 ) (-4000 5696 128 ) (-4000 5696 110 ) (-3998 5696 110 ) 
4 153 169 (-4000 5704.027344 115.147743 ) (-4000 5698 124.810646 ) (-4000 5698 128 ) (-4000 5704.027832 128 ) 
4 153 167 (-4000 5704.040527 110 ) (-4000 5698 110 ) (-4000 5698 124.810646 ) (-4000 5704.040527 115.126640 ) 
5 153 165 (-4000 5698 110 ) (-4000 5696 110 ) (-4000 5696 128 ) (-4000 5696.010742 128 ) (-4000 5698 124.810646 ) 
4 153 154 (-4000 5696 110 ) (-4000 5712 110 ) (-3998 5712 110 ) (-3998 5696 110 ) 
4 154 173 (-3808 5696 108 ) (-3808 5696 110 ) (-4000 5696 110 ) (-4000 5696 108 ) 
4 154 167 (-4000 5704.041016 108 ) (-4000 5698 108 ) (-4000 5698 110 ) (-4000 5704.040527 110 ) 
4 154 165 (-4000 5698 108 ) (-4000 5696 108 ) (-4000 5696 110 ) (-4000 5698 110 ) 
4 154 161 (-3956 5711 108 ) (-3956 5710 108 ) (-3998 5710 108 ) (-3998 5711 108 ) 
4 154 160 (-3998 5712 108 ) (-3956 5712 108 ) (-3956 5711 108 ) (-3998 5711 108 ) 
4 154 162 (-3956 5710 108 ) (-3956 5696 108 ) (-3998 5696 108 ) (-3998 5710 108 ) 
4 154 159 (-3956 5712 108 ) (-3852 5712 108 ) (-3852 5696 108 ) (-3956 5696 108 ) 
4 154 163 (-4000 5696 108 ) (-4000 5712 108 ) (-3998 5712 108 ) (-3998 5696 108 ) 
4 154 157 (-3810 5711 108 ) (-3810 5710 108 ) (-3852 5710 108 ) (-3852 5711 108 ) 
4 154 156 (-3852 5712 108 ) (-3810 5712 108 ) (-3810 5711 108 ) (-3852 5711 108 ) 
4 154 158 (-3810 5710 108 ) (-3810 5696 108 ) (-3852 5696 108 ) (-3852 5710 108 ) 
4 154 155 (-3810 5712 108 ) (-3808 5712 108 ) (-3808 5696 108 ) (-3810 5696 108 ) 
4 155 173 (-3808 5696 48 ) (-3808 5696 108 ) (-3810 5696 108 ) (-3810 5696 48 ) 
4 155 157 (-3810 5711 48 ) (-3810 5710 48 ) (-3810 5710 108 ) (-3810 5711 108 ) 
4 155 156 (-3810 5712 48 ) (-3810 5711 48 ) (-3810 5711 108 ) (-3810 5712 108 ) 
4 155 158 (-3810 5710 48 ) (-3810 5696 48 ) (-3810 5696 108 ) (-3810 5710 108 ) 
4 155 164 (-3810 5712 48 ) (-3808 5712 48 ) (-3808 5696 48 ) (-3810 5696 48 ) 
4 156 159 (-3852 5712 48 ) (-3852 5711 48 ) (-3852 5711 108 ) (-3852 5712 108 ) 
4 156 164 (-3852 5712 48 ) (-3810 5712 48 ) (-3810 5711 48 ) (-3852 5711 48 ) 
4 156 157 (-3852 5711 108 ) (-3852 5711 48 ) (-3810 5711 48 ) (-3810 5711 108 ) 
4 157 159 (-3852 5711 48 ) (-3852 5710 48 ) (-3852 5710 108 ) (-3852 5711 108 ) 
4 157 158 (-3852 5710 108 ) (-3852 5710 48 ) (-3810 5710 48 ) (-3810 5710 108 ) 
4 157 164 (-3810 5711 48 ) (-3810 5710 48 ) (-3852 5710 48 ) (-3852 5711 48 ) 
4 158 173 (-3810 5696 108 ) (-3852 5696 108 ) (-3852 5696 48 ) (-3810 5696 48 ) 
4 158 159 (-3852 5710 48 ) (-3852 5696 48 ) (-3852 5696 108 ) (-3852 5710 108 ) 
4 158 164 (-3810 5710 48 ) (-3810 5696 48 ) (-3852 5696 48 ) (-3852 5710 48 ) 
4 159 173 (-3852 5696 108 ) (-3956 5696 108 ) (-3956 5696 48 ) (-3852 5696 48 ) 
4 159 161 (-3956 5711 48 ) (-3956 5710 48 ) (-3956 5710 108 ) (-3956 5711 108 ) 
4 159 160 (-3956 5712 48 ) (-3956 5711 48 ) (-3956 5711 108 ) (-3956 5712 108 ) 
4 159 162 (-3956 5710 48 ) (-3956 5696 48 ) (-3956 5696 108 ) (-3956 5710 108 ) 
4 159 164 (-3956 5712 48 ) (-3852 5712 48 ) (-3852 5696 48 ) (-3956 5696 48 ) 
4 160 163 (-3998 5712 48 ) (-3998 5711 48 ) (-3998 5711 108 ) (-3998 5712 108 ) 
4 160 164 (-3998 5712 48 ) (-3956 5712 48 ) (-3956 5711 48 ) (-3998 5711 48 ) 
4 160 161 (-3998 5711 108 ) (-3998 5711 48 ) (-3956 5711 48 ) (-3956 5711 108 ) 
4 161 162 (-3998 5710 108 ) (-3998 5710 48 ) (-3956 5710 48 ) (-3956 5710 108 ) 
4 161 163 (-3998 5711 48 ) (-3998 5710 48 ) (-3998 5710 108 ) (-3998 5711 108 ) 
4 161 164 (-3956 5711 48 ) (-3956 5710 48 ) (-3998 5710 48 ) (-3998 5711 48 ) 
4 162 173 (-3956 5696 108 ) (-3998 5696 108 ) (-3998 5696 48 ) (-3956 5696 48 ) 
4 162 164 (-3956 5710 48 ) (-3956 5696 48 ) (-3998 5696 48 ) (-3998 5710 48 ) 
4 162 163 (-3998 5710 48 ) (-3998 5696 48 ) (-3998 5696 108 ) (-3998 5710 108 ) 
4 163 173 (-3998 5696 108 ) (-4000 5696 108 ) (-4000 5696 48 ) (-3998 5696 48 ) 
4 163 167 (-4000 5704.041504 48 ) (-4000 5698 48 ) (-4000 5698 108 ) (-4000 5704.041016 108 ) 
4 163 165 (-4000 5698 48 ) (-4000 5696 48 ) (-4000 5696 108 ) (-4000 5698 108 ) 
4 163 164 (-4000 5696 48 ) (-4000 5712 48 ) (-3998 5712 48 ) (-3998 5696 48 ) 
4 164 173 (-4000 5696 0 ) (-3808 5696 0 ) (-3808 5696 48 ) (-4000 5696 48 ) 
4 164 167 (-4000 5704.041504 0 ) (-4000 5698 0 ) (-4000 5698 48 ) (-4000 5704.041504 48 ) 
4 164 165 (-4000 5698 0 ) (-4000 5696 0 ) (-4000 5696 48 ) (-4000 5698 48 ) 
5 165 173 (-4008 5696 0 ) (-4000 5696 0 ) (-4000 5696 128 ) (-4000.010498 5696 128 ) (-4008 5696 115.190559 ) 
4 165 168 (-4001.606934 5697.598145 0 ) (-4004 5697 0 ) (-4004 5697 120 ) (-4001.606934 5697.598145 122.878609 ) 
4 165 167 (-4000 5698 124.810646 ) (-4000 5698 0 ) (-4001.606934 5697.598145 0 ) (-4001.606934 5697.598145 122.878609 ) 
3 165 166 (-4003.998047 5697 120.005280 ) (-4007.996094 5696 115.198059 ) (-4000.012207 5696 128 ) 
3 166 173 (-4000.010498 5696 128 ) (-4008 5696 128 ) (-4008 5696 115.190559 ) 
4 167 169 (-4000.469238 5697.881836 124.246773 ) (-4000 5698 124.811089 ) (-4000 5704.041016 115.125076 ) (-4001.003906 5700.015137 119.969505 ) 
4 167 168 (-4001.607422 5697.597656 122.878906 ) (-4001.010986 5699.988770 120.001312 ) (-4001.010986 5699.988770 0 ) (-4001.607422 5697.597656 0 ) 
3 170 174 (-3072 5694 2 ) (-3072 5694 28 ) (-3098 5694 2 ) 
4 170 172 (-3072 5696 28.003906 ) (-3098.003906 5696 2 ) (-3098 5694 2 ) (-3072 5694 28 ) 
4 171 174 (-3072 5694 43 ) (-3072 5694 128 ) (-3100 5694 128 ) (-3100 5694 43 ) 
4 171 173 (-3100 5696 128 ) (-3100 5696 43 ) (-3100 5694 43 ) (-3100 5694 128 ) 
4 172 174 (-3098 5694 2 ) (-3072 5694 28 ) (-3072 5694 41 ) (-3098 5694 41 ) 
4 173 174 (-4096 5694 0 ) (-3100 5694 0 ) (-3100 5694 128 ) (-4096 5694 128 ) 
4 174 177 (-4096 5600 0 ) (-3776 5600 0 ) (-3776 5600 128 ) (-4096 5600 128 ) 
4 174 175 (-3264 5600 0 ) (-3072 5600 0 ) (-3072 5600 128 ) (-3264 5600 128 ) 
4 174 176 (-3712 5600 0 ) (-3328 5600 0 ) (-3328 5600 128 ) (-3712 5600 128 ) 
4 175 178 (-3264 5568 0 ) (-3072 5568 0 ) (-3072 5568 128 ) (-3264 5568 128 ) 
4 176 178 (-3712 5568 0 ) (-3328 5568 0 ) (-3328 5568 128 ) (-3712 5568 128 ) 
4 177 178 (-4096 5568 0 ) (-3776 5568 0 ) (-3776 5568 128 ) (-4096 5568 128 ) 
4 178 179 (-3712 5312 0 ) (-3520 5312 0 ) (-3520 5312 120 ) (-3712 5312 120 ) 
4 179 429 (-3712 5120 120 ) (-3712 5120 0 ) (-3520 5120 0 ) (-3520 5120 120 ) 
4 180 183 (-4480 6144 127.998566 ) (-4480 6144 0 ) (-4416 6144 0 ) (-4416 6144 128 ) 
3 180 182 (-4480 6165.333008 0 ) (-4480 6144 0 ) (-4480 6144 127.998573 ) 
4 180 181 (-4416 6165.333984 0 ) (-4480 6165.333984 0 ) (-4480 6144 128.005615 ) (-4416 6144 128.006073 ) 
6 181 187 (-4456.006836 6144 206.063858 ) (-4480 6144 219.070129 ) (-4480 6144 127.998566 ) (-4416 6144 128 ) (-4421 6144 158 ) (-4434.003906 6144 184.007980 ) 
5 181 182 (-4480 6656 219.070129 ) (-4480 6656 0 ) (-4480 6165.333008 0 ) (-4480 6144 127.998573 ) (-4480 6144 219.070129 ) 
9 182 188 (-4480 6144 0 ) (-4480 6144 219.070007 ) (-4512 6144 224.074020 ) (-4544 6144 219.070053 ) (-4567.986816 6144 206.067123 ) (-4590 6144 184 ) (-4603 6144 158 ) (-4608 6144 128 ) (-4608 6144 0 ) 
5 183 189 (-4096 6104 0 ) (-4096 6104 10.910034 ) (-4455.976074 6104 206.047028 ) (-4480 6104 206.047028 ) (-4480 6104 0 ) 
6 183 188 (-4480 6104 0 ) (-4480 6104 206.047028 ) (-4480 6126.009277 183.980362 ) (-4480 6139 158 ) (-4480 6144 128 ) (-4480 6144 0 ) 
4 183 187 (-4416.001465 6144 128.004395 ) (-4480 6144 128.004395 ) (-4480 6139 157.997681 ) (-4421 6139 157.997681 ) 
6 183 186 (-4312.017578 6144 128.009048 ) (-4367.333008 6139.002441 157.994614 ) (-4415.270996 6126.009277 183.981049 ) (-4455.977051 6104 206.047287 ) (-4096 6104 10.909439 ) (-4096 6144 10.909437 ) 
4 183 185 (-4420.998047 6139 157.996094 ) (-4480 6139 157.996094 ) (-4480 6126.006348 183.983582 ) (-4433.991699 6126.006348 183.983582 ) 
4 183 184 (-4433.970703 6126.015625 183.970840 ) (-4480 6126.015625 183.970840 ) (-4480 6104 206.044113 ) (-4455.989258 6104 206.044113 ) 
3 184 192 (-4455.976074 6104 206.047028 ) (-4480 6104 219.070038 ) (-4480 6104 206.047028 ) 
4 184 188 (-4480 6104 206.047028 ) (-4480 6104 219.070038 ) (-4480 6108.464355 219.070038 ) (-4480 6126.009277 183.980362 ) 
4 184 185 (-4480 6108.462891 219.070312 ) (-4456.011719 6114.964355 206.067047 ) (-4433.983398 6126.006348 183.983582 ) (-4480 6126.006348 183.983582 ) 
3 185 188 (-4480 6108.464355 219.070038 ) (-4480 6128.821777 219.070053 ) (-4480 6139 158 ) 
5 185 187 (-4480 6139 157.997681 ) (-4480 6128.822266 219.070038 ) (-4456.010742 6130.989746 206.065872 ) (-4434 6134.667480 184 ) (-4421 6139 157.997681 ) 
3 186 189 (-4096 6104 10.910034 ) (-4096 6104 206.066956 ) (-4456.020020 6104 206.070923 ) 
3 187 188 (-4480 6144 219.070053 ) (-4480 6144 128 ) (-4480 6128.821777 219.070053 ) 
7 188 196 (-4544 6104 219.070053 ) (-4567.986816 6104 206.067017 ) (-4590 6104 184 ) (-4603 6104 158 ) (-4608 6104 127.998985 ) (-4608 6104 0 ) (-4544 6104 0 ) 
5 188 195 (-4480 6104 0 ) (-4480 6104 219.070007 ) (-4512 6104 224.074020 ) (-4544 6104 219.070053 ) (-4544 6104 0 ) 
4 189 212 (-4416 5992 128 ) (-4480 5992 128 ) (-4480 5992 0 ) (-4416 5992 0 ) 
4 189 211 (-4096 5992 0 ) (-4096 5992 128 ) (-4416 5992 128 ) (-4416 5992 0 ) 
4 189 203 (-4096 5992 128 ) (-4096 5992 206.055008 ) (-4455.988281 5992 206.053726 ) (-4312 5992 128 ) 
4 189 202 (-4406 5992 128 ) (-4312 5992 128 ) (-4426.329590 5992 189.976303 ) (-4421 5992 158 ) 
3 189 201 (-4416 5992 128 ) (-4406 5992 128 ) (-4421 5992 158 ) 
4 189 200 (-4423.594727 5992 173.569031 ) (-4426.329590 5992 189.976303 ) (-4440.951172 5992 197.902252 ) (-4434 5992 184 ) 
3 189 199 (-4421 5992 158 ) (-4423.594727 5992 173.569031 ) (-4434 5992 184 ) 
6 189 197 (-4455.988281 5992 206.053726 ) (-4480 5992 206.053635 ) (-4480 5992 128 ) (-4416 5992 128 ) (-4421 5992 158 ) (-4440.951172 5992 197.902252 ) 
7 189 195 (-4480 6104 206.061829 ) (-4480 6104 0 ) (-4480 5992 0 ) (-4480 5992 206.053635 ) (-4480 6016.016602 219.072647 ) (-4480 6048 224.073975 ) (-4480 6080.007324 219.067780 ) 
4 189 192 (-4456 6104 206.060715 ) (-4480 6104 206.060913 ) (-4480 6080.004883 219.068222 ) (-4479.996582 6080.004883 219.068222 ) 
3 189 190 (-4480 6016.015625 219.070007 ) (-4480 5992 206.051468 ) (-4455.984375 5992 206.051559 ) 
4 190 198 (-4473.076660 5992 215.317017 ) (-4480 5992 215.317017 ) (-4480 5992 206.053635 ) (-4455.988281 5992 206.053726 ) 
3 190 195 (-4480 5992 206.053635 ) (-4480 5992 215.317017 ) (-4480 6016.016602 219.072647 ) 
3 190 191 (-4480 6015.997559 219.070145 ) (-4480 5992 215.317535 ) (-4473.077637 5992 215.317535 ) 
3 191 198 (-4480 5992 219.070053 ) (-4480 5992 215.317017 ) (-4473.076660 5992 215.317017 ) 
3 191 195 (-4480 5992 215.317017 ) (-4480 5992 219.070053 ) (-4480 6016 219.070038 ) 
3 192 195 (-4480 6104 219.070053 ) (-4480 6104 206.061829 ) (-4480 6080.003418 219.070053 ) 
4 193 194 (-4544 5992 242 ) (-4544 6104 242 ) (-4480 6104 242 ) (-4480 5992 242 ) 
4 194 195 (-4544 5992 240 ) (-4544 6104 240 ) (-4480 6104 240 ) (-4480 5992 240 ) 
4 195 212 (-4544 5992 128 ) (-4544 5992 0 ) (-4480 5992 0 ) (-4480 5992 128 ) 
5 195 204 (-4544 5992 219.069870 ) (-4544 5992 128 ) (-4480 5992 128 ) (-4480 5992 219.070007 ) (-4512 5992 224.074036 ) 
4 195 196 (-4544 6104 219.069977 ) (-4544 6104 0 ) (-4544 5992 0 ) (-4544 5992 219.069977 ) 
4 196 212 (-4608 5992 128 ) (-4608 5992 0 ) (-4544 5992 0 ) (-4544 5992 128 ) 
7 196 204 (-4603 5992 157.998932 ) (-4608 5992 128.001465 ) (-4608 5992 128 ) (-4544 5992 128 ) (-4544 5992 219.070023 ) (-4567.980469 5992 206.070724 ) (-4590 5992 184 ) 
4 197 212 (-4480 5992 128 ) (-4416 5992 128 ) (-4416 5914.128906 128 ) (-4480 5914.128906 128 ) 
3 197 204 (-4480 5992 206.051559 ) (-4480 5992 128 ) (-4480 5914.128906 128 ) 
3 197 203 (-4440.951172 5983.869141 197.902512 ) (-4440.951172 5992 197.902512 ) (-4455.984375 5992 206.051895 ) 
4 197 201 (-4416 5952 128 ) (-4416 5992 128 ) (-4420.998535 5992 157.996948 ) (-4420.998535 5957 157.996948 ) 
4 197 200 (-4434.001953 5992 184.002365 ) (-4440.952148 5992 197.902374 ) (-4440.952148 5983.869629 197.902374 ) (-4434.001953 5970.001465 184.002365 ) 
4 197 199 (-4421 5957 157.998230 ) (-4421 5992 157.998230 ) (-4434.001953 5992 184.002365 ) (-4434.001953 5970.001465 184.002365 ) 
6 197 198 (-4415.998535 5914.127930 128 ) (-4420.998047 5944.054688 157.996094 ) (-4433.985840 5969.970703 183.971970 ) (-4456.009277 5992 206.052444 ) (-4480 5992 206.052521 ) (-4480 5914.127930 128 ) 
4 198 212 (-4416 5914.128906 128 ) (-4416 5568 128 ) (-4480 5568 128 ) (-4480 5914.128906 128 ) 
5 198 204 (-4480 5992 219.070053 ) (-4480 5992 206.051559 ) (-4480 5914.128906 128 ) (-4480 5568 128 ) (-4480 5568 219.070053 ) 
4 199 202 (-4420.998535 5956.998047 157.996948 ) (-4420.998535 5992 157.996948 ) (-4423.593750 5992 173.567856 ) (-4423.593750 5964.784180 173.567856 ) 
4 199 200 (-4423.593750 5964.782715 173.565536 ) (-4423.593750 5992 173.565536 ) (-4433.997559 5992 183.995728 ) (-4433.997559 5969.997559 183.995728 ) 
4 200 203 (-4426.330078 5975.962402 189.976593 ) (-4426.330078 5992 189.976593 ) (-4440.951172 5992 197.902512 ) (-4440.951172 5983.869629 197.902512 ) 
5 200 202 (-4426.329102 5992 189.980469 ) (-4426.329102 5975.965820 189.980469 ) (-4425.332520 5970 184 ) (-4423.593750 5964.784180 173.567856 ) (-4423.593750 5992 173.567856 ) 
4 201 211 (-4416 5992 128 ) (-4406 5992 128 ) (-4406 5952 128 ) (-4416 5952 128 ) 
4 201 202 (-4421 5992 157.998230 ) (-4421 5957 157.998230 ) (-4406 5952 128 ) (-4406 5992 128 ) 
4 202 211 (-4406 5992 128 ) (-4312 5992 128 ) (-4312 5952 128 ) (-4406 5952 128 ) 
6 202 203 (-4312 5952 128 ) (-4312 5992 128 ) (-4426.330078 5992 189.976593 ) (-4426.330078 5975.962402 189.976593 ) (-4415.303711 5970 184 ) (-4367.344238 5957 158.001465 ) 
4 203 211 (-4312 5992 128 ) (-4096 5992 128 ) (-4096 5952 128 ) (-4312 5952 128 ) 
4 204 212 (-4608 5992 128 ) (-4480 5992 128 ) (-4480 5568 128 ) (-4608 5568 128 ) 
4 205 206 (-4100 5456 128 ) (-4100 5456 152 ) (-4100 5520 152 ) (-4100 5520 128 ) 
4 206 207 (-4102 5456 128 ) (-4102 5456 152 ) (-4102 5520 152 ) (-4102 5520 128 ) 
4 208 209 (-4100 5360 128 ) (-4100 5360 152 ) (-4100 5424 152 ) (-4100 5424 128 ) 
4 209 210 (-4102 5360 128 ) (-4102 5360 152 ) (-4102 5424 152 ) (-4102 5424 128 ) 
4 211 212 (-4416 5992 0 ) (-4416 5952 0 ) (-4416 5952 128 ) (-4416 5992 128 ) 
4 213 215 (-246 3072 462.189026 ) (-246 3072 496.062988 ) (-758 3072 496.062988 ) (-758 3072 462.189026 ) 
4 213 214 (-758 3072 462.189026 ) (-758 3451 462.189026 ) (-246 3451 462.189026 ) (-246 3072 462.189026 ) 
4 214 216 (-246 3072 335.189026 ) (-246 3072 462.189026 ) (-758 3072 462.189026 ) (-758 3072 335.189026 ) 
4 215 216 (-246 2939 462.189026 ) (-758 2939 462.189026 ) (-758 3072 462.189026 ) (-246 3072 462.189026 ) 
4 217 524 (-2412 4096 216 ) (-2416 4096 216 ) (-2416 4096 152 ) (-2412 4096 152 ) 
4 217 523 (-2400 4096 216 ) (-2412 4096 216 ) (-2412 4096 152 ) (-2400 4096 152 ) 
4 217 224 (-2416 4096 152 ) (-2416 4096 216 ) (-2416 4136 216 ) (-2416 4136 152 ) 
4 218 232 (-2672 4640 256 ) (-2672 4580 256 ) (-2672 4580 336 ) (-2672 4640 336 ) 
4 218 229 (-2672 4832 256 ) (-2672 4768 256 ) (-2672 4768 336 ) (-2672 4832 336 ) 
4 218 226 (-2672 5024 256 ) (-2672 4960 256 ) (-2672 4960 336 ) (-2672 5024 336 ) 
4 218 222 (-2672 4580 256 ) (-2672 5084 256 ) (-2664 5084 256 ) (-2664 4580 256 ) 
4 218 219 (-2664 5084 256 ) (-2416 5084 256 ) (-2416 4580 256 ) (-2664 4580 256 ) 
4 219 222 (-2664 4580 256 ) (-2664 5084 256 ) (-2664 5084 248 ) (-2664 4580 248 ) 
4 219 220 (-2664 4580 248 ) (-2664 5084 248 ) (-2416 5084 248 ) (-2416 4580 248 ) 
4 220 222 (-2664 4580 208 ) (-2664 4580 248 ) (-2664 5084 248 ) (-2664 5084 208 ) 
4 221 223 (-2664 4328 152 ) (-2664 4328 216 ) (-2664 4456 216 ) (-2664 4456 152 ) 
4 222 241 (-2672 4580 208 ) (-2672 4580 256 ) (-2672 4640 256 ) (-2672 4640 208 ) 
4 222 238 (-2672 4768 256 ) (-2672 4832 256 ) (-2672 4832 208 ) (-2672 4768 208 ) 
4 222 235 (-2672 4960 256 ) (-2672 5024 256 ) (-2672 5024 208 ) (-2672 4960 208 ) 
4 223 244 (-2672 4456 152 ) (-2672 4328 152 ) (-2672 4328 216 ) (-2672 4456 216 ) 
4 224 526 (-2416 4096 152 ) (-2416 4096 216 ) (-2432 4096 216 ) (-2432 4096 152 ) 
4 224 225 (-2432 4136 152 ) (-2432 4096 152 ) (-2432 4096 216 ) (-2432 4136 216 ) 
4 225 535 (-2672 4096 256 ) (-2672 4096 128 ) (-2576 4096 128 ) (-2576 4096 256 ) 
4 225 527 (-2576 4096 128 ) (-2432 4096 128 ) (-2432 4096 256 ) (-2576 4096 256 ) 
4 225 246 (-2672 4248 128 ) (-2672 4096 128 ) (-2672 4096 256 ) (-2672 4248 256 ) 
4 226 235 (-2682 5024 256 ) (-2672 5024 256 ) (-2672 4960 256 ) (-2682 4960 256 ) 
4 226 227 (-2682 4960 256 ) (-2682 4960 336 ) (-2682 5024 336 ) (-2682 5024 256 ) 
4 227 236 (-2684 5024 256 ) (-2682 5024 256 ) (-2682 4960 256 ) (-2684 4960 256 ) 
4 227 228 (-2684 4960 256 ) (-2684 4960 336 ) (-2684 5024 336 ) (-2684 5024 256 ) 
4 228 249 (-2688 5024 256 ) (-2688 4960 256 ) (-2688 4960 336 ) (-2688 5024 336 ) 
4 228 237 (-2688 4960 256 ) (-2688 5024 256 ) (-2684 5024 256 ) (-2684 4960 256 ) 
4 229 238 (-2682 4832 256 ) (-2672 4832 256 ) (-2672 4768 256 ) (-2682 4768 256 ) 
4 229 230 (-2682 4768 256 ) (-2682 4768 336 ) (-2682 4832 336 ) (-2682 4832 256 ) 
4 230 239 (-2684 4832 256 ) (-2682 4832 256 ) (-2682 4768 256 ) (-2684 4768 256 ) 
4 230 231 (-2684 4768 256 ) (-2684 4768 336 ) (-2684 4832 336 ) (-2684 4832 256 ) 
4 231 256 (-2688 4832 256 ) (-2688 4768 256 ) (-2688 4768 336 ) (-2688 4832 336 ) 
4 231 240 (-2688 4768 256 ) (-2688 4832 256 ) (-2684 4832 256 ) (-2684 4768 256 ) 
4 232 241 (-2682 4640 256 ) (-2672 4640 256 ) (-2672 4576 256 ) (-2682 4576 256 ) 
4 232 233 (-2682 4576 256 ) (-2682 4576 336 ) (-2682 4640 336 ) (-2682 4640 256 ) 
4 233 242 (-2684 4640 256 ) (-2682 4640 256 ) (-2682 4576 256 ) (-2684 4576 256 ) 
4 233 234 (-2684 4576 256 ) (-2684 4576 336 ) (-2684 4640 336 ) (-2684 4640 256 ) 
4 234 263 (-2688 4640 256 ) (-2688 4576 256 ) (-2688 4576 336 ) (-2688 4640 336 ) 
4 234 243 (-2688 4576 256 ) (-2688 4640 256 ) (-2684 4640 256 ) (-2684 4576 256 ) 
4 235 236 (-2682 5024 256 ) (-2682 5024 208 ) (-2682 4960 208 ) (-2682 4960 256 ) 
4 236 237 (-2684 5024 256 ) (-2684 5024 208 ) (-2684 4960 208 ) (-2684 4960 256 ) 
4 237 270 (-2688 4960 208 ) (-2688 4960 256 ) (-2688 5024 256 ) (-2688 5024 208 ) 
4 238 239 (-2682 4832 256 ) (-2682 4832 208 ) (-2682 4768 208 ) (-2682 4768 256 ) 
4 239 240 (-2684 4832 256 ) (-2684 4832 208 ) (-2684 4768 208 ) (-2684 4768 256 ) 
4 240 274 (-2688 4768 208 ) (-2688 4768 256 ) (-2688 4832 256 ) (-2688 4832 208 ) 
4 241 242 (-2682 4640 256 ) (-2682 4640 208 ) (-2682 4576 208 ) (-2682 4576 256 ) 
4 242 243 (-2684 4640 256 ) (-2684 4640 208 ) (-2684 4576 208 ) (-2684 4576 256 ) 
4 243 290 (-2688 4576 208 ) (-2688 4576 256 ) (-2688 4640 256 ) (-2688 4640 208 ) 
4 244 245 (-2680 4456 152 ) (-2680 4328 152 ) (-2680 4328 216 ) (-2680 4456 216 ) 
4 245 295 (-2688 4512 128 ) (-2688 4264 128 ) (-2688 4264 256 ) (-2688 4512 256 ) 
4 246 535 (-2688 4096 256 ) (-2688 4096 128 ) (-2672 4096 128 ) (-2672 4096 256 ) 
4 246 305 (-2688 4160 128 ) (-2688 4096 128 ) (-2688 4096 256 ) (-2688 4160 256 ) 
4 246 295 (-2688 4248 128 ) (-2688 4160 128 ) (-2688 4160 256 ) (-2688 4248 256 ) 
4 247 338 (-3072 5088 256 ) (-3072 5024 256 ) (-3072 5024 384 ) (-3072 5088 384 ) 
4 247 269 (-2688 5088 256 ) (-2688 5024 256 ) (-2689 5024 256 ) (-2689 5088 256 ) 
4 247 272 (-2689 5024 256 ) (-3072 5024 256 ) (-3072 5088 256 ) (-2689 5088 256 ) 
4 247 249 (-2689 5024 256 ) (-2688 5024 256 ) (-2688 5024 336 ) (-2689 5024 336 ) 
4 247 248 (-2688 5024 336 ) (-2688 5024 384 ) (-2689 5024 384 ) (-2689 5024 336 ) 
4 247 251 (-3072 5024 256 ) (-2689 5024 256 ) (-2689 5024 384 ) (-3072 5024 384 ) 
4 248 250 (-2689 4960 384 ) (-2689 4960 336 ) (-2688 4960 336 ) (-2688 4960 384 ) 
4 248 251 (-2689 5024 384 ) (-2689 5024 336 ) (-2689 4960 336 ) (-2689 4960 384 ) 
4 248 249 (-2688 4960 336 ) (-2689 4960 336 ) (-2689 5024 336 ) (-2688 5024 336 ) 
4 249 270 (-2688 5024 256 ) (-2688 4960 256 ) (-2689 4960 256 ) (-2689 5024 256 ) 
4 249 250 (-2689 4960 336 ) (-2689 4960 256 ) (-2688 4960 256 ) (-2688 4960 336 ) 
4 249 251 (-2689 5024 336 ) (-2689 5024 256 ) (-2689 4960 256 ) (-2689 4960 336 ) 
4 250 273 (-2688 4960 256 ) (-2688 4912 256 ) (-2689 4912 256 ) (-2689 4960 256 ) 
4 250 252 (-2689 4912 256 ) (-2688 4912 256 ) (-2688 4912 360 ) (-2689 4912 360 ) 
4 250 251 (-2689 4960 256 ) (-2689 4912 256 ) (-2689 4912 384 ) (-2689 4960 384 ) 
4 251 338 (-3072 5024 256 ) (-3072 4912 256 ) (-3072 4912 384 ) (-3072 5024 384 ) 
4 251 278 (-2752 4912 256 ) (-2776 4912 256 ) (-2776 4960 256 ) (-2752 4960 256 ) 
4 251 280 (-2776 4912 256 ) (-3072 4912 256 ) (-3072 4960 256 ) (-2776 4960 256 ) 
4 251 277 (-2689 4912 256 ) (-2752 4912 256 ) (-2752 4960 256 ) (-2689 4960 256 ) 
4 251 272 (-3072 4960 256 ) (-3072 5024 256 ) (-2689 5024 256 ) (-2689 4960 256 ) 
4 251 252 (-2752 4912 256 ) (-2689 4912 256 ) (-2689 4912 360 ) (-2752 4912 360 ) 
4 251 253 (-3072 4912 256 ) (-2776 4912 256 ) (-2776 4912 360 ) (-3072 4912 360 ) 
4 252 273 (-2688 4912 256 ) (-2688 4888 256 ) (-2689 4888 256 ) (-2689 4912 256 ) 
4 252 277 (-2689 4888 256 ) (-2752 4888 256 ) (-2752 4912 256 ) (-2689 4912 256 ) 
4 252 258 (-2752 4888 256 ) (-2689 4888 256 ) (-2689 4888 360 ) (-2752 4888 360 ) 
4 252 254 (-2689 4888 256 ) (-2688 4888 256 ) (-2688 4888 360 ) (-2689 4888 360 ) 
4 253 339 (-3072 4912 256 ) (-3072 4888 256 ) (-3072 4888 360 ) (-3072 4912 360 ) 
4 253 280 (-2776 4888 256 ) (-3072 4888 256 ) (-3072 4912 256 ) (-2776 4912 256 ) 
4 253 258 (-3072 4888 256 ) (-2776 4888 256 ) (-2776 4888 360 ) (-3072 4888 360 ) 
4 254 273 (-2688 4888 256 ) (-2688 4832 256 ) (-2689 4832 256 ) (-2689 4888 256 ) 
4 254 258 (-2689 4888 384 ) (-2689 4888 256 ) (-2689 4832 256 ) (-2689 4832 384 ) 
4 254 256 (-2689 4832 336 ) (-2689 4832 256 ) (-2688 4832 256 ) (-2688 4832 336 ) 
4 254 255 (-2689 4832 384 ) (-2689 4832 336 ) (-2688 4832 336 ) (-2688 4832 384 ) 
4 255 258 (-2689 4768 336 ) (-2689 4768 384 ) (-2689 4832 384 ) (-2689 4832 336 ) 
4 255 257 (-2689 4768 384 ) (-2689 4768 336 ) (-2688 4768 336 ) (-2688 4768 384 ) 
4 255 256 (-2688 4768 336 ) (-2689 4768 336 ) (-2689 4832 336 ) (-2688 4832 336 ) 
4 256 274 (-2688 4832 256 ) (-2688 4768 256 ) (-2689 4768 256 ) (-2689 4832 256 ) 
4 256 258 (-2689 4832 256 ) (-2689 4768 256 ) (-2689 4768 336 ) (-2689 4832 336 ) 
4 256 257 (-2689 4768 336 ) (-2689 4768 256 ) (-2688 4768 256 ) (-2688 4768 336 ) 
4 257 276 (-2688 4768 256 ) (-2688 4704 256 ) (-2689 4704 256 ) (-2689 4768 256 ) 
4 257 259 (-2689 4704 256 ) (-2688 4704 256 ) (-2688 4704 360 ) (-2689 4704 360 ) 
4 257 258 (-2689 4768 256 ) (-2689 4704 256 ) (-2689 4704 384 ) (-2689 4768 384 ) 
4 258 341 (-3072 4832 256 ) (-3072 4800 256 ) (-3072 4800 384 ) (-3072 4832 384 ) 
4 258 340 (-3072 4888 256 ) (-3072 4832 256 ) (-3072 4832 384 ) (-3072 4888 384 ) 
4 258 279 (-2752 4704 256 ) (-2776 4704 256 ) (-2776 4888 256 ) (-2752 4888 256 ) 
5 258 280 (-2776 4704 256 ) (-2976 4704 256 ) (-3072 4800 256 ) (-3072 4888 256 ) (-2776 4888 256 ) 
4 258 277 (-2689 4704 256 ) (-2752 4704 256 ) (-2752 4888 256 ) (-2689 4888 256 ) 
4 258 259 (-2752 4704 256 ) (-2689 4704 256 ) (-2689 4704 360 ) (-2752 4704 360 ) 
4 258 260 (-2976 4704 256 ) (-2776 4704 256 ) (-2776 4704 360 ) (-2976 4704 360 ) 
4 259 293 (-2689 4680 256 ) (-2752 4680 256 ) (-2752 4704 256 ) (-2689 4704 256 ) 
4 259 289 (-2688 4704 256 ) (-2688 4680 256 ) (-2689 4680 256 ) (-2689 4704 256 ) 
4 259 261 (-2689 4680 256 ) (-2688 4680 256 ) (-2688 4680 360 ) (-2689 4680 360 ) 
4 259 265 (-2752 4680 256 ) (-2689 4680 256 ) (-2689 4680 360 ) (-2752 4680 360 ) 
4 260 296 (-2776 4680 256 ) (-2976 4680 256 ) (-2976 4704 256 ) (-2776 4704 256 ) 
4 260 265 (-2976 4680 360 ) (-2976 4680 256 ) (-2776 4680 256 ) (-2776 4680 360 ) 
4 261 289 (-2688 4680 256 ) (-2688 4640 256 ) (-2689 4640 256 ) (-2689 4680 256 ) 
4 261 263 (-2689 4640 336 ) (-2689 4640 256 ) (-2688 4640 256 ) (-2688 4640 336 ) 
4 261 262 (-2689 4640 384 ) (-2689 4640 336 ) (-2688 4640 336 ) (-2688 4640 384 ) 
4 261 265 (-2689 4680 384 ) (-2689 4680 256 ) (-2689 4640 256 ) (-2689 4640 384 ) 
4 262 265 (-2689 4576 336 ) (-2689 4576 384 ) (-2689 4640 384 ) (-2689 4640 336 ) 
4 262 264 (-2689 4576 384 ) (-2689 4576 336 ) (-2688 4576 336 ) (-2688 4576 384 ) 
4 262 263 (-2688 4576 336 ) (-2689 4576 336 ) (-2689 4640 336 ) (-2688 4640 336 ) 
4 263 290 (-2688 4640 256 ) (-2688 4576 256 ) (-2689 4576 256 ) (-2689 4640 256 ) 
4 263 265 (-2689 4640 256 ) (-2689 4576 256 ) (-2689 4576 336 ) (-2689 4640 336 ) 
4 263 264 (-2689 4576 336 ) (-2689 4576 256 ) (-2688 4576 256 ) (-2688 4576 336 ) 
4 264 292 (-2688 4576 256 ) (-2688 4536 256 ) (-2689 4536 256 ) (-2689 4576 256 ) 
4 264 265 (-2689 4576 256 ) (-2689 4536 256 ) (-2689 4536 384 ) (-2689 4576 384 ) 
4 265 296 (-2776 4536 256 ) (-2976 4536 256 ) (-2976 4680 256 ) (-2776 4680 256 ) 
4 265 294 (-2752 4536 256 ) (-2776 4536 256 ) (-2776 4680 256 ) (-2752 4680 256 ) 
4 265 293 (-2689 4536 256 ) (-2752 4536 256 ) (-2752 4680 256 ) (-2689 4680 256 ) 
4 265 266 (-2976 4536 360 ) (-2976 4536 256 ) (-2776 4536 256 ) (-2776 4536 360 ) 
4 266 296 (-2976 4512 256 ) (-2976 4536 256 ) (-2776 4536 256 ) (-2776 4512 256 ) 
4 266 267 (-2976 4512 360 ) (-2976 4512 256 ) (-2776 4512 256 ) (-2776 4512 360 ) 
4 267 296 (-2976 4160 256 ) (-2976 4512 256 ) (-2776 4512 256 ) (-2776 4160 256 ) 
4 267 268 (-2976 4512 256 ) (-2976 4160 256 ) (-2976 4160 384 ) (-2976 4512 384 ) 
4 268 342 (-3072 4416 256 ) (-3072 4384 256 ) (-3072 4384 384 ) (-3072 4416 384 ) 
4 268 343 (-3072 4384 256 ) (-3072 4160 256 ) (-3072 4160 384 ) (-3072 4384 384 ) 
4 268 299 (-3072 4160 256 ) (-3072 4416 256 ) (-2984 4504 256 ) (-2984 4160 256 ) 
4 268 298 (-2984 4504 256 ) (-2976 4512 256 ) (-2976 4160 256 ) (-2984 4160 256 ) 
4 269 271 (-2689 5024 208 ) (-2689 5024 128 ) (-2688 5024 128 ) (-2688 5024 208 ) 
4 269 270 (-2689 5024 256 ) (-2689 5024 208 ) (-2688 5024 208 ) (-2688 5024 256 ) 
4 269 272 (-2689 5088 256 ) (-2689 5088 128 ) (-2689 5024 128 ) (-2689 5024 256 ) 
4 270 273 (-2688 4960 208 ) (-2688 4960 256 ) (-2689 4960 256 ) (-2689 4960 208 ) 
4 270 272 (-2689 4960 208 ) (-2689 4960 256 ) (-2689 5024 256 ) (-2689 5024 208 ) 
4 270 271 (-2688 4960 208 ) (-2689 4960 208 ) (-2689 5024 208 ) (-2688 5024 208 ) 
4 271 273 (-2689 4960 128 ) (-2688 4960 128 ) (-2688 4960 208 ) (-2689 4960 208 ) 
4 271 272 (-2689 5024 128 ) (-2689 4960 128 ) (-2689 4960 208 ) (-2689 5024 208 ) 
4 272 360 (-3072 5088 128 ) (-3072 4960 128 ) (-3072 4960 256 ) (-3072 5088 256 ) 
4 272 323 (-3072 4960 128 ) (-3072 5000 128 ) (-2976 5000 128 ) (-2976 4960 128 ) 
4 272 322 (-2976 5000 128 ) (-2776 5000 128 ) (-2776 4960 128 ) (-2976 4960 128 ) 
4 272 310 (-2740 5088 128 ) (-2700 5088 128 ) (-2700 5040 128 ) (-2740 5040 128 ) 
4 272 278 (-2776 4960 128 ) (-2752 4960 128 ) (-2752 4960 256 ) (-2776 4960 256 ) 
4 272 280 (-3072 4960 128 ) (-2776 4960 128 ) (-2776 4960 256 ) (-3072 4960 256 ) 
4 272 277 (-2752 4960 128 ) (-2689 4960 128 ) (-2689 4960 256 ) (-2752 4960 256 ) 
4 273 275 (-2689 4832 208 ) (-2689 4832 128 ) (-2688 4832 128 ) (-2688 4832 208 ) 
4 273 274 (-2689 4832 256 ) (-2689 4832 208 ) (-2688 4832 208 ) (-2688 4832 256 ) 
4 273 277 (-2689 4960 256 ) (-2689 4960 128 ) (-2689 4832 128 ) (-2689 4832 256 ) 
4 274 277 (-2689 4768 208 ) (-2689 4768 256 ) (-2689 4832 256 ) (-2689 4832 208 ) 
4 274 276 (-2689 4768 256 ) (-2689 4768 208 ) (-2688 4768 208 ) (-2688 4768 256 ) 
4 274 275 (-2688 4768 208 ) (-2689 4768 208 ) (-2689 4832 208 ) (-2688 4832 208 ) 
4 275 277 (-2689 4832 128 ) (-2689 4768 128 ) (-2689 4768 208 ) (-2689 4832 208 ) 
4 275 276 (-2689 4768 208 ) (-2689 4768 128 ) (-2688 4768 128 ) (-2688 4768 208 ) 
4 276 289 (-2689 4704 128 ) (-2688 4704 128 ) (-2688 4704 256 ) (-2689 4704 256 ) 
4 276 277 (-2689 4768 128 ) (-2689 4704 128 ) (-2689 4704 256 ) (-2689 4768 256 ) 
4 277 293 (-2752 4704 128 ) (-2689 4704 128 ) (-2689 4704 256 ) (-2752 4704 256 ) 
4 277 278 (-2752 4960 256 ) (-2752 4960 128 ) (-2752 4912 128 ) (-2752 4912 256 ) 
4 277 279 (-2752 4888 128 ) (-2752 4704 128 ) (-2752 4704 256 ) (-2752 4888 256 ) 
4 278 280 (-2776 4960 256 ) (-2776 4960 128 ) (-2776 4912 128 ) (-2776 4912 256 ) 
4 279 280 (-2776 4888 128 ) (-2776 4704 128 ) (-2776 4704 256 ) (-2776 4888 256 ) 
4 280 375 (-3072 4832 128 ) (-3072 4800 128 ) (-3072 4800 160 ) (-3072 4832 160 ) 
4 280 371 (-3072 4800 160 ) (-3072 4800 224 ) (-3072 4832 224 ) (-3072 4832 160 ) 
4 280 366 (-3072 4800 224 ) (-3072 4800 256 ) (-3072 4824 256 ) (-3072 4824 224 ) 
4 280 364 (-3072 4824 256 ) (-3072 4832 256 ) (-3072 4832 224 ) (-3072 4824 224 ) 
4 280 360 (-3072 4960 128 ) (-3072 4832 128 ) (-3072 4832 256 ) (-3072 4960 256 ) 
4 280 323 (-3072 4800 128 ) (-3072 4960 128 ) (-2976 4960 128 ) (-2976 4704 128 ) 
5 280 322 (-2976 4960 128 ) (-2776 4960 128 ) (-2776 4712 128 ) (-2784 4704 128 ) (-2976 4704 128 ) 
3 280 321 (-2776 4712 128 ) (-2776 4704 128 ) (-2784 4704 128 ) 
4 280 302 (-2976 4704 128 ) (-2784 4704 128 ) (-2784 4704 160 ) (-2976 4704 160 ) 
4 280 301 (-2784 4704 128 ) (-2776 4704 128 ) (-2776 4704 160 ) (-2784 4704 160 ) 
4 280 296 (-2776 4704 224 ) (-2776 4704 256 ) (-2976 4704 256 ) (-2976 4704 224 ) 
4 280 300 (-2776 4704 160 ) (-2776 4704 224 ) (-2976 4704 224 ) (-2976 4704 160 ) 
4 280 287 (-2976 4704 160 ) (-2976 4704 162 ) (-3072 4800 162 ) (-3072 4800 160 ) 
4 280 286 (-2976 4704 162 ) (-2976 4704 222 ) (-3012.130127 4740.129883 222 ) (-3012.130127 4740.129883 162 ) 
4 280 285 (-3014.250000 4742.250000 222 ) (-3061.629883 4789.629883 222 ) (-3061.629883 4789.629883 162 ) (-3014.250000 4742.250000 162 ) 
4 280 284 (-3063.749756 4791.750000 222 ) (-3072 4800 222 ) (-3072 4800 162 ) (-3063.749756 4791.750000 162 ) 
4 280 282 (-2976 4704 222 ) (-2976 4704 224 ) (-3072 4800 224 ) (-3072 4800 222 ) 
4 281 367 (-3072 4704 224 ) (-3072 4704 256 ) (-3072 4792 256 ) (-3072 4792 224 ) 
4 281 297 (-2984 4704 256 ) (-3072 4704 256 ) (-3072 4704 224 ) (-2984 4704 224 ) 
3 281 282 (-2984 4704 224 ) (-3072 4704 224 ) (-3072 4792 224 ) 
4 282 371 (-3072 4704 222 ) (-3072 4704 224 ) (-3072 4800 224 ) (-3072 4800 222 ) 
4 282 300 (-2976 4704 222 ) (-2976 4704 224 ) (-3072 4704 224 ) (-3072 4704 222 ) 
4 282 286 (-3012.130127 4740.129883 222 ) (-2976 4704 222 ) (-2980 4704 222 ) (-3014.125244 4738.125000 222 ) 
4 282 285 (-3061.629883 4789.629883 222 ) (-3014.250000 4742.250000 222 ) (-3016.250488 4740.250000 222 ) (-3063.625244 4787.625000 222 ) 
4 282 284 (-3072 4800 222 ) (-3063.749756 4791.750000 222 ) (-3065.750244 4789.750000 222 ) (-3072 4796 222 ) 
3 282 283 (-2980 4704 222 ) (-3072 4704 222 ) (-3072 4796 222 ) 
4 283 371 (-3072 4704 162 ) (-3072 4704 222 ) (-3072 4796 222 ) (-3072 4796 162 ) 
4 283 300 (-2980 4704 222 ) (-3072 4704 222 ) (-3072 4704 162 ) (-2980 4704 162 ) 
3 283 287 (-2980 4704 162 ) (-3072 4704 162 ) (-3072 4796 162 ) 
4 283 286 (-2980 4704 162 ) (-3014.125488 4738.125000 162 ) (-3014.125488 4738.125000 222 ) (-2980 4704 222 ) 
4 283 285 (-3016.250244 4740.250000 162 ) (-3063.625000 4787.625000 162 ) (-3063.625000 4787.625000 222 ) (-3016.250244 4740.250000 222 ) 
4 283 284 (-3065.750000 4789.750000 162 ) (-3072 4796 162 ) (-3072 4796 222 ) (-3065.750000 4789.750000 222 ) 
4 284 371 (-3072 4796 222 ) (-3072 4800 222 ) (-3072 4800 162 ) (-3072 4796 162 ) 
4 284 287 (-3072 4800 162 ) (-3063.749756 4791.750000 162 ) (-3065.750244 4789.750000 162 ) (-3072 4796 162 ) 
4 285 287 (-3061.629883 4789.629883 162 ) (-3014.250000 4742.250000 162 ) (-3016.250488 4740.250000 162 ) (-3063.625244 4787.625000 162 ) 
4 286 300 (-2976 4704 162 ) (-2976 4704 222 ) (-2980 4704 222 ) (-2980 4704 162 ) 
4 286 287 (-3012.130127 4740.129883 162 ) (-2976 4704 162 ) (-2980 4704 162 ) (-3014.125244 4738.125000 162 ) 
4 287 371 (-3072 4704 160 ) (-3072 4704 162 ) (-3072 4800 162 ) (-3072 4800 160 ) 
4 287 300 (-2976 4704 160 ) (-2976 4704 162 ) (-3072 4704 162 ) (-3072 4704 160 ) 
3 287 288 (-2984 4704 160 ) (-3072 4704 160 ) (-3072 4792 160 ) 
4 288 376 (-3072 4792 128 ) (-3072 4704 128 ) (-3072 4704 160 ) (-3072 4792 160 ) 
4 288 304 (-3072 4704 128 ) (-2984 4704 128 ) (-2984 4704 160 ) (-3072 4704 160 ) 
4 289 293 (-2689 4704 256 ) (-2689 4704 128 ) (-2689 4640 128 ) (-2689 4640 256 ) 
4 289 291 (-2689 4640 208 ) (-2689 4640 128 ) (-2688 4640 128 ) (-2688 4640 208 ) 
4 289 290 (-2689 4640 256 ) (-2689 4640 208 ) (-2688 4640 208 ) (-2688 4640 256 ) 
4 290 293 (-2689 4576 208 ) (-2689 4576 256 ) (-2689 4640 256 ) (-2689 4640 208 ) 
4 290 292 (-2689 4576 256 ) (-2689 4576 208 ) (-2688 4576 208 ) (-2688 4576 256 ) 
4 290 291 (-2688 4576 208 ) (-2689 4576 208 ) (-2689 4640 208 ) (-2688 4640 208 ) 
4 291 293 (-2689 4640 128 ) (-2689 4576 128 ) (-2689 4576 208 ) (-2689 4640 208 ) 
4 291 292 (-2689 4576 208 ) (-2689 4576 128 ) (-2688 4576 128 ) (-2688 4576 208 ) 
4 292 295 (-2689 4536 128 ) (-2688 4536 128 ) (-2688 4536 256 ) (-2689 4536 256 ) 
4 292 293 (-2689 4576 128 ) (-2689 4536 128 ) (-2689 4536 256 ) (-2689 4576 256 ) 
4 293 295 (-2752 4536 128 ) (-2689 4536 128 ) (-2689 4536 256 ) (-2752 4536 256 ) 
4 293 294 (-2752 4680 128 ) (-2752 4536 128 ) (-2752 4536 256 ) (-2752 4680 256 ) 
4 294 301 (-2776 4680 128 ) (-2776 4536 128 ) (-2776 4536 160 ) (-2776 4680 160 ) 
4 294 296 (-2776 4536 224 ) (-2776 4536 256 ) (-2776 4680 256 ) (-2776 4680 224 ) 
4 294 300 (-2776 4536 160 ) (-2776 4536 224 ) (-2776 4680 224 ) (-2776 4680 160 ) 
4 294 295 (-2760 4536 128 ) (-2752 4536 128 ) (-2752 4536 256 ) (-2760 4536 256 ) 
4 295 305 (-2736 4160 128 ) (-2688 4160 128 ) (-2688 4160 256 ) (-2736 4160 256 ) 
4 296 307 (-2776 4160 224 ) (-2776 4160 240 ) (-2976 4160 240 ) (-2976 4160 224 ) 
4 296 298 (-2976 4512 224 ) (-2976 4160 224 ) (-2976 4160 256 ) (-2976 4512 256 ) 
4 296 300 (-2976 4704 224 ) (-2776 4704 224 ) (-2776 4160 224 ) (-2976 4160 224 ) 
4 297 367 (-3072 4424 256 ) (-3072 4704 256 ) (-3072 4704 224 ) (-3072 4424 224 ) 
4 297 300 (-3072 4704 224 ) (-2984 4704 224 ) (-2984 4512 224 ) (-3072 4424 224 ) 
4 298 299 (-2984 4504 224 ) (-2984 4160 224 ) (-2984 4160 256 ) (-2984 4504 256 ) 
4 298 300 (-2976 4512 224 ) (-2976 4160 224 ) (-2984 4160 224 ) (-2984 4504 224 ) 
4 299 369 (-3072 4384 256 ) (-3072 4392 256 ) (-3072 4392 224 ) (-3072 4384 224 ) 
4 299 368 (-3072 4392 256 ) (-3072 4416 256 ) (-3072 4416 224 ) (-3072 4392 224 ) 
4 299 370 (-3072 4160 224 ) (-3072 4160 256 ) (-3072 4384 256 ) (-3072 4384 224 ) 
4 299 300 (-2984 4160 224 ) (-3072 4160 224 ) (-3072 4416 224 ) (-2984 4504 224 ) 
4 300 371 (-3072 4160 160 ) (-3072 4160 224 ) (-3072 4704 224 ) (-3072 4704 160 ) 
4 300 307 (-2776 4160 160 ) (-2776 4160 224 ) (-2976 4160 224 ) (-2976 4160 160 ) 
4 300 304 (-3072 4704 160 ) (-2984 4704 160 ) (-2984 4512 160 ) (-3072 4424 160 ) 
4 300 303 (-2984 4504 160 ) (-2984 4160 160 ) (-3072 4160 160 ) (-3072 4416 160 ) 
3 300 302 (-2976 4704 160 ) (-2784 4704 160 ) (-2976 4512 160 ) 
5 300 301 (-2784 4704 160 ) (-2776 4704 160 ) (-2776 4160 160 ) (-2984 4160 160 ) (-2984 4504 160 ) 
5 301 321 (-2784 4704 128 ) (-2776 4704 128 ) (-2776 4160 128 ) (-2984 4160 128 ) (-2984 4504 128 ) 
4 301 307 (-2976 4160 128 ) (-2776 4160 128 ) (-2776 4160 160 ) (-2976 4160 160 ) 
4 301 303 (-2984 4160 128 ) (-2984 4160 160 ) (-2984 4504 160 ) (-2984 4504 128 ) 
4 301 302 (-2976 4512 160 ) (-2784 4704 160 ) (-2784 4704 128 ) (-2976 4512 128 ) 
3 302 322 (-2976 4704 128 ) (-2784 4704 128 ) (-2976 4512 128 ) 
4 303 378 (-3072 4392 128 ) (-3072 4160 128 ) (-3072 4160 160 ) (-3072 4392 160 ) 
4 303 377 (-3072 4416 128 ) (-3072 4392 128 ) (-3072 4392 160 ) (-3072 4416 160 ) 
4 303 321 (-3072 4160 128 ) (-3072 4416 128 ) (-2984 4504 128 ) (-2984 4160 128 ) 
4 304 376 (-3072 4704 128 ) (-3072 4424 128 ) (-3072 4424 160 ) (-3072 4704 160 ) 
4 305 535 (-2736 4096 128 ) (-2688 4096 128 ) (-2688 4096 256 ) (-2736 4096 256 ) 
4 306 545 (-2776 4096 128 ) (-2752 4096 128 ) (-2752 4096 256 ) (-2776 4096 256 ) 
4 306 308 (-2776 4112 128 ) (-2776 4096 128 ) (-2776 4096 256 ) (-2776 4112 256 ) 
4 307 308 (-2976 4144 240 ) (-2976 4144 128 ) (-2776 4144 128 ) (-2776 4144 240 ) 
4 308 545 (-2976 4096 128 ) (-2776 4096 128 ) (-2776 4096 256 ) (-2976 4096 256 ) 
4 308 309 (-2976 4112 128 ) (-2976 4096 128 ) (-2976 4096 256 ) (-2976 4112 256 ) 
4 309 546 (-3072 4096 256 ) (-3072 4096 128 ) (-2976 4096 128 ) (-2976 4096 256 ) 
4 309 418 (-3072 4112 128 ) (-3072 4096 128 ) (-3072 4096 256 ) (-3072 4112 256 ) 
4 310 311 (-2700 5040 120 ) (-2740 5040 120 ) (-2740 5088 120 ) (-2700 5088 120 ) 
4 311 324 (-2776 5088 0 ) (-2776 5040 0 ) (-2776 5040 120 ) (-2776 5088 120 ) 
4 311 312 (-2776 5040 120 ) (-2776 5040 0 ) (-2688 5040 0 ) (-2688 5040 120 ) 
4 312 324 (-2776 5040 0 ) (-2776 4912 0 ) (-2776 4912 120 ) (-2776 5040 120 ) 
4 312 313 (-2752 4912 0 ) (-2688 4912 0 ) (-2688 4912 120 ) (-2752 4912 120 ) 
4 313 316 (-2752 4680 0 ) (-2688 4680 0 ) (-2688 4680 112 ) (-2752 4680 112 ) 
4 313 315 (-2688 4680 112 ) (-2688 4680 120 ) (-2752 4680 120 ) (-2752 4680 112 ) 
4 313 314 (-2752 4888 0 ) (-2752 4704 0 ) (-2752 4704 120 ) (-2752 4888 120 ) 
4 314 324 (-2776 4888 0 ) (-2776 4704 0 ) (-2776 4704 120 ) (-2776 4888 120 ) 
4 315 324 (-2776 4680 120 ) (-2776 4680 112 ) (-2776 4536 112 ) (-2776 4536 120 ) 
4 315 317 (-2776 4536 112 ) (-2776 4680 112 ) (-2752 4680 112 ) (-2752 4536 112 ) 
4 315 316 (-2752 4680 112 ) (-2688 4680 112 ) (-2688 4536 112 ) (-2752 4536 112 ) 
4 316 317 (-2752 4536 112 ) (-2752 4680 112 ) (-2752 4680 0 ) (-2752 4536 0 ) 
4 317 324 (-2776 4680 0 ) (-2776 4536 0 ) (-2776 4536 112 ) (-2776 4680 112 ) 
4 318 572 (-2776 4096 112 ) (-2776 4096 0 ) (-2752 4096 0 ) (-2752 4096 112 ) 
4 318 333 (-2776 4128 0 ) (-2776 4096 0 ) (-2776 4096 112 ) (-2776 4128 112 ) 
4 319 324 (-2976 5088 0 ) (-2784 5088 0 ) (-2784 5088 120 ) (-2976 5088 120 ) 
4 319 320 (-2976 5108 0 ) (-2976 5096 0 ) (-2976 5096 128 ) (-2976 5108 128 ) 
4 321 430 (-3072 4160 120 ) (-3072 4160 128 ) (-3072 4416 128 ) (-3072 4416 120 ) 
4 321 332 (-3008 4160 120 ) (-3072 4160 120 ) (-3072 4416 120 ) (-3008 4480 120 ) 
4 321 324 (-2776 4160 120 ) (-3008 4160 120 ) (-3008 4480 120 ) (-2776 4712 120 ) 
4 321 322 (-2776 4712 128 ) (-2776 4712 120 ) (-2976 4512 120 ) (-2976 4512 128 ) 
4 322 324 (-2976 5000 120 ) (-2776 5000 120 ) (-2776 4712 120 ) (-2976 4512 120 ) 
4 322 323 (-2976 5000 128 ) (-2976 5000 120 ) (-2976 4704 120 ) (-2976 4704 128 ) 
4 323 422 (-3072 4800 128 ) (-3072 4832 128 ) (-3072 4832 120 ) (-3072 4800 120 ) 
4 323 421 (-3072 4832 128 ) (-3072 5000 128 ) (-3072 5000 120 ) (-3072 4832 120 ) 
4 323 329 (-3072 4800 120 ) (-3072 5000 120 ) (-3008 5000 120 ) (-3008 4736 120 ) 
4 323 324 (-3008 5000 120 ) (-2976 5000 120 ) (-2976 4704 120 ) (-3008 4736 120 ) 
4 324 337 (-2912 4224 0 ) (-2912 4352 0 ) (-2784 4352 0 ) (-2784 4224 0 ) 
4 324 335 (-3008 4160 0 ) (-2976 4160 0 ) (-2976 4160 0.312500 ) (-3008 4160 0.312500 ) 
4 324 334 (-2976 4160 0 ) (-2784 4160 0 ) (-2784 4160 112 ) (-2976 4160 112 ) 
4 324 332 (-3008 4160 0 ) (-3008 4160 120 ) (-3008 4512 120 ) (-3008 4512 0 ) 
4 324 329 (-3008 4704 120 ) (-3008 5000 120 ) (-3008 5000 0 ) (-3008 4704 0 ) 
4 324 330 (-3008 4528 120 ) (-3008 4688 120 ) (-3008 4688 0 ) (-3008 4528 0 ) 
4 324 325 (-3008 5000 120 ) (-3008 5088 120 ) (-3008 5088 0 ) (-3008 5000 0 ) 
4 325 329 (-3032 5000 0 ) (-3008 5000 0 ) (-3008 5000 120 ) (-3032 5000 120 ) 
4 325 326 (-3032 5024 120 ) (-3032 5088 120 ) (-3032 5088 0 ) (-3032 5024 0 ) 
4 326 327 (-3056 5024 120 ) (-3056 5088 120 ) (-3056 5088 0 ) (-3056 5024 0 ) 
4 327 423 (-3072 5088 0 ) (-3072 5000 0 ) (-3072 5000 120 ) (-3072 5088 120 ) 
4 327 329 (-3072 5000 0 ) (-3056 5000 0 ) (-3056 5000 120 ) (-3072 5000 120 ) 
4 328 424 (-3072 4744 0 ) (-3072 4688 0 ) (-3072 4688 120 ) (-3072 4744 120 ) 
4 328 330 (-3072 4688 0 ) (-3016 4688 0 ) (-3016 4688 120 ) (-3072 4688 120 ) 
4 329 426 (-3072 4800 0 ) (-3072 4768 0 ) (-3072 4768 120 ) (-3072 4800 120 ) 
4 329 423 (-3072 5000 0 ) (-3072 4800 0 ) (-3072 4800 120 ) (-3072 5000 120 ) 
4 330 424 (-3072 4688 0 ) (-3072 4528 0 ) (-3072 4528 120 ) (-3072 4688 120 ) 
4 330 331 (-3072 4528 0 ) (-3016 4528 0 ) (-3016 4528 120 ) (-3072 4528 120 ) 
4 331 424 (-3072 4528 0 ) (-3072 4472 0 ) (-3072 4472 120 ) (-3072 4528 120 ) 
4 332 432 (-3072 4416 0 ) (-3072 4160 0 ) (-3072 4160 120 ) (-3072 4416 120 ) 
4 332 425 (-3072 4448 0 ) (-3072 4416 0 ) (-3072 4416 120 ) (-3072 4448 120 ) 
4 332 336 (-3072 4160 0 ) (-3008 4160 0 ) (-3008 4160 112 ) (-3072 4160 112 ) 
4 333 572 (-2784 4096 0 ) (-2776 4096 0 ) (-2776 4096 112 ) (-2784 4096 112 ) 
4 333 334 (-2784 4096 112 ) (-2784 4128 112 ) (-2784 4128 0 ) (-2784 4096 0 ) 
4 334 572 (-2976 4096 112 ) (-2976 4096 0 ) (-2784 4096 0 ) (-2784 4096 112 ) 
4 334 335 (-2976 4160 0.312500 ) (-2976 4160 0 ) (-2976 4096 0 ) (-2976 4096 0.312500 ) 
4 335 589 (-3008 4096 0.312500 ) (-3008 4096 0 ) (-2984 4096 0 ) (-2984 4096 0.312500 ) 
4 335 576 (-2984 4096 0 ) (-2976 4096 0 ) (-2976 4096 0.312500 ) (-2984 4096 0.312500 ) 
4 335 336 (-3008 4160 0.312500 ) (-3008 4160 0 ) (-3008 4096 0 ) (-3008 4096 0.312500 ) 
4 336 601 (-3072 4096 112 ) (-3072 4096 0 ) (-3008 4096 0 ) (-3008 4096 112 ) 
4 336 504 (-3072 4144 0 ) (-3072 4096 0 ) (-3072 4096 112 ) (-3072 4144 112 ) 
4 336 502 (-3072 4160 0 ) (-3072 4144 0 ) (-3072 4144 108 ) (-3072 4160 108 ) 
4 336 501 (-3072 4144 108 ) (-3072 4144 112 ) (-3072 4160 112 ) (-3072 4160 108 ) 
4 338 360 (-3072 5088 256 ) (-3072 4912 256 ) (-3200 4912 256 ) (-3200 5088 256 ) 
4 338 339 (-3200 4912 360 ) (-3200 4912 256 ) (-3072 4912 256 ) (-3072 4912 360 ) 
4 339 360 (-3072 4912 256 ) (-3072 4888 256 ) (-3200 4888 256 ) (-3200 4912 256 ) 
4 339 340 (-3200 4888 360 ) (-3200 4888 256 ) (-3072 4888 256 ) (-3072 4888 360 ) 
4 340 360 (-3072 4888 256 ) (-3072 4832 256 ) (-3200 4832 256 ) (-3200 4888 256 ) 
4 340 341 (-3104 4832 256 ) (-3072 4832 256 ) (-3072 4832 384 ) (-3104 4832 384 ) 
3 341 366 (-3072 4824 256 ) (-3072 4800 256 ) (-3096 4824 256 ) 
4 341 364 (-3072 4832 256 ) (-3072 4824 256 ) (-3096 4824 256 ) (-3104 4832 256 ) 
4 342 369 (-3072 4392 256 ) (-3072 4384 256 ) (-3104 4384 256 ) (-3096 4392 256 ) 
3 342 368 (-3072 4416 256 ) (-3072 4392 256 ) (-3096 4392 256 ) 
4 342 343 (-3104 4384 256 ) (-3072 4384 256 ) (-3072 4384 384 ) (-3104 4384 384 ) 
4 343 382 (-3248 4160 256 ) (-3264 4160 256 ) (-3264 4384 256 ) (-3248 4384 256 ) 
4 343 370 (-3072 4384 256 ) (-3072 4160 256 ) (-3248 4160 256 ) (-3248 4384 256 ) 
11 343 344 (-3264 4368 256 ) (-3264 4176 256 ) (-3264 4181 286.001129 ) (-3264 4194 311.998718 ) (-3264 4216 334 ) (-3264 4240 347 ) (-3264 4272 352 ) (-3264 4304 347 ) (-3264 4328 334 ) (-3264 4350 312 ) (-3264 4363 286.001068 ) 
4 344 383 (-3264 4368 256 ) (-3264 4176 256 ) (-3280 4176 256 ) (-3280 4368 256 ) 
5 344 355 (-3280 4216 256 ) (-3280 4176 256 ) (-3280 4181 286.001129 ) (-3280 4194 311.998718 ) (-3280 4216 334 ) 
8 344 346 (-3280 4328 256 ) (-3280 4216 256 ) (-3280 4216 334 ) (-3280 4216.004883 334.004761 ) (-3280 4239.994629 347 ) (-3280 4272 352 ) (-3280 4304 347 ) (-3280 4328 334 ) 
5 344 345 (-3280 4368 256 ) (-3280 4328 256 ) (-3280 4328 334 ) (-3280 4350 312 ) (-3280 4363 286.001068 ) 
6 345 675 (-4096 4384 256 ) (-4096 4328 256 ) (-4096 4328 614.062012 ) (-4096 4366 584 ) (-4096 4379 557.998047 ) (-4096 4384 528.003723 ) 
4 345 415 (-4096 4328 256 ) (-4096 4384 256 ) (-3904 4384 256 ) (-3904 4328 256 ) 
4 345 408 (-3624 4384 256 ) (-3568 4384 256 ) (-3568 4328 256 ) (-3624 4328 256 ) 
4 345 407 (-3568 4384 256 ) (-3520 4384 256 ) (-3520 4328 256 ) (-3568 4328 256 ) 
4 345 411 (-3904 4384 256 ) (-3624 4384 256 ) (-3624 4328 256 ) (-3904 4328 256 ) 
4 345 401 (-3520 4384 256 ) (-3456 4384 256 ) (-3456 4328 256 ) (-3520 4328 256 ) 
4 345 384 (-3456 4384 256 ) (-3280 4384 256 ) (-3280 4328 256 ) (-3456 4328 256 ) 
4 345 354 (-4096 4328 256 ) (-4000 4328 256 ) (-4000 4328 614.061951 ) (-4096 4328 614.061951 ) 
4 345 353 (-4000 4328 256 ) (-3936 4328 256 ) (-3936 4328 614.061951 ) (-4000 4328 614.061951 ) 
4 345 352 (-3936 4328 256 ) (-3808 4328 256 ) (-3808 4328 614.061951 ) (-3936 4328 614.061951 ) 
4 345 351 (-3808 4328 256 ) (-3744 4328 256 ) (-3744 4328 614.061951 ) (-3808 4328 614.061951 ) 
4 345 350 (-3744 4328 256 ) (-3616 4328 256 ) (-3616 4328 614.061951 ) (-3744 4328 614.061951 ) 
4 345 349 (-3616 4328 256 ) (-3552 4328 256 ) (-3552 4328 614.061951 ) (-3616 4328 614.061951 ) 
4 345 348 (-3552 4328 256 ) (-3424 4328 256 ) (-3424 4328 614.062012 ) (-3552 4328 614.061951 ) 
4 345 347 (-3424 4328 256 ) (-3360 4328 256 ) (-3360 4328 614.062012 ) (-3424 4328 614.062012 ) 
4 345 346 (-3360 4328 256 ) (-3280 4328 256 ) (-3280 4328 614.062012 ) (-3360 4328 614.062012 ) 
4 346 384 (-3360 4328 256 ) (-3280 4328 256 ) (-3280 4216 256 ) (-3360 4216 256 ) 
4 346 355 (-3360 4216 256 ) (-3280 4216 256 ) (-3280 4216 614.067688 ) (-3360 4216 614.066650 ) 
7 346 347 (-3360 4328 614.062012 ) (-3360 4328 256 ) (-3360 4216 256 ) (-3360 4216 614.066650 ) (-3360 4239.965332 623.064575 ) (-3360 4272 628.073914 ) (-3360 4304.009277 623.068481 ) 
4 347 384 (-3424 4328 256 ) (-3360 4328 256 ) (-3360 4216 256 ) (-3424 4216 256 ) 
4 347 355 (-3424 4216 256 ) (-3360 4216 256 ) (-3360 4216 614.062134 ) (-3424 4216 614.062134 ) 
7 347 348 (-3424 4328 614.059814 ) (-3424 4328 256 ) (-3424 4216 256 ) (-3424 4216 614.062134 ) (-3424 4239.985840 623.067749 ) (-3424 4272 628.073975 ) (-3424 4303.998535 623.070251 ) 
4 348 407 (-3552 4328 256 ) (-3520 4328 256 ) (-3520 4216 256 ) (-3552 4216 256 ) 
4 348 401 (-3520 4328 256 ) (-3456 4328 256 ) (-3456 4216 256 ) (-3520 4216 256 ) 
4 348 384 (-3456 4328 256 ) (-3424 4328 256 ) (-3424 4216 256 ) (-3456 4216 256 ) 
4 348 355 (-3552 4216 256 ) (-3424 4216 256 ) (-3424 4216 614.062134 ) (-3552 4216 614.061096 ) 
7 348 349 (-3552 4328 614.061890 ) (-3552 4328 256 ) (-3552 4216 256 ) (-3552 4216 614.061157 ) (-3552 4239.990234 623.068481 ) (-3552 4272 628.074036 ) (-3552 4304.008789 623.068665 ) 
4 349 408 (-3616 4328 256 ) (-3568 4328 256 ) (-3568 4216 256 ) (-3616 4216 256 ) 
4 349 407 (-3568 4328 256 ) (-3552 4328 256 ) (-3552 4216 256 ) (-3568 4216 256 ) 
4 349 355 (-3616 4216 256 ) (-3552 4216 256 ) (-3552 4216 614.062134 ) (-3616 4216 614.062134 ) 
7 349 350 (-3616 4328 614.062805 ) (-3616 4328 256 ) (-3616 4216 256 ) (-3616 4216 614.060547 ) (-3616 4239.993164 623.068909 ) (-3616 4272 628.073975 ) (-3616 4304.012695 623.068054 ) 
4 350 408 (-3624 4328 256 ) (-3616 4328 256 ) (-3616 4216 256 ) (-3624 4216 256 ) 
4 350 411 (-3744 4328 256 ) (-3624 4328 256 ) (-3624 4216 256 ) (-3744 4216 256 ) 
4 350 355 (-3744 4216 256 ) (-3616 4216 256 ) (-3616 4216 614.060608 ) (-3744 4216 614.059692 ) 
7 350 351 (-3744 4328 614.064941 ) (-3744 4328 256 ) (-3744 4216 256 ) (-3744 4216 614.059692 ) (-3744 4239.996582 623.069458 ) (-3744 4272 628.073975 ) (-3744 4304.022461 623.066467 ) 
4 351 411 (-3808 4328 256 ) (-3744 4328 256 ) (-3744 4216 256 ) (-3808 4216 256 ) 
4 351 355 (-3808 4216 256 ) (-3744 4216 256 ) (-3744 4216 614.062134 ) (-3808 4216 614.062073 ) 
7 351 352 (-3808 4328 614.065918 ) (-3808 4328 256 ) (-3808 4216 256 ) (-3808 4216 614.059204 ) (-3808 4240 623.069885 ) (-3808 4272 628.073914 ) (-3808 4304.027344 623.065674 ) 
4 352 415 (-3936 4328 256 ) (-3904 4328 256 ) (-3904 4216 256 ) (-3936 4216 256 ) 
4 352 411 (-3904 4328 256 ) (-3808 4328 256 ) (-3808 4216 256 ) (-3904 4216 256 ) 
4 352 355 (-3936 4216 256 ) (-3808 4216 256 ) (-3808 4216 614.059204 ) (-3936 4216 614.058228 ) 
7 352 353 (-3936 4328 614.067932 ) (-3936 4328 256 ) (-3936 4216 256 ) (-3936 4216 614.058228 ) (-3936 4240.003906 623.070618 ) (-3936 4272 628.073975 ) (-3936 4304.036621 623.064270 ) 
4 353 415 (-4000 4328 256 ) (-3936 4328 256 ) (-3936 4216 256 ) (-4000 4216 256 ) 
4 353 355 (-4000 4216 256 ) (-3936 4216 256 ) (-3936 4216 614.062134 ) (-4000 4216 614.062073 ) 
7 353 354 (-4000 4328 614.069031 ) (-4000 4328 256 ) (-4000 4216 256 ) (-4000 4216 614.057739 ) (-4000 4240.005859 623.070923 ) (-4000 4272 628.073975 ) (-4000 4304.041016 623.063660 ) 
7 354 676 (-4096 4328 256 ) (-4096 4216 256 ) (-4096 4216 614.056885 ) (-4096 4240.009766 623.071472 ) (-4096 4272 628.073975 ) (-4096 4304.047363 623.062622 ) (-4096 4328 614.070496 ) 
4 354 415 (-4096 4216 256 ) (-4096 4328 256 ) (-4000 4328 256 ) (-4000 4216 256 ) 
4 354 355 (-4096 4216 614.056946 ) (-4096 4216 256 ) (-4000 4216 256 ) (-4000 4216 614.057739 ) 
6 355 677 (-4096 4216 256 ) (-4096 4160 256 ) (-4096 4160 528 ) (-4096 4165 558 ) (-4096 4178 584 ) (-4096 4216 614.061951 ) 
4 355 415 (-4096 4160 256 ) (-4096 4216 256 ) (-3904 4216 256 ) (-3904 4160 256 ) 
4 355 409 (-3568 4164 256 ) (-3568 4161 256 ) (-3624 4161 256 ) (-3624 4164 256 ) 
4 355 408 (-3624 4216 256 ) (-3568 4216 256 ) (-3568 4164 256 ) (-3624 4164 256 ) 
4 355 410 (-3568 4161 256 ) (-3568 4160 256 ) (-3624 4160 256 ) (-3624 4161 256 ) 
4 355 407 (-3568 4216 256 ) (-3520 4216 256 ) (-3520 4160 256 ) (-3568 4160 256 ) 
4 355 411 (-3904 4216 256 ) (-3624 4216 256 ) (-3624 4160 256 ) (-3904 4160 256 ) 
4 355 401 (-3520 4216 256 ) (-3456 4216 256 ) (-3456 4160 256 ) (-3520 4160 256 ) 
4 355 384 (-3456 4216 256 ) (-3280 4216 256 ) (-3280 4160 256 ) (-3456 4160 256 ) 
4 356 623 (-3456 4096 389.818085 ) (-3328 4096 389.834167 ) (-3328 4096 448 ) (-3456 4096 448 ) 
4 357 628 (-3328 4096 301.809021 ) (-3328 4096 325.818359 ) (-3344 4096 349.818115 ) (-3368.001709 4096 361.816956 ) 
9 357 624 (-3456 4096 256 ) (-3328 4096 256 ) (-3328 4096 301.809021 ) (-3368.001709 4096 361.816956 ) (-3368.006836 4096 361.819489 ) (-3391.992920 4096 365.815216 ) (-3416.006836 4096 361.814880 ) (-3440.001953 4096 349.815308 ) (-3456 4096 325.818054 ) 
4 357 419 (-3328 4096 256 ) (-3456 4096 256 ) (-3456 4144 256 ) (-3328 4144 256 ) 
9 358 631 (-3600 4096 325.818146 ) (-3600 4096 256 ) (-3472 4096 256 ) (-3472 4096 325.818481 ) (-3488.003662 4096 349.820160 ) (-3512.018311 4096 361.825470 ) (-3535.993164 4096 365.817230 ) (-3560.014404 4096 361.817749 ) (-3584 4096 349.823303 ) 
4 358 420 (-3472 4096 256 ) (-3600 4096 256 ) (-3600 4144 256 ) (-3472 4144 256 ) 
4 359 362 (-3440 5088 128 ) (-3344 5088 128 ) (-3344 5088 254 ) (-3440 5088 254 ) 
4 360 421 (-3072 5000 128 ) (-3072 4832 128 ) (-3200 4832 128 ) (-3200 5000 128 ) 
4 360 375 (-3104 4832 128 ) (-3072 4832 128 ) (-3072 4832 160 ) (-3104 4832 160 ) 
4 360 371 (-3072 4832 160 ) (-3072 4832 224 ) (-3168 4832 224 ) (-3168 4832 160 ) 
4 360 364 (-3072 4832 224 ) (-3072 4832 256 ) (-3104 4832 256 ) (-3104 4832 224 ) 
4 360 361 (-3200 5080 128 ) (-3200 5008 128 ) (-3200 5008 256 ) (-3200 5080 256 ) 
4 361 362 (-3216 5080 128 ) (-3216 5008 128 ) (-3216 5008 256 ) (-3216 5080 256 ) 
4 362 363 (-3456 5000 256 ) (-3456 5000 128 ) (-3328 5000 128 ) (-3328 5000 256 ) 
4 363 380 (-3456 4832 256 ) (-3456 4832 128 ) (-3328 4832 128 ) (-3328 4832 256 ) 
4 364 371 (-3104 4832 224 ) (-3072 4832 224 ) (-3072 4824 224 ) (-3096 4824 224 ) 
4 364 366 (-3096 4824 224 ) (-3072 4824 224 ) (-3072 4824 256 ) (-3096 4824 256 ) 
4 365 372 (-3168 4800 224 ) (-3200 4800 224 ) (-3200 4824 224 ) (-3168 4824 224 ) 
4 365 371 (-3080 4800 224 ) (-3168 4800 224 ) (-3168 4824 224 ) (-3104 4824 224 ) 
4 365 367 (-3200 4800 224 ) (-3080 4800 224 ) (-3080 4800 256 ) (-3200 4800 256 ) 
3 366 371 (-3072 4824 224 ) (-3072 4800 224 ) (-3096 4824 224 ) 
4 367 381 (-3248 4800 224 ) (-3248 4432 224 ) (-3248 4432 256 ) (-3248 4800 256 ) 
4 367 373 (-3248 4392 224 ) (-3248 4800 224 ) (-3200 4800 224 ) (-3200 4392 224 ) 
4 367 372 (-3200 4800 224 ) (-3168 4800 224 ) (-3168 4392 224 ) (-3200 4392 224 ) 
6 367 371 (-3168 4800 224 ) (-3080 4800 224 ) (-3072 4792 224 ) (-3072 4424 224 ) (-3104 4392 224 ) (-3168 4392 224 ) 
3 368 371 (-3072 4416 224 ) (-3072 4392 224 ) (-3096 4392 224 ) 
4 368 369 (-3096 4392 224 ) (-3072 4392 224 ) (-3072 4392 256 ) (-3096 4392 256 ) 
4 369 371 (-3072 4392 224 ) (-3072 4384 224 ) (-3104 4384 224 ) (-3096 4392 224 ) 
4 369 370 (-3104 4384 224 ) (-3072 4384 224 ) (-3072 4384 256 ) (-3104 4384 256 ) 
4 370 382 (-3248 4384 224 ) (-3248 4160 224 ) (-3248 4160 256 ) (-3248 4384 256 ) 
4 370 373 (-3200 4160 224 ) (-3248 4160 224 ) (-3248 4384 224 ) (-3200 4384 224 ) 
4 370 372 (-3168 4160 224 ) (-3200 4160 224 ) (-3200 4384 224 ) (-3168 4384 224 ) 
4 370 371 (-3072 4160 224 ) (-3168 4160 224 ) (-3168 4384 224 ) (-3072 4384 224 ) 
3 371 379 (-3168 4320 160 ) (-3168 4384 160 ) (-3104 4384 160 ) 
5 371 378 (-3072 4160 160 ) (-3168 4160 160 ) (-3168 4320 160 ) (-3096 4392 160 ) (-3072 4392 160 ) 
3 371 377 (-3072 4416 160 ) (-3072 4392 160 ) (-3096 4392 160 ) 
6 371 376 (-3168 4392 160 ) (-3168 4800 160 ) (-3080 4800 160 ) (-3072 4792 160 ) (-3072 4424 160 ) (-3104 4392 160 ) 
3 371 375 (-3104 4832 160 ) (-3072 4832 160 ) (-3072 4800 160 ) 
4 371 374 (-3168 4800 160 ) (-3168 4824 160 ) (-3104 4824 160 ) (-3080 4800 160 ) 
4 371 372 (-3168 4824 160 ) (-3168 4160 160 ) (-3168 4160 224 ) (-3168 4824 224 ) 
4 372 379 (-3200 4288 160 ) (-3200 4384 160 ) (-3168 4384 160 ) (-3168 4320 160 ) 
4 372 378 (-3168 4160 160 ) (-3200 4160 160 ) (-3200 4288 160 ) (-3168 4320 160 ) 
4 372 376 (-3200 4392 160 ) (-3200 4800 160 ) (-3168 4800 160 ) (-3168 4392 160 ) 
4 372 374 (-3200 4800 160 ) (-3200 4824 160 ) (-3168 4824 160 ) (-3168 4800 160 ) 
4 372 373 (-3200 4800 160 ) (-3200 4160 160 ) (-3200 4160 224 ) (-3200 4800 224 ) 
4 373 382 (-3248 4384 160 ) (-3248 4160 160 ) (-3248 4160 224 ) (-3248 4384 224 ) 
4 373 381 (-3248 4800 160 ) (-3248 4432 160 ) (-3248 4432 224 ) (-3248 4800 224 ) 
4 373 379 (-3248 4240 160 ) (-3248 4384 160 ) (-3200 4384 160 ) (-3200 4288 160 ) 
4 373 378 (-3200 4160 160 ) (-3248 4160 160 ) (-3248 4240 160 ) (-3200 4288 160 ) 
4 373 376 (-3248 4392 160 ) (-3248 4800 160 ) (-3200 4800 160 ) (-3200 4392 160 ) 
4 374 376 (-3080 4800 160 ) (-3200 4800 160 ) (-3200 4800 128 ) (-3080 4800 128 ) 
3 375 422 (-3072 4832 128 ) (-3072 4800 128 ) (-3104 4832 128 ) 
4 376 381 (-3248 4800 128 ) (-3248 4432 128 ) (-3248 4432 160 ) (-3248 4800 160 ) 
3 377 430 (-3072 4416 128 ) (-3072 4392 128 ) (-3096 4392 128 ) 
4 377 378 (-3072 4392 160 ) (-3096 4392 160 ) (-3096 4392 128 ) (-3072 4392 128 ) 
5 378 430 (-3072 4392 128 ) (-3072 4160 128 ) (-3248 4160 128 ) (-3248 4240 128 ) (-3096 4392 128 ) 
4 378 382 (-3248 4240 128 ) (-3248 4160 128 ) (-3248 4160 160 ) (-3248 4240 160 ) 
4 378 379 (-3103.998047 4384 128 ) (-3248 4239.996094 128 ) (-3248 4239.996094 160 ) (-3103.998047 4384 160 ) 
3 379 431 (-3248 4240 128 ) (-3248 4384 128 ) (-3104 4384 128 ) 
4 379 382 (-3248 4384 128 ) (-3248 4240 128 ) (-3248 4240 160 ) (-3248 4384 160 ) 
4 380 381 (-3456 4800 256 ) (-3456 4800 128 ) (-3328 4800 128 ) (-3328 4800 256 ) 
4 381 400 (-3456 4544 128 ) (-3456 4432 128 ) (-3456 4432 256 ) (-3456 4544 256 ) 
4 381 385 (-3456 4704 128 ) (-3456 4608 128 ) (-3456 4608 256 ) (-3456 4704 256 ) 
4 382 431 (-3264 4224 128 ) (-3264 4384 128 ) (-3248 4384 128 ) (-3248 4240 128 ) 
4 382 430 (-3248 4160 128 ) (-3264 4160 128 ) (-3264 4224 128 ) (-3248 4240 128 ) 
4 382 383 (-3264 4368 128 ) (-3264 4176 128 ) (-3264 4176 256 ) (-3264 4368 256 ) 
4 383 436 (-3280 4176 128 ) (-3280 4368 128 ) (-3264 4368 128 ) (-3264 4176 128 ) 
4 383 384 (-3280 4368 128 ) (-3280 4176 128 ) (-3280 4176 256 ) (-3280 4368 256 ) 
4 384 439 (-3456 4224 128 ) (-3456 4312 128 ) (-3280 4312 128 ) (-3280 4224 128 ) 
4 384 416 (-3456 4160 128 ) (-3328 4160 128 ) (-3328 4160 236 ) (-3456 4160 236 ) 
4 384 401 (-3456 4384 128 ) (-3456 4160 128 ) (-3456 4160 256 ) (-3456 4384 256 ) 
4 385 394 (-3492 4610 162 ) (-3492 4610 173 ) (-3492 4702 173 ) (-3492 4702 162 ) 
4 385 397 (-3492 4702 160 ) (-3492 4610 160 ) (-3492 4610 162 ) (-3492 4702 162 ) 
4 385 393 (-3492 4704 173 ) (-3492 4704 160 ) (-3492 4702 160 ) (-3492 4702 173 ) 
4 385 398 (-3492 4610 160 ) (-3492 4608 160 ) (-3492 4608 173 ) (-3492 4610 173 ) 
4 385 388 (-3492 4610 174 ) (-3492 4610 222 ) (-3492 4702 222 ) (-3492 4702 174 ) 
4 385 391 (-3492 4702 173 ) (-3492 4610 173 ) (-3492 4610 174 ) (-3492 4702 174 ) 
4 385 387 (-3492 4704 222 ) (-3492 4704 173 ) (-3492 4702 173 ) (-3492 4702 222 ) 
4 385 392 (-3492 4610 173 ) (-3492 4608 173 ) (-3492 4608 222 ) (-3492 4610 222 ) 
4 385 386 (-3492 4704 224 ) (-3492 4704 222 ) (-3492 4608 222 ) (-3492 4608 224 ) 
4 386 389 (-3494 4702 222 ) (-3493 4702 222 ) (-3493 4610 222 ) (-3494 4610 222 ) 
4 386 388 (-3493 4702 222 ) (-3492 4702 222 ) (-3492 4610 222 ) (-3493 4610 222 ) 
4 386 390 (-3500 4610 222 ) (-3500 4702 222 ) (-3494 4702 222 ) (-3494 4610 222 ) 
4 386 387 (-3500 4702 222 ) (-3500 4704 222 ) (-3492 4704 222 ) (-3492 4702 222 ) 
4 386 392 (-3500 4608 222 ) (-3500 4610 222 ) (-3492 4610 222 ) (-3492 4608 222 ) 
4 386 399 (-3500 4704 224 ) (-3500 4704 222 ) (-3500 4608 222 ) (-3500 4608 224 ) 
4 387 393 (-3500 4702 173 ) (-3500 4704 173 ) (-3492 4704 173 ) (-3492 4702 173 ) 
4 387 389 (-3493 4702 222 ) (-3494 4702 222 ) (-3494 4702 174 ) (-3493 4702 174 ) 
4 387 388 (-3492 4702 174 ) (-3492 4702 222 ) (-3493 4702 222 ) (-3493 4702 174 ) 
4 387 390 (-3494 4702 222 ) (-3500 4702 222 ) (-3500 4702 174 ) (-3494 4702 174 ) 
4 387 391 (-3500 4702 173 ) (-3492 4702 173 ) (-3492 4702 174 ) (-3500 4702 174 ) 
4 387 399 (-3500 4704 222 ) (-3500 4704 173 ) (-3500 4702 173 ) (-3500 4702 222 ) 
4 388 392 (-3492 4610 174 ) (-3492 4610 222 ) (-3493 4610 222 ) (-3493 4610 174 ) 
4 388 391 (-3492 4610 174 ) (-3493 4610 174 ) (-3493 4702 174 ) (-3492 4702 174 ) 
4 388 389 (-3493 4702 222 ) (-3493 4702 174 ) (-3493 4610 174 ) (-3493 4610 222 ) 
4 389 390 (-3494 4702 222 ) (-3494 4702 174 ) (-3494 4610 174 ) (-3494 4610 222 ) 
4 389 392 (-3493 4610 222 ) (-3494 4610 222 ) (-3494 4610 174 ) (-3493 4610 174 ) 
4 389 391 (-3493 4610 174 ) (-3494 4610 174 ) (-3494 4702 174 ) (-3493 4702 174 ) 
4 390 391 (-3494 4610 174 ) (-3500 4610 174 ) (-3500 4702 174 ) (-3494 4702 174 ) 
4 390 392 (-3494 4610 222 ) (-3500 4610 222 ) (-3500 4610 174 ) (-3494 4610 174 ) 
4 390 399 (-3500 4610 174 ) (-3500 4610 222 ) (-3500 4702 222 ) (-3500 4702 174 ) 
4 391 395 (-3494 4702 173 ) (-3493 4702 173 ) (-3493 4610 173 ) (-3494 4610 173 ) 
4 391 394 (-3493 4702 173 ) (-3492 4702 173 ) (-3492 4610 173 ) (-3493 4610 173 ) 
4 391 396 (-3500 4610 173 ) (-3500 4702 173 ) (-3494 4702 173 ) (-3494 4610 173 ) 
4 391 399 (-3500 4702 173 ) (-3500 4610 173 ) (-3500 4610 174 ) (-3500 4702 174 ) 
4 391 392 (-3500 4610 173 ) (-3492 4610 173 ) (-3492 4610 174 ) (-3500 4610 174 ) 
4 392 398 (-3500 4608 173 ) (-3500 4610 173 ) (-3492 4610 173 ) (-3492 4608 173 ) 
4 392 399 (-3500 4610 173 ) (-3500 4608 173 ) (-3500 4608 222 ) (-3500 4610 222 ) 
4 393 395 (-3493 4702 173 ) (-3494 4702 173 ) (-3494 4702 162 ) (-3493 4702 162 ) 
4 393 394 (-3492 4702 162 ) (-3492 4702 173 ) (-3493 4702 173 ) (-3493 4702 162 ) 
4 393 396 (-3494 4702 173 ) (-3500 4702 173 ) (-3500 4702 162 ) (-3494 4702 162 ) 
4 393 397 (-3500 4702 160 ) (-3492 4702 160 ) (-3492 4702 162 ) (-3500 4702 162 ) 
4 393 399 (-3500 4704 173 ) (-3500 4704 160 ) (-3500 4702 160 ) (-3500 4702 173 ) 
4 394 398 (-3492 4610 162 ) (-3492 4610 173 ) (-3493 4610 173 ) (-3493 4610 162 ) 
4 394 397 (-3492 4610 162 ) (-3493 4610 162 ) (-3493 4702 162 ) (-3492 4702 162 ) 
4 394 395 (-3493 4702 173 ) (-3493 4702 162 ) (-3493 4610 162 ) (-3493 4610 173 ) 
4 395 396 (-3494 4702 173 ) (-3494 4702 162 ) (-3494 4610 162 ) (-3494 4610 173 ) 
4 395 398 (-3493 4610 173 ) (-3494 4610 173 ) (-3494 4610 162 ) (-3493 4610 162 ) 
4 395 397 (-3493 4610 162 ) (-3494 4610 162 ) (-3494 4702 162 ) (-3493 4702 162 ) 
4 396 397 (-3494 4610 162 ) (-3500 4610 162 ) (-3500 4702 162 ) (-3494 4702 162 ) 
4 396 398 (-3494 4610 173 ) (-3500 4610 173 ) (-3500 4610 162 ) (-3494 4610 162 ) 
4 396 399 (-3500 4610 162 ) (-3500 4610 173 ) (-3500 4702 173 ) (-3500 4702 162 ) 
4 397 399 (-3500 4702 160 ) (-3500 4610 160 ) (-3500 4610 162 ) (-3500 4702 162 ) 
4 397 398 (-3500 4610 160 ) (-3492 4610 160 ) (-3492 4610 162 ) (-3500 4610 162 ) 
4 398 399 (-3500 4610 160 ) (-3500 4608 160 ) (-3500 4608 173 ) (-3500 4610 173 ) 
4 399 402 (-3520 4704 128 ) (-3520 4608 128 ) (-3520 4608 256 ) (-3520 4704 256 ) 
4 400 402 (-3520 4544 128 ) (-3520 4432 128 ) (-3520 4432 256 ) (-3520 4544 256 ) 
4 401 439 (-3456 4312 128 ) (-3456 4224 128 ) (-3520 4224 128 ) (-3520 4312 128 ) 
4 401 417 (-3520 4160 128 ) (-3508 4160 128 ) (-3508 4160 236 ) (-3520 4160 236 ) 
4 401 407 (-3520 4384 128 ) (-3520 4160 128 ) (-3520 4160 256 ) (-3520 4384 256 ) 
4 402 404 (-3712 4976 128 ) (-3712 4848 128 ) (-3712 4848 256 ) (-3712 4976 256 ) 
4 402 403 (-3632 4400 128 ) (-3584 4400 128 ) (-3584 4400 236 ) (-3632 4400 236 ) 
4 403 408 (-3624 4384 128 ) (-3584 4384 128 ) (-3584 4384 236 ) (-3624 4384 236 ) 
4 403 411 (-3632 4384 128 ) (-3624 4384 128 ) (-3624 4384 236 ) (-3632 4384 236 ) 
4 404 444 (-3716 4848 128 ) (-3728 4848 128 ) (-3728 4976 128 ) (-3716 4976 128 ) 
4 404 405 (-3728 4976 256 ) (-3728 4976 128 ) (-3728 4848 128 ) (-3728 4848 256 ) 
4 405 444 (-3904 4848 128 ) (-3904 4976 128 ) (-3728 4976 128 ) (-3728 4848 128 ) 
4 405 412 (-3904 4880 176 ) (-3904 4880 240 ) (-3904 4944 240 ) (-3904 4944 176 ) 
4 406 411 (-3824 4384 128 ) (-3728 4384 128 ) (-3728 4384 254 ) (-3824 4384 254 ) 
4 407 439 (-3520 4312 128 ) (-3520 4224 128 ) (-3568 4224 128 ) (-3568 4312 128 ) 
4 407 417 (-3564 4160 128 ) (-3520 4160 128 ) (-3520 4160 236 ) (-3564 4160 236 ) 
4 407 409 (-3568 4161 236 ) (-3568 4161 256 ) (-3568 4164 256 ) (-3568 4164 236 ) 
4 407 408 (-3568 4384 256 ) (-3568 4384 128 ) (-3568 4164 128 ) (-3568 4164 256 ) 
4 407 410 (-3568 4161 128 ) (-3568 4160 128 ) (-3568 4160 256 ) (-3568 4161 256 ) 
4 408 439 (-3624 4224 128 ) (-3624 4312 128 ) (-3568 4312 128 ) (-3568 4224 128 ) 
4 408 409 (-3624 4164 256 ) (-3624 4164 236 ) (-3568 4164 236 ) (-3568 4164 256 ) 
4 408 411 (-3624 4384 256 ) (-3624 4384 128 ) (-3624 4164 128 ) (-3624 4164 256 ) 
4 409 411 (-3624 4161 236 ) (-3624 4161 256 ) (-3624 4164 256 ) (-3624 4164 236 ) 
4 409 410 (-3624 4161 256 ) (-3624 4161 236 ) (-3568 4161 236 ) (-3568 4161 256 ) 
4 410 411 (-3624 4161 128 ) (-3624 4160 128 ) (-3624 4160 256 ) (-3624 4161 256 ) 
4 411 446 (-3904 4224 128 ) (-3904 4312 128 ) (-3712 4312 128 ) (-3712 4224 128 ) 
4 411 439 (-3712 4224 128 ) (-3712 4312 128 ) (-3624 4312 128 ) (-3624 4224 128 ) 
4 411 415 (-3904 4384 128 ) (-3904 4160 128 ) (-3904 4160 256 ) (-3904 4384 256 ) 
4 412 413 (-3908 4944 176 ) (-3908 4880 176 ) (-3908 4880 240 ) (-3908 4944 240 ) 
4 413 414 (-3910 4944 176 ) (-3910 4880 176 ) (-3910 4880 240 ) (-3910 4944 240 ) 
4 415 677 (-4096 4216 128 ) (-4096 4160 128 ) (-4096 4160 256 ) (-4096 4216 256 ) 
4 415 676 (-4096 4328 128 ) (-4096 4216 128 ) (-4096 4216 256 ) (-4096 4328 256 ) 
4 415 675 (-4096 4384 128 ) (-4096 4328 128 ) (-4096 4328 256 ) (-4096 4384 256 ) 
4 415 446 (-3904 4312 128 ) (-3904 4224 128 ) (-4032 4224 128 ) (-4032 4312 128 ) 
4 416 419 (-3456 4144 128 ) (-3328 4144 128 ) (-3328 4144 236 ) (-3456 4144 236 ) 
4 417 420 (-3564 4144 128 ) (-3508 4144 128 ) (-3508 4144 236 ) (-3564 4144 236 ) 
4 418 630 (-3072 4096 128 ) (-3072 4096 256 ) (-3328 4096 256 ) (-3328 4096 128 ) 
4 418 419 (-3328 4112 128 ) (-3328 4096 128 ) (-3328 4096 256 ) (-3328 4112 256 ) 
4 419 630 (-3328 4096 256 ) (-3456 4096 256 ) (-3456 4096 128 ) (-3328 4096 128 ) 
4 420 631 (-3472 4096 256 ) (-3600 4096 256 ) (-3600 4096 128 ) (-3472 4096 128 ) 
4 421 423 (-3072 5000 120 ) (-3072 4832 120 ) (-3200 4832 120 ) (-3200 5000 120 ) 
4 421 422 (-3104 4832 120 ) (-3072 4832 120 ) (-3072 4832 128 ) (-3104 4832 128 ) 
3 422 423 (-3072 4832 120 ) (-3072 4800 120 ) (-3104 4832 120 ) 
4 423 427 (-3200 4800 0 ) (-3120 4800 0 ) (-3120 4800 120 ) (-3200 4800 120 ) 
4 423 426 (-3104 4800 0 ) (-3072 4800 0 ) (-3072 4800 120 ) (-3104 4800 120 ) 
4 424 427 (-3120 4792 0 ) (-3120 4424 0 ) (-3120 4424 120 ) (-3120 4792 120 ) 
4 425 432 (-3104 4416 0 ) (-3072 4416 0 ) (-3072 4416 120 ) (-3104 4416 120 ) 
4 427 432 (-3248 4416 0 ) (-3120 4416 0 ) (-3120 4416 120 ) (-3248 4416 120 ) 
4 427 428 (-3248 4800 120 ) (-3248 4800 0 ) (-3248 4432 0 ) (-3248 4432 120 ) 
4 429 473 (-3712 4448.013184 0 ) (-3712 4416 0 ) (-3712 4416 32 ) (-3712 4448.013184 32 ) 
4 429 472 (-3712 4416 32 ) (-3712 4416 34 ) (-3712 4512 34 ) (-3712 4512 32 ) 
4 429 470 (-3712 4416 34 ) (-3712 4416 45 ) (-3712 4445 45 ) (-3712 4445 34 ) 
4 429 468 (-3712 4445 45 ) (-3712 4450 45 ) (-3712 4450 34 ) (-3712 4445 34 ) 
4 429 465 (-3712 4450 45 ) (-3712 4510 45 ) (-3712 4510 34 ) (-3712 4450 34 ) 
4 429 464 (-3712 4510 45 ) (-3712 4512 45 ) (-3712 4512 34 ) (-3712 4510 34 ) 
4 429 460 (-3712 4416 46 ) (-3712 4416 94 ) (-3712 4445 94 ) (-3712 4445 46 ) 
4 429 459 (-3712 4445 94 ) (-3712 4450 94 ) (-3712 4450 46 ) (-3712 4445 46 ) 
4 429 456 (-3712 4450 94 ) (-3712 4510 94 ) (-3712 4510 46 ) (-3712 4450 46 ) 
4 429 455 (-3712 4510 94 ) (-3712 4512 94 ) (-3712 4512 46 ) (-3712 4510 46 ) 
4 429 463 (-3712 4416 45 ) (-3712 4416 46 ) (-3712 4512 46 ) (-3712 4512 45 ) 
4 429 451 (-3712 4416 96 ) (-3712 4416 120 ) (-3712 4448.013184 120 ) (-3712 4448.013184 96 ) 
4 429 454 (-3712 4416 94 ) (-3712 4416 96 ) (-3712 4512 96 ) (-3712 4512 94 ) 
4 429 448 (-3712 4632 0 ) (-3712 4576 0 ) (-3712 4576 112 ) (-3712 4632 112 ) 
4 429 447 (-3712 4976 0 ) (-3712 4848 0 ) (-3712 4848 120 ) (-3712 4976 120 ) 
4 429 434 (-3712 4416 120 ) (-3712 4416 0 ) (-3520 4416 0 ) (-3520 4416 120 ) 
4 430 436 (-3264 4224 120 ) (-3264 4176 120 ) (-3264 4176 128 ) (-3264 4224 128 ) 
4 430 431 (-3104 4384 120 ) (-3264 4224 120 ) (-3264 4224 128 ) (-3104 4384 128 ) 
4 430 432 (-3072 4160 120 ) (-3264 4160 120 ) (-3264 4224 120 ) (-3072 4416 120 ) 
4 431 436 (-3264 4368 120 ) (-3264 4224 120 ) (-3264 4224 128 ) (-3264 4368 128 ) 
4 431 435 (-3264 4384 120 ) (-3264 4368 120 ) (-3264 4368 128 ) (-3264 4384 128 ) 
3 431 432 (-3264 4224 120 ) (-3264 4384 120 ) (-3104 4384 120 ) 
4 432 502 (-3248 4160 0 ) (-3072 4160 0 ) (-3072 4160 108 ) (-3248 4160 108 ) 
4 432 501 (-3072 4160 108 ) (-3072 4160 112 ) (-3248 4160 112 ) (-3248 4160 108 ) 
4 432 436 (-3264 4368 0 ) (-3264 4176 0 ) (-3264 4176 120 ) (-3264 4368 120 ) 
4 432 435 (-3264 4384 0 ) (-3264 4368 0 ) (-3264 4368 120 ) (-3264 4384 120 ) 
4 432 433 (-3264 4416 120 ) (-3264 4416 0 ) (-3264 4384 0 ) (-3264 4384 120 ) 
4 433 435 (-3272 4384 0 ) (-3264 4384 0 ) (-3264 4384 128 ) (-3272 4384 128 ) 
4 434 473 (-3712 4416 0 ) (-3712 4384 0 ) (-3712 4384 32 ) (-3712 4416 32 ) 
4 434 472 (-3712 4384 32 ) (-3712 4384 34 ) (-3712 4416 34 ) (-3712 4416 32 ) 
4 434 470 (-3712 4384 34 ) (-3712 4384 45 ) (-3712 4416 45 ) (-3712 4416 34 ) 
4 434 460 (-3712 4384 46 ) (-3712 4384 94 ) (-3712 4416 94 ) (-3712 4416 46 ) 
4 434 463 (-3712 4384 45 ) (-3712 4384 46 ) (-3712 4416 46 ) (-3712 4416 45 ) 
4 434 451 (-3712 4384 96 ) (-3712 4384 120 ) (-3712 4416 120 ) (-3712 4416 96 ) 
4 434 454 (-3712 4384 94 ) (-3712 4384 96 ) (-3712 4416 96 ) (-3712 4416 94 ) 
4 434 438 (-3712 4384 120 ) (-3712 4384 0 ) (-3520 4384 0 ) (-3520 4384 120 ) 
4 435 436 (-3272 4368 0 ) (-3264 4368 0 ) (-3264 4368 128 ) (-3272 4368 128 ) 
4 436 441 (-3280 4224 0 ) (-3280 4176 0 ) (-3280 4176 108 ) (-3280 4224 108 ) 
4 436 440 (-3280 4176 108 ) (-3280 4176 120 ) (-3280 4224 120 ) (-3280 4224 108 ) 
4 436 437 (-3280 4368 0 ) (-3280 4312 0 ) (-3280 4312 120 ) (-3280 4368 120 ) 
4 436 439 (-3280 4312 0 ) (-3280 4224 0 ) (-3280 4224 128 ) (-3280 4312 128 ) 
4 437 438 (-3287.330078 4368 0 ) (-3287.330078 4312 0 ) (-3287.330078 4312 120 ) (-3287.330078 4368 120 ) 
4 437 439 (-3287.330078 4312 0 ) (-3280 4312 0 ) (-3280 4312 120 ) (-3287.330078 4312 120 ) 
4 438 473 (-3712 4384 0 ) (-3712 4312 0 ) (-3712 4312 32 ) (-3712 4384 32 ) 
4 438 472 (-3712 4312 32 ) (-3712 4312 34 ) (-3712 4384 34 ) (-3712 4384 32 ) 
4 438 470 (-3712 4312 34 ) (-3712 4312 45 ) (-3712 4384 45 ) (-3712 4384 34 ) 
4 438 460 (-3712 4312 46 ) (-3712 4312 94 ) (-3712 4384 94 ) (-3712 4384 46 ) 
4 438 463 (-3712 4312 45 ) (-3712 4312 46 ) (-3712 4384 46 ) (-3712 4384 45 ) 
4 438 451 (-3712 4312 96 ) (-3712 4312 120 ) (-3712 4384 120 ) (-3712 4384 96 ) 
4 438 454 (-3712 4312 94 ) (-3712 4312 96 ) (-3712 4384 96 ) (-3712 4384 94 ) 
4 438 439 (-3712 4312 120 ) (-3712 4312 0 ) (-3287.330078 4312 0 ) (-3287.330078 4312 120 ) 
4 439 473 (-3712 4312 0 ) (-3712 4224 0 ) (-3712 4224 32 ) (-3712 4312 32 ) 
4 439 472 (-3712 4224 32 ) (-3712 4224 34 ) (-3712 4312 34 ) (-3712 4312 32 ) 
4 439 470 (-3712 4224 34 ) (-3712 4224 45 ) (-3712 4312 45 ) (-3712 4312 34 ) 
4 439 460 (-3712 4224 46 ) (-3712 4224 94 ) (-3712 4312 94 ) (-3712 4312 46 ) 
4 439 463 (-3712 4224 45 ) (-3712 4224 46 ) (-3712 4312 46 ) (-3712 4312 45 ) 
4 439 451 (-3712 4224 96 ) (-3712 4224 120 ) (-3712 4312 120 ) (-3712 4312 96 ) 
4 439 454 (-3712 4224 94 ) (-3712 4224 96 ) (-3712 4312 96 ) (-3712 4312 94 ) 
4 439 446 (-3712 4224 120 ) (-3712 4224 128 ) (-3712 4312 128 ) (-3712 4312 120 ) 
4 439 442 (-3712 4224 108 ) (-3712 4224 0 ) (-3710 4224 0 ) (-3710 4224 108 ) 
4 439 441 (-3710 4224 0 ) (-3280 4224 0 ) (-3280 4224 108 ) (-3710 4224 108 ) 
4 439 440 (-3712 4224 120 ) (-3712 4224 108 ) (-3280 4224 108 ) (-3280 4224 120 ) 
4 440 476 (-3712 4163 120 ) (-3712 4166 120 ) (-3712 4166 108 ) (-3712 4163 108 ) 
4 440 477 (-3712 4160 108 ) (-3712 4160 120 ) (-3712 4163 120 ) (-3712 4163 108 ) 
4 440 451 (-3712 4166 120 ) (-3712 4224 120 ) (-3712 4224 108 ) (-3712 4166 108 ) 
4 440 442 (-3712 4166 108 ) (-3712 4224 108 ) (-3710 4224 108 ) (-3710 4166 108 ) 
4 440 443 (-3712 4160 108 ) (-3712 4163 108 ) (-3710 4163 108 ) (-3710 4160 108 ) 
4 440 441 (-3710 4224 108 ) (-3280 4224 108 ) (-3280 4160 108 ) (-3710 4160 108 ) 
4 441 503 (-3706 4160 0 ) (-3654 4160 0 ) (-3654 4160 108 ) (-3706 4160 108 ) 
4 441 442 (-3710 4166 108 ) (-3710 4224 108 ) (-3710 4224 0 ) (-3710 4166 0 ) 
4 441 443 (-3710 4160 0 ) (-3710 4160 108 ) (-3710 4163 108 ) (-3710 4163 0 ) 
4 442 473 (-3712 4224 0 ) (-3712 4166 0 ) (-3712 4166 32 ) (-3712 4224 32 ) 
4 442 472 (-3712 4166 32 ) (-3712 4166 34 ) (-3712 4224 34 ) (-3712 4224 32 ) 
4 442 470 (-3712 4166 34 ) (-3712 4166 45 ) (-3712 4224 45 ) (-3712 4224 34 ) 
4 442 460 (-3712 4166 46 ) (-3712 4166 94 ) (-3712 4224 94 ) (-3712 4224 46 ) 
4 442 463 (-3712 4166 45 ) (-3712 4166 46 ) (-3712 4224 46 ) (-3712 4224 45 ) 
4 442 451 (-3712 4166 96 ) (-3712 4166 108 ) (-3712 4224 108 ) (-3712 4224 96 ) 
4 442 454 (-3712 4166 94 ) (-3712 4166 96 ) (-3712 4224 96 ) (-3712 4224 94 ) 
4 443 477 (-3712 4163 0 ) (-3712 4160 0 ) (-3712 4160 108 ) (-3712 4163 108 ) 
4 444 481 (-3814.860107 4964.660156 120 ) (-3814.860107 4904.660156 120 ) (-3826.860107 4904.660156 120 ) (-3826.860107 4964.660156 120 ) 
4 444 480 (-3826.860107 4976 120 ) (-3814.860107 4976 120 ) (-3814.860107 4964.660156 120 ) (-3826.860107 4964.660156 120 ) 
4 444 482 (-3814.860107 4904.660156 120 ) (-3814.860107 4848 120 ) (-3826.860107 4848 120 ) (-3826.860107 4904.660156 120 ) 
4 444 479 (-3814.860107 4976 120 ) (-3776 4976 120 ) (-3776 4848 120 ) (-3814.860107 4848 120 ) 
4 444 483 (-3904 4848 120 ) (-3904 4976 120 ) (-3826.860107 4976 120 ) (-3826.860107 4848 120 ) 
4 444 447 (-3776 4976 120 ) (-3716 4976 120 ) (-3716 4848 120 ) (-3776 4848 120 ) 
4 445 679 (-4096 4392 120 ) (-4096 4384 120 ) (-4096 4384 128 ) (-4096 4392 128 ) 
4 445 499 (-3968 4384 120 ) (-4096 4384 120 ) (-4096 4392 120 ) (-3968 4392 120 ) 
4 446 500 (-3776 4224 120 ) (-4032 4224 120 ) (-4032 4312 120 ) (-3776 4312 120 ) 
4 446 453 (-3720 4224 120 ) (-3776 4224 120 ) (-3776 4312 120 ) (-3720 4312 120 ) 
4 446 451 (-3712 4312 120 ) (-3712 4224 120 ) (-3720 4224 120 ) (-3720 4312 120 ) 
4 447 479 (-3776 4976 0 ) (-3776 4848 0 ) (-3776 4848 120 ) (-3776 4976 120 ) 
4 448 449 (-3720 4632 112 ) (-3720 4632 0 ) (-3720 4576 0 ) (-3720 4576 112 ) 
4 449 485 (-3776 4632 0 ) (-3776 4576 0 ) (-3776 4576 120 ) (-3776 4632 120 ) 
4 449 450 (-3776 4576 120 ) (-3776 4576 0 ) (-3720 4576 0 ) (-3720 4576 120 ) 
4 450 485 (-3776 4576 0 ) (-3776 4512 0 ) (-3776 4512 120 ) (-3776 4576 120 ) 
4 450 475 (-3776 4512 32 ) (-3776 4512 0 ) (-3720 4512 0 ) (-3720 4512 32 ) 
4 450 472 (-3776 4512 34 ) (-3776 4512 32 ) (-3720 4512 32 ) (-3720 4512 34 ) 
4 450 464 (-3776 4512 45 ) (-3776 4512 34 ) (-3720 4512 34 ) (-3720 4512 45 ) 
4 450 455 (-3776 4512 94 ) (-3776 4512 46 ) (-3720 4512 46 ) (-3720 4512 94 ) 
4 450 463 (-3776 4512 46 ) (-3776 4512 45 ) (-3720 4512 45 ) (-3720 4512 46 ) 
4 450 452 (-3776 4512 120 ) (-3776 4512 96 ) (-3720 4512 96 ) (-3720 4512 120 ) 
4 450 454 (-3776 4512 96 ) (-3776 4512 94 ) (-3720 4512 94 ) (-3720 4512 96 ) 
4 451 476 (-3712 4166 108 ) (-3712 4166 120 ) (-3720 4166 120 ) (-3720 4166 108 ) 
4 451 453 (-3720 4440.013184 96 ) (-3720 4166 96 ) (-3720 4166 120 ) (-3720 4440.013184 120 ) 
4 451 454 (-3712 4166 96 ) (-3720 4166 96 ) (-3720 4440.013184 96 ) (-3712 4448.013672 96 ) 
4 452 485 (-3776 4392 120 ) (-3776 4512 120 ) (-3776 4512 96 ) (-3776 4392 96 ) 
4 452 454 (-3776 4392 96 ) (-3776 4512 96 ) (-3720 4512 96 ) (-3720 4448 96 ) 
4 453 500 (-3776 4166 96 ) (-3776 4166 120 ) (-3776 4384.013184 120 ) (-3776 4384.013184 96 ) 
4 453 476 (-3720 4166 108 ) (-3720 4166 120 ) (-3766 4166 120 ) (-3766 4166 108 ) 
4 453 478 (-3776 4166 120 ) (-3776 4166 96 ) (-3766 4166 96 ) (-3766 4166 120 ) 
4 453 454 (-3720 4166 96 ) (-3776 4166 96 ) (-3776 4384.013184 96 ) (-3720 4440.013184 96 ) 
4 454 486 (-3776 4384 96 ) (-3776 4392 96 ) (-3776 4392 94 ) (-3776 4384 94 ) 
4 454 500 (-3776 4166 94 ) (-3776 4166 96 ) (-3776 4384 96 ) (-3776 4384 94 ) 
4 454 485 (-3776 4392 96 ) (-3776 4512 96 ) (-3776 4512 94 ) (-3776 4392 94 ) 
4 454 478 (-3776 4166 96 ) (-3776 4166 94 ) (-3766 4166 94 ) (-3766 4166 96 ) 
4 454 462 (-3776 4385 94 ) (-3776 4387 94 ) (-3715 4448 94 ) (-3714 4447 94 ) 
4 454 461 (-3776 4387 94 ) (-3776 4450 94 ) (-3717 4450 94 ) (-3715 4448 94 ) 
5 454 460 (-3712 4166 94 ) (-3776 4166 94 ) (-3776 4385 94 ) (-3714 4447 94 ) (-3712 4445 94 ) 
3 454 459 (-3717 4450 94 ) (-3712 4450 94 ) (-3712 4445 94 ) 
4 454 457 (-3714 4510 94 ) (-3713 4510 94 ) (-3713 4450 94 ) (-3714 4450 94 ) 
4 454 456 (-3713 4510 94 ) (-3712 4510 94 ) (-3712 4450 94 ) (-3713 4450 94 ) 
4 454 458 (-3776 4450 94 ) (-3776 4510 94 ) (-3714 4510 94 ) (-3714 4450 94 ) 
4 454 455 (-3776 4510 94 ) (-3776 4512 94 ) (-3712 4512 94 ) (-3712 4510 94 ) 
4 455 485 (-3776 4510 94 ) (-3776 4512 94 ) (-3776 4512 46 ) (-3776 4510 46 ) 
4 455 457 (-3714 4510 46 ) (-3713 4510 46 ) (-3713 4510 94 ) (-3714 4510 94 ) 
4 455 456 (-3713 4510 46 ) (-3712 4510 46 ) (-3712 4510 94 ) (-3713 4510 94 ) 
4 455 458 (-3776 4510 46 ) (-3714 4510 46 ) (-3714 4510 94 ) (-3776 4510 94 ) 
4 455 463 (-3776 4510 46 ) (-3776 4512 46 ) (-3712 4512 46 ) (-3712 4510 46 ) 
4 456 459 (-3713 4450 46 ) (-3712 4450 46 ) (-3712 4450 94 ) (-3713 4450 94 ) 
4 456 463 (-3713 4510 46 ) (-3712 4510 46 ) (-3712 4450 46 ) (-3713 4450 46 ) 
4 456 457 (-3713 4510 94 ) (-3713 4510 46 ) (-3713 4450 46 ) (-3713 4450 94 ) 
4 457 459 (-3714 4450 46 ) (-3713 4450 46 ) (-3713 4450 94 ) (-3714 4450 94 ) 
4 457 458 (-3714 4510 94 ) (-3714 4510 46 ) (-3714 4450 46 ) (-3714 4450 94 ) 
4 457 463 (-3714 4510 46 ) (-3713 4510 46 ) (-3713 4450 46 ) (-3714 4450 46 ) 
4 458 485 (-3776 4450 94 ) (-3776 4510 94 ) (-3776 4510 46 ) (-3776 4450 46 ) 
4 458 461 (-3776 4450 46 ) (-3717 4450 46 ) (-3717 4450 94 ) (-3776 4450 94 ) 
4 458 459 (-3717 4450 46 ) (-3714 4450 46 ) (-3714 4450 94 ) (-3717 4450 94 ) 
4 458 463 (-3776 4450 46 ) (-3776 4510 46 ) (-3714 4510 46 ) (-3714 4450 46 ) 
4 459 462 (-3715 4448 46 ) (-3714 4447 46 ) (-3714 4447 94 ) (-3715 4448 94 ) 
4 459 461 (-3716.998047 4450 94 ) (-3716.998047 4450 46 ) (-3715 4448 46 ) (-3715 4448 94 ) 
4 459 460 (-3714 4447 46 ) (-3712 4445.001953 46 ) (-3712 4445.001953 94 ) (-3714 4447 94 ) 
3 459 463 (-3717 4450 46 ) (-3712 4450 46 ) (-3712 4445 46 ) 
4 460 486 (-3776 4384 94 ) (-3776 4385 94 ) (-3776 4385 46 ) (-3776 4384 46 ) 
4 460 500 (-3776 4166 46 ) (-3776 4166 94 ) (-3776 4384 94 ) (-3776 4384 46 ) 
4 460 478 (-3776 4166 94 ) (-3776 4166 46 ) (-3766 4166 46 ) (-3766 4166 94 ) 
4 460 462 (-3713.998047 4447.001953 94 ) (-3713.998047 4447.001953 46 ) (-3776 4385 46 ) (-3776 4385 94 ) 
5 460 463 (-3712 4166 46 ) (-3776 4166 46 ) (-3776 4385 46 ) (-3714 4447 46 ) (-3712 4445 46 ) 
4 461 486 (-3776 4387 94 ) (-3776 4392 94 ) (-3776 4392 46 ) (-3776 4387 46 ) 
4 461 485 (-3776 4392 94 ) (-3776 4450 94 ) (-3776 4450 46 ) (-3776 4392 46 ) 
4 461 463 (-3776 4387 46 ) (-3776 4450 46 ) (-3717 4450 46 ) (-3715 4448 46 ) 
4 461 462 (-3776 4387 46 ) (-3714.998047 4448.001953 46 ) (-3714.998047 4448.001953 94 ) (-3776 4387 94 ) 
4 462 486 (-3776 4385 94 ) (-3776 4387 94 ) (-3776 4387 46 ) (-3776 4385 46 ) 
4 462 463 (-3776 4385 46 ) (-3776 4387 46 ) (-3715 4448 46 ) (-3714 4447 46 ) 
4 463 486 (-3776 4384 46 ) (-3776 4392 46 ) (-3776 4392 45 ) (-3776 4384 45 ) 
4 463 500 (-3776 4166 45 ) (-3776 4166 46 ) (-3776 4384 46 ) (-3776 4384 45 ) 
4 463 485 (-3776 4392 46 ) (-3776 4512 46 ) (-3776 4512 45 ) (-3776 4392 45 ) 
4 463 478 (-3776 4166 46 ) (-3776 4166 45 ) (-3766 4166 45 ) (-3766 4166 46 ) 
4 463 471 (-3776 4385 45 ) (-3776 4387 45 ) (-3715 4448 45 ) (-3714 4447 45 ) 
5 463 470 (-3712 4166 45 ) (-3776 4166 45 ) (-3776 4385 45 ) (-3714 4447 45 ) (-3712 4445 45 ) 
4 463 469 (-3776 4387 45 ) (-3776 4450 45 ) (-3717 4450 45 ) (-3715 4448 45 ) 
3 463 468 (-3717 4450 45 ) (-3712 4450 45 ) (-3712 4445 45 ) 
4 463 466 (-3714 4510 45 ) (-3713 4510 45 ) (-3713 4450 45 ) (-3714 4450 45 ) 
4 463 465 (-3713 4510 45 ) (-3712 4510 45 ) (-3712 4450 45 ) (-3713 4450 45 ) 
4 463 467 (-3776 4450 45 ) (-3776 4510 45 ) (-3714 4510 45 ) (-3714 4450 45 ) 
4 463 464 (-3776 4510 45 ) (-3776 4512 45 ) (-3712 4512 45 ) (-3712 4510 45 ) 
4 464 485 (-3776 4510 45 ) (-3776 4512 45 ) (-3776 4512 34 ) (-3776 4510 34 ) 
4 464 472 (-3776 4510 34 ) (-3776 4512 34 ) (-3712 4512 34 ) (-3712 4510 34 ) 
4 464 466 (-3714 4510 34 ) (-3713 4510 34 ) (-3713 4510 45 ) (-3714 4510 45 ) 
4 464 465 (-3713 4510 34 ) (-3712 4510 34 ) (-3712 4510 45 ) (-3713 4510 45 ) 
4 464 467 (-3776 4510 34 ) (-3714 4510 34 ) (-3714 4510 45 ) (-3776 4510 45 ) 
4 465 472 (-3713 4510 34 ) (-3712 4510 34 ) (-3712 4450 34 ) (-3713 4450 34 ) 
4 465 468 (-3713 4450 34 ) (-3712 4450 34 ) (-3712 4450 45 ) (-3713 4450 45 ) 
4 465 466 (-3713 4510 45 ) (-3713 4510 34 ) (-3713 4450 34 ) (-3713 4450 45 ) 
4 466 472 (-3714 4510 34 ) (-3713 4510 34 ) (-3713 4450 34 ) (-3714 4450 34 ) 
4 466 468 (-3714 4450 34 ) (-3713 4450 34 ) (-3713 4450 45 ) (-3714 4450 45 ) 
4 466 467 (-3714 4510 45 ) (-3714 4510 34 ) (-3714 4450 34 ) (-3714 4450 45 ) 
4 467 485 (-3776 4450 45 ) (-3776 4510 45 ) (-3776 4510 34 ) (-3776 4450 34 ) 
4 467 472 (-3776 4450 34 ) (-3776 4510 34 ) (-3714 4510 34 ) (-3714 4450 34 ) 
4 467 469 (-3776 4450 34 ) (-3717 4450 34 ) (-3717 4450 45 ) (-3776 4450 45 ) 
4 467 468 (-3717 4450 34 ) (-3714 4450 34 ) (-3714 4450 45 ) (-3717 4450 45 ) 
3 468 472 (-3717 4450 34 ) (-3712 4450 34 ) (-3712 4445 34 ) 
4 468 471 (-3715 4448 34 ) (-3714 4447 34 ) (-3714 4447 45 ) (-3715 4448 45 ) 
4 468 470 (-3714 4447 34 ) (-3712 4445.001953 34 ) (-3712 4445.001953 45 ) (-3714 4447 45 ) 
4 468 469 (-3716.998047 4450 45 ) (-3716.998047 4450 34 ) (-3715 4448 34 ) (-3715 4448 45 ) 
4 469 493 (-3776 4387 45 ) (-3776 4392 45 ) (-3776 4392 34 ) (-3776 4387 34 ) 
4 469 485 (-3776 4392 45 ) (-3776 4450 45 ) (-3776 4450 34 ) (-3776 4392 34 ) 
4 469 472 (-3776 4387 34 ) (-3776 4450 34 ) (-3717 4450 34 ) (-3715 4448 34 ) 
4 469 471 (-3776 4387 34 ) (-3714.998047 4448.001953 34 ) (-3714.998047 4448.001953 45 ) (-3776 4387 45 ) 
4 470 493 (-3776 4384 45 ) (-3776 4385 45 ) (-3776 4385 34 ) (-3776 4384 34 ) 
4 470 500 (-3776 4166 34 ) (-3776 4166 45 ) (-3776 4384 45 ) (-3776 4384 34 ) 
4 470 478 (-3776 4166 45 ) (-3776 4166 34 ) (-3766 4166 34 ) (-3766 4166 45 ) 
5 470 472 (-3712 4166 34 ) (-3776 4166 34 ) (-3776 4385 34 ) (-3714 4447 34 ) (-3712 4445 34 ) 
4 470 471 (-3713.998047 4447.001953 45 ) (-3713.998047 4447.001953 34 ) (-3776 4385 34 ) (-3776 4385 45 ) 
4 471 493 (-3776 4385 45 ) (-3776 4387 45 ) (-3776 4387 34 ) (-3776 4385 34 ) 
4 471 472 (-3776 4385 34 ) (-3776 4387 34 ) (-3715 4448 34 ) (-3714 4447 34 ) 
4 472 493 (-3776 4384 34 ) (-3776 4392 34 ) (-3776 4392 32 ) (-3776 4384 32 ) 
4 472 500 (-3776 4166 32 ) (-3776 4166 34 ) (-3776 4384 34 ) (-3776 4384 32 ) 
4 472 485 (-3776 4392 34 ) (-3776 4512 34 ) (-3776 4512 32 ) (-3776 4392 32 ) 
4 472 478 (-3776 4166 34 ) (-3776 4166 32 ) (-3766 4166 32 ) (-3766 4166 34 ) 
4 472 475 (-3776 4392 32 ) (-3776 4512 32 ) (-3720 4512 32 ) (-3720 4448 32 ) 
4 472 474 (-3720 4166 32 ) (-3776 4166 32 ) (-3776 4384.013184 32 ) (-3720 4440.013184 32 ) 
4 472 473 (-3712 4166 32 ) (-3720 4166 32 ) (-3720 4440.013184 32 ) (-3712 4448.013672 32 ) 
4 473 474 (-3720 4166 0 ) (-3720 4166 32 ) (-3720 4440.013184 32 ) (-3720 4440.013184 0 ) 
4 474 500 (-3776 4384.013184 0 ) (-3776 4166 0 ) (-3776 4166 32 ) (-3776 4384.013184 32 ) 
4 474 478 (-3776 4166 32 ) (-3776 4166 0 ) (-3766 4166 0 ) (-3766 4166 32 ) 
4 475 485 (-3776 4512 0 ) (-3776 4392 0 ) (-3776 4392 32 ) (-3776 4512 32 ) 
4 476 477 (-3766 4163 120 ) (-3766 4163 108 ) (-3712 4163 108 ) (-3712 4163 120 ) 
4 476 478 (-3766 4166 120 ) (-3766 4166 108 ) (-3766 4163 108 ) (-3766 4163 120 ) 
4 477 478 (-3766 4163 0 ) (-3766 4160 0 ) (-3766 4160 120 ) (-3766 4163 120 ) 
4 478 500 (-3776 4166 0 ) (-3776 4160 0 ) (-3776 4160 120 ) (-3776 4166 120 ) 
4 479 481 (-3814.860107 4904.660156 2 ) (-3814.860107 4904.660156 120 ) (-3814.860107 4964.660156 120 ) (-3814.860107 4964.660156 2 ) 
4 479 480 (-3814.860107 4976 120 ) (-3814.860107 4976 0 ) (-3814.860107 4964.660156 0 ) (-3814.860107 4964.660156 120 ) 
4 479 482 (-3814.860107 4904.660156 0 ) (-3814.860107 4848 0 ) (-3814.860107 4848 120 ) (-3814.860107 4904.660156 120 ) 
4 480 481 (-3826.860107 4964.660156 120 ) (-3826.860107 4964.660156 2 ) (-3814.860107 4964.660156 2 ) (-3814.860107 4964.660156 120 ) 
4 480 483 (-3826.860107 4976 120 ) (-3826.860107 4976 0 ) (-3826.860107 4964.660156 0 ) (-3826.860107 4964.660156 120 ) 
4 481 483 (-3826.860107 4904.660156 2 ) (-3826.860107 4904.660156 120 ) (-3826.860107 4964.660156 120 ) (-3826.860107 4964.660156 2 ) 
4 481 482 (-3826.860107 4904.660156 120 ) (-3826.860107 4904.660156 2 ) (-3814.860107 4904.660156 2 ) (-3814.860107 4904.660156 120 ) 
4 482 483 (-3826.860107 4904.660156 0 ) (-3826.860107 4848 0 ) (-3826.860107 4848 120 ) (-3826.860107 4904.660156 120 ) 
4 484 678 (-4096 4752 0 ) (-4096 4632 0 ) (-4096 4632 120 ) (-4096 4752 120 ) 
4 484 485 (-4096 4632 0 ) (-3936 4632 0 ) (-3936 4632 120 ) (-4096 4632 120 ) 
4 485 678 (-4096 4632 0 ) (-4096 4392 0 ) (-4096 4392 120 ) (-4096 4632 120 ) 
4 485 499 (-4096 4392 0 ) (-3968 4392 0 ) (-3968 4392 120 ) (-4096 4392 120 ) 
4 485 494 (-3778 4392 45 ) (-3838 4392 45 ) (-3838 4392 34 ) (-3778 4392 34 ) 
4 485 497 (-3838 4392 34 ) (-3838 4392 32 ) (-3778 4392 32 ) (-3778 4392 34 ) 
4 485 493 (-3776 4392 32 ) (-3776 4392 45 ) (-3778 4392 45 ) (-3778 4392 32 ) 
4 485 498 (-3838 4392 45 ) (-3840 4392 45 ) (-3840 4392 32 ) (-3838 4392 32 ) 
4 485 488 (-3838 4392 94 ) (-3838 4392 46 ) (-3778 4392 46 ) (-3778 4392 94 ) 
4 485 487 (-3778 4392 96 ) (-3838 4392 96 ) (-3838 4392 94 ) (-3778 4392 94 ) 
4 485 491 (-3838 4392 46 ) (-3838 4392 45 ) (-3778 4392 45 ) (-3778 4392 46 ) 
4 485 486 (-3776 4392 45 ) (-3776 4392 96 ) (-3778 4392 96 ) (-3778 4392 45 ) 
4 485 492 (-3838 4392 96 ) (-3840 4392 96 ) (-3840 4392 45 ) (-3838 4392 45 ) 
4 486 493 (-3776 4384 45 ) (-3778 4384 45 ) (-3778 4392 45 ) (-3776 4392 45 ) 
4 486 489 (-3778 4385 94 ) (-3778 4386 94 ) (-3778 4386 46 ) (-3778 4385 46 ) 
4 486 488 (-3778 4386 94 ) (-3778 4392 94 ) (-3778 4392 46 ) (-3778 4386 46 ) 
4 486 490 (-3778 4384 46 ) (-3778 4384 94 ) (-3778 4385 94 ) (-3778 4385 46 ) 
4 486 487 (-3778 4384 94 ) (-3778 4384 96 ) (-3778 4392 96 ) (-3778 4392 94 ) 
4 486 491 (-3778 4392 45 ) (-3778 4384 45 ) (-3778 4384 46 ) (-3778 4392 46 ) 
4 486 500 (-3776 4384 45 ) (-3776 4384 96 ) (-3778 4384 96 ) (-3778 4384 45 ) 
4 487 489 (-3838 4385 94 ) (-3838 4386 94 ) (-3778 4386 94 ) (-3778 4385 94 ) 
4 487 488 (-3838 4386 94 ) (-3838 4392 94 ) (-3778 4392 94 ) (-3778 4386 94 ) 
4 487 490 (-3838 4384 94 ) (-3838 4385 94 ) (-3778 4385 94 ) (-3778 4384 94 ) 
4 487 492 (-3838 4384 94 ) (-3838 4384 96 ) (-3838 4392 96 ) (-3838 4392 94 ) 
4 487 500 (-3778 4384 96 ) (-3838 4384 96 ) (-3838 4384 94 ) (-3778 4384 94 ) 
4 488 491 (-3838 4386 46 ) (-3838 4392 46 ) (-3778 4392 46 ) (-3778 4386 46 ) 
4 488 492 (-3838 4386 94 ) (-3838 4392 94 ) (-3838 4392 46 ) (-3838 4386 46 ) 
4 488 489 (-3838 4386 46 ) (-3778 4386 46 ) (-3778 4386 94 ) (-3838 4386 94 ) 
4 489 490 (-3838 4385 46 ) (-3778 4385 46 ) (-3778 4385 94 ) (-3838 4385 94 ) 
4 489 491 (-3838 4385 46 ) (-3838 4386 46 ) (-3778 4386 46 ) (-3778 4385 46 ) 
4 489 492 (-3838 4385 94 ) (-3838 4386 94 ) (-3838 4386 46 ) (-3838 4385 46 ) 
4 490 500 (-3838 4384 94 ) (-3838 4384 46 ) (-3778 4384 46 ) (-3778 4384 94 ) 
4 490 492 (-3838 4384 46 ) (-3838 4384 94 ) (-3838 4385 94 ) (-3838 4385 46 ) 
4 490 491 (-3838 4384 46 ) (-3838 4385 46 ) (-3778 4385 46 ) (-3778 4384 46 ) 
4 491 495 (-3838 4385 45 ) (-3838 4386 45 ) (-3778 4386 45 ) (-3778 4385 45 ) 
4 491 494 (-3838 4386 45 ) (-3838 4392 45 ) (-3778 4392 45 ) (-3778 4386 45 ) 
4 491 496 (-3778 4384 45 ) (-3838 4384 45 ) (-3838 4385 45 ) (-3778 4385 45 ) 
4 491 500 (-3838 4384 46 ) (-3838 4384 45 ) (-3778 4384 45 ) (-3778 4384 46 ) 
4 491 492 (-3838 4392 45 ) (-3838 4384 45 ) (-3838 4384 46 ) (-3838 4392 46 ) 
4 492 498 (-3838 4384 45 ) (-3840 4384 45 ) (-3840 4392 45 ) (-3838 4392 45 ) 
4 492 500 (-3838 4384 96 ) (-3840 4384 96 ) (-3840 4384 45 ) (-3838 4384 45 ) 
4 493 495 (-3778 4385 45 ) (-3778 4386 45 ) (-3778 4386 34 ) (-3778 4385 34 ) 
4 493 494 (-3778 4386 45 ) (-3778 4392 45 ) (-3778 4392 34 ) (-3778 4386 34 ) 
4 493 496 (-3778 4384 34 ) (-3778 4384 45 ) (-3778 4385 45 ) (-3778 4385 34 ) 
4 493 497 (-3778 4392 32 ) (-3778 4384 32 ) (-3778 4384 34 ) (-3778 4392 34 ) 
4 493 500 (-3776 4384 32 ) (-3776 4384 45 ) (-3778 4384 45 ) (-3778 4384 32 ) 
4 494 498 (-3838 4386 45 ) (-3838 4392 45 ) (-3838 4392 34 ) (-3838 4386 34 ) 
4 494 497 (-3838 4386 34 ) (-3838 4392 34 ) (-3778 4392 34 ) (-3778 4386 34 ) 
4 494 495 (-3838 4386 45 ) (-3838 4386 34 ) (-3778 4386 34 ) (-3778 4386 45 ) 
4 495 496 (-3838 4385 45 ) (-3838 4385 34 ) (-3778 4385 34 ) (-3778 4385 45 ) 
4 495 498 (-3838 4385 45 ) (-3838 4386 45 ) (-3838 4386 34 ) (-3838 4385 34 ) 
4 495 497 (-3838 4385 34 ) (-3838 4386 34 ) (-3778 4386 34 ) (-3778 4385 34 ) 
4 496 497 (-3838 4384 34 ) (-3838 4385 34 ) (-3778 4385 34 ) (-3778 4384 34 ) 
4 496 498 (-3838 4384 34 ) (-3838 4384 45 ) (-3838 4385 45 ) (-3838 4385 34 ) 
4 496 500 (-3778 4384 45 ) (-3838 4384 45 ) (-3838 4384 34 ) (-3778 4384 34 ) 
4 497 500 (-3838 4384 34 ) (-3838 4384 32 ) (-3778 4384 32 ) (-3778 4384 34 ) 
4 497 498 (-3838 4392 32 ) (-3838 4384 32 ) (-3838 4384 34 ) (-3838 4392 34 ) 
4 498 500 (-3838 4384 45 ) (-3840 4384 45 ) (-3840 4384 32 ) (-3838 4384 32 ) 
4 499 679 (-4096 4392 0 ) (-4096 4384 0 ) (-4096 4384 120 ) (-4096 4392 120 ) 
4 499 500 (-4096 4384 0 ) (-3968 4384 0 ) (-3968 4384 120 ) (-4096 4384 120 ) 
4 500 681 (-4096 4212 0 ) (-4096 4160 0 ) (-4096 4160 120 ) (-4096 4212 120 ) 
4 500 680 (-4096 4384 0 ) (-4096 4212 0 ) (-4096 4212 120 ) (-4096 4384 120 ) 
4 501 504 (-3072 4144 108 ) (-3072 4144 112 ) (-3248 4144 112 ) (-3248 4144 108 ) 
4 501 502 (-3072 4144 108 ) (-3248 4144 108 ) (-3248 4160 108 ) (-3072 4160 108 ) 
4 502 504 (-3248 4144 0 ) (-3072 4144 0 ) (-3072 4144 108 ) (-3248 4144 108 ) 
4 503 505 (-3706 4144 0 ) (-3654 4144 0 ) (-3654 4144 108 ) (-3706 4144 108 ) 
4 504 637 (-3072 4096 0 ) (-3072 4096 112 ) (-3296 4096 112 ) (-3296 4096 0 ) 
4 505 638 (-3744 4096 120 ) (-3744 4096 0 ) (-3616 4096 0 ) (-3616 4096 120 ) 
4 506 639 (-3888 4096 120 ) (-3888 4096 0 ) (-3760 4096 0 ) (-3760 4096 120 ) 
4 507 528 (-2450 3647.899902 256 ) (-2450 3350.379883 256 ) (-2560 3350.379883 256 ) (-2560 3647.899902 256 ) 
4 507 511 (-2560 3455.899902 256 ) (-2560 3391.899902 256 ) (-2560 3391.899902 320 ) (-2560 3455.899902 320 ) 
4 507 508 (-2560 3647.899902 256 ) (-2560 3583.899902 256 ) (-2560 3583.899902 320 ) (-2560 3647.899902 320 ) 
4 508 529 (-2560 3647.899902 256 ) (-2560 3583.899902 256 ) (-2570 3583.899902 256 ) (-2570 3647.899902 256 ) 
4 508 509 (-2570 3583.899902 256 ) (-2570 3583.899902 320 ) (-2570 3647.899902 320 ) (-2570 3647.899902 256 ) 
4 509 530 (-2570 3583.899902 256 ) (-2572 3583.899902 256 ) (-2572 3647.899902 256 ) (-2570 3647.899902 256 ) 
4 509 510 (-2572 3583.899902 256 ) (-2572 3583.899902 320 ) (-2572 3647.899902 320 ) (-2572 3647.899902 256 ) 
4 510 531 (-2572 3583.899902 256 ) (-2576 3583.899902 256 ) (-2576 3647.899902 256 ) (-2572 3647.899902 256 ) 
4 510 516 (-2576 3647.899902 256 ) (-2576 3583.899902 256 ) (-2576 3583.899902 320 ) (-2576 3647.899902 320 ) 
4 511 532 (-2560 3455.899902 256 ) (-2560 3391.899902 256 ) (-2570 3391.899902 256 ) (-2570 3455.899902 256 ) 
4 511 512 (-2570 3391.899902 256 ) (-2570 3391.899902 320 ) (-2570 3455.899902 320 ) (-2570 3455.899902 256 ) 
4 512 533 (-2570 3391.899902 256 ) (-2572 3391.899902 256 ) (-2572 3455.899902 256 ) (-2570 3455.899902 256 ) 
4 512 513 (-2572 3391.899902 256 ) (-2572 3391.899902 320 ) (-2572 3455.899902 320 ) (-2572 3455.899902 256 ) 
4 513 534 (-2572 3391.899902 256 ) (-2576 3391.899902 256 ) (-2576 3455.899902 256 ) (-2572 3455.899902 256 ) 
4 513 520 (-2576 3455.899902 256 ) (-2576 3391.899902 256 ) (-2576 3391.899902 320 ) (-2576 3455.899902 320 ) 
4 514 537 (-2576 3760 256 ) (-2576 3647.899902 256 ) (-2577 3647.899902 256 ) (-2577 3760 256 ) 
4 514 516 (-2577 3647.899902 320 ) (-2577 3647.899902 256 ) (-2576 3647.899902 256 ) (-2576 3647.899902 320 ) 
4 514 515 (-2577 3647.899902 384 ) (-2577 3647.899902 320 ) (-2576 3647.899902 320 ) (-2576 3647.899902 384 ) 
4 514 517 (-2577 3760 384 ) (-2577 3760 256 ) (-2577 3647.899902 256 ) (-2577 3647.899902 384 ) 
4 515 518 (-2576 3583.899902 320 ) (-2576 3583.899902 384 ) (-2577 3583.899902 384 ) (-2577 3583.899902 320 ) 
4 515 517 (-2577 3583.899902 320 ) (-2577 3583.899902 384 ) (-2577 3647.899902 384 ) (-2577 3647.899902 320 ) 
4 515 516 (-2576 3583.899902 320 ) (-2577 3583.899902 320 ) (-2577 3647.899902 320 ) (-2576 3647.899902 320 ) 
4 516 538 (-2576 3647.899902 256 ) (-2576 3583.899902 256 ) (-2577 3583.899902 256 ) (-2577 3647.899902 256 ) 
4 516 518 (-2577 3583.899902 256 ) (-2576 3583.899902 256 ) (-2576 3583.899902 320 ) (-2577 3583.899902 320 ) 
4 516 517 (-2577 3647.899902 256 ) (-2577 3583.899902 256 ) (-2577 3583.899902 320 ) (-2577 3647.899902 320 ) 
4 517 543 (-2577 3583.899902 256 ) (-2736 3583.899902 256 ) (-2736 3760 256 ) (-2577 3760 256 ) 
4 517 522 (-2736 3583.899902 384 ) (-2736 3583.899902 256 ) (-2577 3583.899902 256 ) (-2577 3583.899902 384 ) 
4 518 539 (-2576 3583.899902 256 ) (-2576 3455.899902 256 ) (-2577 3455.899902 256 ) (-2577 3583.899902 256 ) 
4 518 520 (-2577 3455.899902 320 ) (-2577 3455.899902 256 ) (-2576 3455.899902 256 ) (-2576 3455.899902 320 ) 
4 518 519 (-2577 3455.899902 384 ) (-2577 3455.899902 320 ) (-2576 3455.899902 320 ) (-2576 3455.899902 384 ) 
4 518 522 (-2577 3583.899902 384 ) (-2577 3583.899902 256 ) (-2577 3455.899902 256 ) (-2577 3455.899902 384 ) 
4 519 522 (-2577 3391.899902 320 ) (-2577 3391.899902 384 ) (-2577 3455.899902 384 ) (-2577 3455.899902 320 ) 
4 519 521 (-2577 3391.899902 384 ) (-2577 3391.899902 320 ) (-2576 3391.899902 320 ) (-2576 3391.899902 384 ) 
4 519 520 (-2576 3391.899902 320 ) (-2577 3391.899902 320 ) (-2577 3455.899902 320 ) (-2576 3455.899902 320 ) 
4 520 540 (-2576 3455.899902 256 ) (-2576 3391.899902 256 ) (-2577 3391.899902 256 ) (-2577 3455.899902 256 ) 
4 520 522 (-2577 3455.899902 256 ) (-2577 3391.899902 256 ) (-2577 3391.899902 320 ) (-2577 3455.899902 320 ) 
4 520 521 (-2577 3391.899902 320 ) (-2577 3391.899902 256 ) (-2576 3391.899902 256 ) (-2576 3391.899902 320 ) 
4 521 541 (-2576 3391.899902 256 ) (-2576 3280 256 ) (-2577 3280 256 ) (-2577 3391.899902 256 ) 
4 521 522 (-2577 3391.899902 256 ) (-2577 3280 256 ) (-2577 3280 384 ) (-2577 3391.899902 384 ) 
4 522 543 (-2577 3280 256 ) (-2736 3280 256 ) (-2736 3583.899902 256 ) (-2577 3583.899902 256 ) 
4 523 525 (-2412 4056 152 ) (-2412 4040 152 ) (-2412 4040 216 ) (-2412 4056 216 ) 
4 523 524 (-2412 4096 152 ) (-2412 4088 152 ) (-2412 4088 216 ) (-2412 4096 216 ) 
4 524 526 (-2416 4088 216 ) (-2416 4096 216 ) (-2416 4096 152 ) (-2416 4088 152 ) 
4 525 526 (-2416 4040 216 ) (-2416 4056 216 ) (-2416 4056 152 ) (-2416 4040 152 ) 
4 526 527 (-2432 4008 216 ) (-2432 4096 216 ) (-2432 4096 152 ) (-2432 4008 152 ) 
4 527 535 (-2576 4096 128 ) (-2576 3776 128 ) (-2576 3776 256 ) (-2576 4096 256 ) 
4 528 532 (-2560 3391.899902 192 ) (-2560 3391.899902 256 ) (-2560 3455.899902 256 ) (-2560 3455.899902 192 ) 
4 528 529 (-2560 3647.899902 256 ) (-2560 3647.899902 192 ) (-2560 3583.899902 192 ) (-2560 3583.899902 256 ) 
4 529 530 (-2570 3647.899902 256 ) (-2570 3647.899902 192 ) (-2570 3583.899902 192 ) (-2570 3583.899902 256 ) 
4 530 531 (-2572 3647.899902 256 ) (-2572 3647.899902 192 ) (-2572 3583.899902 192 ) (-2572 3583.899902 256 ) 
4 531 538 (-2576 3583.899902 192 ) (-2576 3583.899902 256 ) (-2576 3647.899902 256 ) (-2576 3647.899902 192 ) 
4 532 533 (-2570 3455.899902 256 ) (-2570 3455.899902 192 ) (-2570 3391.899902 192 ) (-2570 3391.899902 256 ) 
4 533 534 (-2572 3455.899902 256 ) (-2572 3455.899902 192 ) (-2572 3391.899902 192 ) (-2572 3391.899902 256 ) 
4 534 540 (-2576 3391.899902 192 ) (-2576 3391.899902 256 ) (-2576 3455.899902 256 ) (-2576 3455.899902 192 ) 
4 535 536 (-2688 3776 128 ) (-2616 3776 128 ) (-2616 3776 256 ) (-2688 3776 256 ) 
4 536 543 (-2688 3760 128 ) (-2616 3760 128 ) (-2616 3760 256 ) (-2688 3760 256 ) 
4 537 543 (-2577 3760 256 ) (-2577 3760 192 ) (-2577 3647.899902 192 ) (-2577 3647.899902 256 ) 
4 537 542 (-2577 3647.899902 192 ) (-2577 3760 192 ) (-2576 3760 192 ) (-2576 3647.899902 192 ) 
4 537 538 (-2577 3647.899902 256 ) (-2577 3647.899902 192 ) (-2576 3647.899902 192 ) (-2576 3647.899902 256 ) 
4 538 539 (-2577 3583.899902 256 ) (-2577 3583.899902 192 ) (-2576 3583.899902 192 ) (-2576 3583.899902 256 ) 
4 538 543 (-2577 3647.899902 192 ) (-2577 3583.899902 192 ) (-2577 3583.899902 256 ) (-2577 3647.899902 256 ) 
4 538 542 (-2577 3583.899902 192 ) (-2577 3647.899902 192 ) (-2576 3647.899902 192 ) (-2576 3583.899902 192 ) 
4 539 542 (-2577 3455.899902 192 ) (-2577 3583.899902 192 ) (-2576 3583.899902 192 ) (-2576 3455.899902 192 ) 
4 539 543 (-2577 3583.899902 192 ) (-2577 3455.899902 192 ) (-2577 3455.899902 256 ) (-2577 3583.899902 256 ) 
4 539 540 (-2577 3455.899902 256 ) (-2577 3455.899902 192 ) (-2576 3455.899902 192 ) (-2576 3455.899902 256 ) 
4 540 541 (-2577 3391.899902 256 ) (-2577 3391.899902 192 ) (-2576 3391.899902 192 ) (-2576 3391.899902 256 ) 
4 540 542 (-2577 3391.899902 192 ) (-2577 3455.899902 192 ) (-2576 3455.899902 192 ) (-2576 3391.899902 192 ) 
4 540 543 (-2577 3455.899902 192 ) (-2577 3391.899902 192 ) (-2577 3391.899902 256 ) (-2577 3455.899902 256 ) 
4 541 543 (-2577 3391.899902 192 ) (-2577 3280 192 ) (-2577 3280 256 ) (-2577 3391.899902 256 ) 
4 541 542 (-2576 3280 192 ) (-2577 3280 192 ) (-2577 3391.899902 192 ) (-2576 3391.899902 192 ) 
4 542 543 (-2577 3760 192 ) (-2577 3760 128 ) (-2577 3280 128 ) (-2577 3280 192 ) 
4 543 544 (-2736 3552 128 ) (-2736 3480 128 ) (-2736 3480 256 ) (-2736 3552 256 ) 
4 544 545 (-2752 3552 128 ) (-2752 3480 128 ) (-2752 3480 256 ) (-2752 3552 256 ) 
4 545 574 (-2976 3392 128 ) (-2976 3960 128 ) (-2848 3960 128 ) (-2848 3392 128 ) 
4 545 567 (-2976 3468 128 ) (-2976 3426 128 ) (-2976 3426 142 ) (-2976 3468 142 ) 
4 545 566 (-2976 3472 128 ) (-2976 3468 128 ) (-2976 3468 142 ) (-2976 3472 142 ) 
4 545 570 (-2976 3426 128 ) (-2976 3424 128 ) (-2976 3424 142 ) (-2976 3426 142 ) 
4 545 563 (-2976 3519 128 ) (-2976 3472 128 ) (-2976 3472 142 ) (-2976 3519 142 ) 
4 545 562 (-2976 3424 142 ) (-2976 3424 144 ) (-2976 3519 144 ) (-2976 3519 142 ) 
4 545 559 (-2976 3521 128 ) (-2976 3519 128 ) (-2976 3519 144 ) (-2976 3521 144 ) 
4 545 556 (-2976 3568 128 ) (-2976 3521 128 ) (-2976 3521 142 ) (-2976 3568 142 ) 
4 545 555 (-2976 3521 142 ) (-2976 3521 144 ) (-2976 3568 144 ) (-2976 3568 142 ) 
4 545 551 (-2976 3614 128 ) (-2976 3572 128 ) (-2976 3572 142 ) (-2976 3614 142 ) 
4 545 550 (-2976 3572 142 ) (-2976 3572 144 ) (-2976 3614 144 ) (-2976 3614 142 ) 
4 545 549 (-2976 3616 128 ) (-2976 3614 128 ) (-2976 3614 144 ) (-2976 3616 144 ) 
4 545 554 (-2976 3572 128 ) (-2976 3568 128 ) (-2976 3568 144 ) (-2976 3572 144 ) 
4 545 546 (-2976 4096 128 ) (-2976 3968 128 ) (-2976 3968 256 ) (-2976 4096 256 ) 
4 546 630 (-3072 4096 256 ) (-3072 4096 128 ) (-3072 3968 128 ) (-3072 3968 256 ) 
4 547 641 (-3072 3392 144 ) (-3072 3392 192 ) (-3072 3648 192 ) (-3072 3648 144 ) 
4 547 571 (-2992 3392 144 ) (-3072 3392 144 ) (-3072 3424 144 ) (-2992 3424 144 ) 
4 547 562 (-3072 3424 144 ) (-3072 3519 144 ) (-2992 3519 144 ) (-2992 3424 144 ) 
4 547 561 (-3072 3519 144 ) (-3072 3521 144 ) (-2992 3521 144 ) (-2992 3519 144 ) 
4 547 555 (-3072 3521 144 ) (-3072 3568 144 ) (-2992 3568 144 ) (-2992 3521 144 ) 
4 547 550 (-3072 3572 144 ) (-3072 3614 144 ) (-2992 3614 144 ) (-2992 3572 144 ) 
4 547 549 (-3072 3614 144 ) (-3072 3616 144 ) (-2992 3616 144 ) (-2992 3614 144 ) 
4 547 554 (-3072 3568 144 ) (-3072 3572 144 ) (-2992 3572 144 ) (-2992 3568 144 ) 
4 547 548 (-3072 3616 144 ) (-3072 3648 144 ) (-2992 3648 144 ) (-2992 3616 144 ) 
4 548 641 (-3072 3648 128 ) (-3072 3616 128 ) (-3072 3616 144 ) (-3072 3648 144 ) 
4 548 602 (-3072 3616 128 ) (-3072 3648 128 ) (-3008 3648 128 ) (-3008 3616 128 ) 
4 548 592 (-3008 3648 128 ) (-2992 3648 128 ) (-2992 3616 128 ) (-3008 3616 128 ) 
4 548 549 (-3072 3616 128 ) (-2992 3616 128 ) (-2992 3616 144 ) (-3072 3616 144 ) 
4 549 641 (-3072 3616 128 ) (-3072 3614 128 ) (-3072 3614 144 ) (-3072 3616 144 ) 
4 549 602 (-3072 3614 128 ) (-3072 3616 128 ) (-3008 3616 128 ) (-3008 3614 128 ) 
4 549 591 (-2992 3616 128 ) (-2984 3616 128 ) (-2984 3614 128 ) (-2992 3614 128 ) 
4 549 592 (-3008 3616 128 ) (-2992 3616 128 ) (-2992 3614 128 ) (-3008 3614 128 ) 
4 549 579 (-2984 3616 128 ) (-2976 3616 128 ) (-2978 3614 128 ) (-2984 3614 128 ) 
3 549 578 (-2976 3616 128 ) (-2976 3614 128 ) (-2978 3614 128 ) 
4 549 552 (-2987 3614 128 ) (-2986 3614 128 ) (-2986 3614 142 ) (-2987 3614 142 ) 
4 549 551 (-2986 3614 128 ) (-2976 3614 128 ) (-2976 3614 142 ) (-2986 3614 142 ) 
4 549 553 (-3072 3614 128 ) (-2987 3614 128 ) (-2987 3614 142 ) (-3072 3614 142 ) 
4 549 550 (-2976 3614 142 ) (-2976 3614 144 ) (-3072 3614 144 ) (-3072 3614 142 ) 
4 550 641 (-3072 3572 142 ) (-3072 3572 144 ) (-3072 3614 144 ) (-3072 3614 142 ) 
4 550 552 (-2986 3572 142 ) (-2987 3572 142 ) (-2987 3614 142 ) (-2986 3614 142 ) 
4 550 551 (-2976 3572 142 ) (-2986 3572 142 ) (-2986 3614 142 ) (-2976 3614 142 ) 
4 550 553 (-2987 3572 142 ) (-3072 3572 142 ) (-3072 3614 142 ) (-2987 3614 142 ) 
4 550 554 (-2976 3572 142 ) (-2976 3572 144 ) (-3072 3572 144 ) (-3072 3572 142 ) 
4 551 593 (-2986 3614 128 ) (-2984 3614 128 ) (-2984 3572 128 ) (-2986 3572 128 ) 
3 551 579 (-2984 3614 128 ) (-2978 3614 128 ) (-2984 3608 128 ) 
5 551 578 (-2978 3614 128 ) (-2976 3614 128 ) (-2976 3572 128 ) (-2984 3572 128 ) (-2984 3608 128 ) 
4 551 554 (-2986 3572 128 ) (-2976 3572 128 ) (-2976 3572 142 ) (-2986 3572 142 ) 
4 551 552 (-2986 3572 128 ) (-2986 3572 142 ) (-2986 3614 142 ) (-2986 3614 128 ) 
4 552 594 (-2987 3614 128 ) (-2986 3614 128 ) (-2986 3572 128 ) (-2987 3572 128 ) 
4 552 553 (-2987 3572 128 ) (-2987 3572 142 ) (-2987 3614 142 ) (-2987 3614 128 ) 
4 552 554 (-2987 3572 128 ) (-2986 3572 128 ) (-2986 3572 142 ) (-2987 3572 142 ) 
4 553 641 (-3072 3614 128 ) (-3072 3572 128 ) (-3072 3572 142 ) (-3072 3614 142 ) 
4 553 602 (-3072 3572 128 ) (-3072 3614 128 ) (-3008 3614 128 ) (-3008 3572 128 ) 
4 553 595 (-3008 3614 128 ) (-2987 3614 128 ) (-2987 3572 128 ) (-3008 3572 128 ) 
4 553 554 (-3072 3572 128 ) (-2987 3572 128 ) (-2987 3572 142 ) (-3072 3572 142 ) 
4 554 641 (-3072 3572 128 ) (-3072 3568 128 ) (-3072 3568 144 ) (-3072 3572 144 ) 
4 554 603 (-3072 3568 128 ) (-3072 3572 128 ) (-2984 3572 128 ) (-2984 3568 128 ) 
4 554 578 (-2984 3572 128 ) (-2976 3572 128 ) (-2976 3568 128 ) (-2984 3568 128 ) 
4 554 557 (-2987 3568 128 ) (-2986 3568 128 ) (-2986 3568 142 ) (-2987 3568 142 ) 
4 554 556 (-2986 3568 128 ) (-2976 3568 128 ) (-2976 3568 142 ) (-2986 3568 142 ) 
4 554 558 (-3072 3568 128 ) (-2987 3568 128 ) (-2987 3568 142 ) (-3072 3568 142 ) 
4 554 555 (-2976 3568 142 ) (-2976 3568 144 ) (-3072 3568 144 ) (-3072 3568 142 ) 
4 555 641 (-3072 3521 142 ) (-3072 3521 144 ) (-3072 3568 144 ) (-3072 3568 142 ) 
4 555 560 (-2984 3521 144 ) (-2988 3521 144 ) (-2988 3521 142 ) (-2984 3521 142 ) 
4 555 559 (-2976 3521 142 ) (-2976 3521 144 ) (-2984 3521 144 ) (-2984 3521 142 ) 
4 555 561 (-2988 3521 144 ) (-3072 3521 144 ) (-3072 3521 142 ) (-2988 3521 142 ) 
4 555 557 (-2986 3521 142 ) (-2987 3521 142 ) (-2987 3568 142 ) (-2986 3568 142 ) 
4 555 556 (-2976 3521 142 ) (-2986 3521 142 ) (-2986 3568 142 ) (-2976 3568 142 ) 
4 555 558 (-2987 3521 142 ) (-3072 3521 142 ) (-3072 3568 142 ) (-2987 3568 142 ) 
4 556 604 (-2986 3568 128 ) (-2984 3568 128 ) (-2984 3521 128 ) (-2986 3521 128 ) 
4 556 578 (-2984 3568 128 ) (-2976 3568 128 ) (-2976 3521 128 ) (-2984 3521 128 ) 
4 556 559 (-2984 3521 128 ) (-2976 3521 128 ) (-2976 3521 142 ) (-2984 3521 142 ) 
4 556 557 (-2986 3521 128 ) (-2986 3521 142 ) (-2986 3568 142 ) (-2986 3568 128 ) 
4 557 605 (-2987 3568 128 ) (-2986 3568 128 ) (-2986 3521 128 ) (-2987 3521 128 ) 
4 557 558 (-2987 3521 128 ) (-2987 3521 142 ) (-2987 3568 142 ) (-2987 3568 128 ) 
4 558 641 (-3072 3568 128 ) (-3072 3521 128 ) (-3072 3521 142 ) (-3072 3568 142 ) 
4 558 606 (-3072 3521 128 ) (-3072 3568 128 ) (-2987 3568 128 ) (-2987 3521 128 ) 
4 558 561 (-3072 3521 128 ) (-2988 3521 128 ) (-2988 3521 142 ) (-3072 3521 142 ) 
4 559 578 (-2984 3521 128 ) (-2976 3521 128 ) (-2976 3519 128 ) (-2984 3519 128 ) 
4 559 563 (-2984 3519 128 ) (-2976 3519 128 ) (-2976 3519 142 ) (-2984 3519 142 ) 
4 559 562 (-2976 3519 142 ) (-2976 3519 144 ) (-2984 3519 144 ) (-2984 3519 142 ) 
4 559 560 (-2984 3521 144 ) (-2984 3521 142 ) (-2984 3519 142 ) (-2984 3519 144 ) 
4 560 562 (-2984 3519 142 ) (-2984 3519 144 ) (-2988 3519 144 ) (-2988 3519 142 ) 
4 560 561 (-2988 3521 144 ) (-2988 3521 142 ) (-2988 3519 142 ) (-2988 3519 144 ) 
4 561 641 (-3072 3521 128 ) (-3072 3519 128 ) (-3072 3519 144 ) (-3072 3521 144 ) 
4 561 607 (-3072 3519 128 ) (-3072 3521 128 ) (-2988 3521 128 ) (-2988 3519 128 ) 
4 561 565 (-3072 3519 128 ) (-2988 3519 128 ) (-2988 3519 142 ) (-3072 3519 142 ) 
4 561 562 (-2988 3519 142 ) (-2988 3519 144 ) (-3072 3519 144 ) (-3072 3519 142 ) 
4 562 641 (-3072 3424 142 ) (-3072 3424 144 ) (-3072 3519 144 ) (-3072 3519 142 ) 
4 562 571 (-2992 3424 144 ) (-3072 3424 144 ) (-3072 3424 142 ) (-2992 3424 142 ) 
4 562 568 (-2987 3468 142 ) (-2986 3468 142 ) (-2986 3426 142 ) (-2987 3426 142 ) 
4 562 567 (-2986 3468 142 ) (-2976 3468 142 ) (-2976 3426 142 ) (-2986 3426 142 ) 
4 562 569 (-3072 3426 142 ) (-3072 3468 142 ) (-2987 3468 142 ) (-2987 3426 142 ) 
4 562 566 (-3072 3468 142 ) (-3072 3472 142 ) (-2976 3472 142 ) (-2976 3468 142 ) 
4 562 570 (-2976 3424 142 ) (-3072 3424 142 ) (-3072 3426 142 ) (-2976 3426 142 ) 
4 562 564 (-2987 3519 142 ) (-2986 3519 142 ) (-2986 3472 142 ) (-2987 3472 142 ) 
4 562 563 (-2986 3519 142 ) (-2976 3519 142 ) (-2976 3472 142 ) (-2986 3472 142 ) 
4 562 565 (-3072 3472 142 ) (-3072 3519 142 ) (-2987 3519 142 ) (-2987 3472 142 ) 
4 563 608 (-2986 3519 128 ) (-2984 3519 128 ) (-2984 3472 128 ) (-2986 3472 128 ) 
4 563 578 (-2984 3519 128 ) (-2976 3519 128 ) (-2976 3472 128 ) (-2984 3472 128 ) 
4 563 566 (-2986 3472 128 ) (-2976 3472 128 ) (-2976 3472 142 ) (-2986 3472 142 ) 
4 563 564 (-2986 3472 128 ) (-2986 3472 142 ) (-2986 3519 142 ) (-2986 3519 128 ) 
4 564 609 (-2987 3519 128 ) (-2986 3519 128 ) (-2986 3472 128 ) (-2987 3472 128 ) 
4 564 566 (-2987 3472 128 ) (-2986 3472 128 ) (-2986 3472 142 ) (-2987 3472 142 ) 
4 564 565 (-2987 3472 128 ) (-2987 3472 142 ) (-2987 3519 142 ) (-2987 3519 128 ) 
4 565 641 (-3072 3519 128 ) (-3072 3472 128 ) (-3072 3472 142 ) (-3072 3519 142 ) 
4 565 610 (-3072 3472 128 ) (-3072 3519 128 ) (-2987 3519 128 ) (-2987 3472 128 ) 
4 565 566 (-3072 3472 128 ) (-2987 3472 128 ) (-2987 3472 142 ) (-3072 3472 142 ) 
4 566 641 (-3072 3472 128 ) (-3072 3468 128 ) (-3072 3468 142 ) (-3072 3472 142 ) 
4 566 611 (-3072 3468 128 ) (-3072 3472 128 ) (-2984 3472 128 ) (-2984 3468 128 ) 
4 566 578 (-2984 3472 128 ) (-2976 3472 128 ) (-2976 3468 128 ) (-2984 3468 128 ) 
4 566 568 (-2987 3468 128 ) (-2986 3468 128 ) (-2986 3468 142 ) (-2987 3468 142 ) 
4 566 567 (-2986 3468 128 ) (-2976 3468 128 ) (-2976 3468 142 ) (-2986 3468 142 ) 
4 566 569 (-3072 3468 128 ) (-2987 3468 128 ) (-2987 3468 142 ) (-3072 3468 142 ) 
4 567 612 (-2986 3468 128 ) (-2984 3468 128 ) (-2984 3426 128 ) (-2986 3426 128 ) 
4 567 586 (-2978.500244 3426 128 ) (-2984 3426 128 ) (-2984 3431.987061 128 ) (-2978.662842 3426.649902 128 ) 
3 567 585 (-2984 3431.987061 128 ) (-2984 3448 128 ) (-2978.662842 3426.649902 128 ) 
3 567 584 (-2978.012695 3426 128 ) (-2978.500244 3426 128 ) (-2978.662842 3426.649902 128 ) 
6 567 578 (-2984 3468 128 ) (-2976 3468 128 ) (-2976 3426 128 ) (-2978.012695 3426 128 ) (-2978.662842 3426.649902 128 ) (-2984 3448 128 ) 
4 567 570 (-2986 3426 128 ) (-2976 3426 128 ) (-2976 3426 142 ) (-2986 3426 142 ) 
4 567 568 (-2986 3468 142 ) (-2986 3468 128 ) (-2986 3426 128 ) (-2986 3426 142 ) 
4 568 613 (-2987 3468 128 ) (-2986 3468 128 ) (-2986 3426 128 ) (-2987 3426 128 ) 
4 568 569 (-2987 3468 142 ) (-2987 3468 128 ) (-2987 3426 128 ) (-2987 3426 142 ) 
4 568 570 (-2987 3426 128 ) (-2986 3426 128 ) (-2986 3426 142 ) (-2987 3426 142 ) 
4 569 641 (-3072 3468 128 ) (-3072 3426 128 ) (-3072 3426 142 ) (-3072 3468 142 ) 
4 569 614 (-3072 3426 128 ) (-3072 3468 128 ) (-2987 3468 128 ) (-2987 3426 128 ) 
4 569 570 (-3072 3426 128 ) (-2987 3426 128 ) (-2987 3426 142 ) (-3072 3426 142 ) 
4 570 641 (-3072 3426 128 ) (-3072 3424 128 ) (-3072 3424 142 ) (-3072 3426 142 ) 
4 570 621 (-2992 3426 128 ) (-2984 3426 128 ) (-2984 3424 128 ) (-2992 3424 128 ) 
4 570 622 (-3072 3424 128 ) (-3072 3426 128 ) (-2992 3426 128 ) (-2992 3424 128 ) 
4 570 586 (-2984 3426 128 ) (-2978.500244 3426 128 ) (-2978 3424 128 ) (-2984 3424 128 ) 
4 570 584 (-2978.500244 3426 128 ) (-2978.012695 3426 128 ) (-2976.012939 3424 128 ) (-2978 3424 128 ) 
4 570 578 (-2978.012695 3426 128 ) (-2976 3426 128 ) (-2976 3424 128 ) (-2976.012939 3424 128 ) 
4 570 571 (-3072 3424 128 ) (-2992 3424 128 ) (-2992 3424 142 ) (-3072 3424 142 ) 
4 571 641 (-3072 3424 128 ) (-3072 3392 128 ) (-3072 3392 144 ) (-3072 3424 144 ) 
4 571 622 (-3072 3392 128 ) (-3072 3424 128 ) (-2992 3424 128 ) (-2992 3392 128 ) 
4 572 576 (-2976 4096 0 ) (-2976 3968 0 ) (-2976 3968 0.312500 ) (-2976 4096 0.312500 ) 
4 572 577 (-2976 3968 0 ) (-2976 3960 0 ) (-2976 3960 112 ) (-2976 3968 112 ) 
4 572 573 (-2848 3960 0 ) (-2752 3960 0 ) (-2752 3960 112 ) (-2848 3960 112 ) 
4 572 574 (-2976 3960 112 ) (-2976 3960 0 ) (-2848 3960 0 ) (-2848 3960 112 ) 
4 573 574 (-2848 3960 112 ) (-2848 3960 0 ) (-2848 3392 0 ) (-2848 3392 112 ) 
3 574 583 (-2976 3415.998779 115.218246 ) (-2976 3415.998779 128 ) (-2976 3423.987305 128 ) 
4 574 581 (-2976 3618 124.800148 ) (-2976 3618 128 ) (-2976 3624 128 ) (-2976 3624 115.200607 ) 
4 574 580 (-2976 3624 0 ) (-2976 3618 0 ) (-2976 3618 124.800148 ) (-2976 3624 115.200607 ) 
6 574 578 (-2976 3618 0 ) (-2976 3415.998779 0 ) (-2976 3415.998779 115.218246 ) (-2976 3423.987305 128 ) (-2976 3616 128 ) (-2976 3618 124.800148 ) 
4 574 577 (-2976 3960 0 ) (-2976 3744 0 ) (-2976 3744 112 ) (-2976 3960 112 ) 
4 574 575 (-2976 3744 128 ) (-2976 3960 128 ) (-2976 3960 112 ) (-2976 3744 112 ) 
4 575 588 (-2984 3744 128 ) (-2984 3960 128 ) (-2984 3960 112 ) (-2984 3744 112 ) 
4 575 577 (-2984 3744 112 ) (-2984 3960 112 ) (-2976 3960 112 ) (-2976 3744 112 ) 
4 576 589 (-2984 4096 0 ) (-2984 3968 0 ) (-2984 3968 0.312500 ) (-2984 4096 0.312500 ) 
4 576 577 (-2976 3968 0 ) (-2976 3968 0.312500 ) (-2984 3968 0.312500 ) (-2984 3968 0 ) 
4 577 590 (-2984 3968 0 ) (-2984 3744 0 ) (-2984 3744 112 ) (-2984 3968 112 ) 
4 578 617 (-2984 3448 48 ) (-2984 3448 108 ) (-2984 3468 108 ) (-2984 3468 48 ) 
4 578 616 (-2984 3448 108 ) (-2984 3448 110 ) (-2984 3468 110 ) (-2984 3468 108 ) 
4 578 620 (-2984 3468 0 ) (-2984 3448 0 ) (-2984 3448 48 ) (-2984 3468 48 ) 
4 578 615 (-2984 3572 0 ) (-2984 3468 0 ) (-2984 3468 110 ) (-2984 3572 110 ) 
4 578 612 (-2984 3448 110 ) (-2984 3448 128 ) (-2984 3468 128 ) (-2984 3468 110 ) 
4 578 611 (-2984 3468 128 ) (-2984 3472 128 ) (-2984 3472 110 ) (-2984 3468 110 ) 
4 578 608 (-2984 3472 128 ) (-2984 3519 128 ) (-2984 3519 110 ) (-2984 3472 110 ) 
4 578 604 (-2984 3521 128 ) (-2984 3568 128 ) (-2984 3568 110 ) (-2984 3521 110 ) 
4 578 603 (-2984 3568 128 ) (-2984 3572 128 ) (-2984 3572 110 ) (-2984 3568 110 ) 
4 578 597 (-2984 3572 48 ) (-2984 3572 108 ) (-2984 3614 108 ) (-2984 3614 48 ) 
4 578 600 (-2984 3614 0 ) (-2984 3572 0 ) (-2984 3572 48 ) (-2984 3614 48 ) 
5 578 593 (-2984 3572 110 ) (-2984 3572 128 ) (-2984 3608 128 ) (-2984 3614 118.401039 ) (-2984 3614 110 ) 
4 578 596 (-2984 3572 108 ) (-2984 3572 110 ) (-2984 3614 110 ) (-2984 3614 108 ) 
4 578 591 (-2984 3616 0 ) (-2984 3614 0 ) (-2984 3614 118.401039 ) (-2984 3616 115.200607 ) 
4 578 587 (-2977.598877 3422.399658 0 ) (-2976.998535 3419.998535 0 ) (-2976.998535 3419.998535 120.020065 ) (-2977.598877 3422.399658 122.901505 ) 
5 578 585 (-2984 3448.003906 128 ) (-2984 3448.003906 0 ) (-2977.598877 3422.399658 0 ) (-2977.598877 3422.399658 122.901505 ) (-2978.661133 3426.648438 128 ) 
3 578 584 (-2978.666504 3426.654541 128 ) (-2977.885742 3423.531494 124.252342 ) (-2976.011963 3424 128 ) 
3 578 583 (-2977 3419.988770 120.001007 ) (-2976 3415.988281 115.200287 ) (-2976 3423.988037 128 ) 
4 578 582 (-2980 3617 120 ) (-2977.600098 3617.599854 122.881081 ) (-2977.600098 3617.599854 0 ) (-2980 3617 0 ) 
4 578 580 (-2977.600098 3617.599854 122.881081 ) (-2976 3618 124.801361 ) (-2976 3618 0 ) (-2977.600098 3617.599854 0 ) 
5 578 579 (-2980.004883 3617.001709 119.987808 ) (-2984 3616.002930 115.193787 ) (-2984 3608 128 ) (-2976 3616 128 ) (-2976 3616 127.997543 ) 
3 579 593 (-2984 3608 128 ) (-2984 3614 128 ) (-2984 3614 118.401039 ) 
4 579 591 (-2984 3614 128 ) (-2984 3616 128 ) (-2984 3616 115.200607 ) (-2984 3614 118.401039 ) 
4 580 582 (-2977.599609 3617.597656 0 ) (-2977.599609 3617.597656 122.885559 ) (-2976.998535 3620.002441 120 ) (-2976.998535 3620.002441 0 ) 
4 580 581 (-2976 3624.003906 115.197037 ) (-2977 3620.002441 119.998810 ) (-2976.471680 3617.887451 124.228432 ) (-2976 3618.005371 124.794533 ) 
3 584 586 (-2978 3424 128 ) (-2978.661133 3426.648438 128 ) (-2977.882080 3423.532471 124.260986 ) 
4 585 621 (-2984 3426 0 ) (-2984 3424 0 ) (-2984 3424 115.220665 ) (-2984 3426 118.420677 ) 
4 585 617 (-2984 3426 48 ) (-2984 3426 108 ) (-2984 3448 108 ) (-2984 3448 48 ) 
4 585 616 (-2984 3426 108 ) (-2984 3426 110 ) (-2984 3448 110 ) (-2984 3448 108 ) 
4 585 620 (-2984 3448 0 ) (-2984 3426 0 ) (-2984 3426 48 ) (-2984 3448 48 ) 
5 585 612 (-2984 3426 110 ) (-2984 3426 118.420677 ) (-2984 3431.987061 128 ) (-2984 3448 128 ) (-2984 3448 110 ) 
4 585 587 (-2980 3423 0 ) (-2977.601562 3422.400391 0 ) (-2977.601562 3422.400391 122.898636 ) (-2980 3423 120.020569 ) 
5 585 586 (-2984 3424 115.220337 ) (-2980.008545 3423.001221 120.010109 ) (-2977.884766 3423.532227 124.257721 ) (-2978.664307 3426.650635 128 ) (-2984 3431.986328 128 ) 
4 586 621 (-2984 3424 115.220665 ) (-2984 3424 128 ) (-2984 3426 128 ) (-2984 3426 118.420677 ) 
3 586 612 (-2984 3426 128 ) (-2984 3431.987061 128 ) (-2984 3426 118.420677 ) 
4 588 602 (-3008 3744 128 ) (-3008 3960 128 ) (-3008 3960 112 ) (-3008 3744 112 ) 
4 588 590 (-3008 3744 112 ) (-3008 3960 112 ) (-2984 3960 112 ) (-2984 3744 112 ) 
4 589 601 (-3008 4096 0 ) (-3008 3968 0 ) (-3008 3968 0.312500 ) (-3008 4096 0.312500 ) 
4 589 590 (-2984 3968 0 ) (-2984 3968 0.312500 ) (-3008 3968 0.312500 ) (-3008 3968 0 ) 
4 590 601 (-3008 3968 0 ) (-3008 3960 0 ) (-3008 3960 112 ) (-3008 3968 112 ) 
4 590 602 (-3008 3960 0 ) (-3008 3744 0 ) (-3008 3744 112 ) (-3008 3960 112 ) 
4 591 598 (-2986 3614 108 ) (-2987 3614 108 ) (-2987 3614 48 ) (-2986 3614 48 ) 
4 591 597 (-2984 3614 48 ) (-2984 3614 108 ) (-2986 3614 108 ) (-2986 3614 48 ) 
4 591 599 (-2987 3614 108 ) (-2992 3614 108 ) (-2992 3614 48 ) (-2987 3614 48 ) 
4 591 600 (-2992 3614 0 ) (-2984 3614 0 ) (-2984 3614 48 ) (-2992 3614 48 ) 
4 591 594 (-2986 3614 128 ) (-2987 3614 128 ) (-2987 3614 110 ) (-2986 3614 110 ) 
4 591 593 (-2984 3614 110 ) (-2984 3614 128 ) (-2986 3614 128 ) (-2986 3614 110 ) 
4 591 595 (-2987 3614 128 ) (-2992 3614 128 ) (-2992 3614 110 ) (-2987 3614 110 ) 
4 591 596 (-2984 3614 108 ) (-2984 3614 110 ) (-2992 3614 110 ) (-2992 3614 108 ) 
4 591 592 (-2992 3616 0 ) (-2992 3614 0 ) (-2992 3614 128 ) (-2992 3616 128 ) 
4 592 602 (-3008 3648 0 ) (-3008 3614 0 ) (-3008 3614 128 ) (-3008 3648 128 ) 
4 592 599 (-3008 3614 108 ) (-3008 3614 48 ) (-2992 3614 48 ) (-2992 3614 108 ) 
4 592 600 (-3008 3614 48 ) (-3008 3614 0 ) (-2992 3614 0 ) (-2992 3614 48 ) 
4 592 595 (-3008 3614 128 ) (-3008 3614 110 ) (-2992 3614 110 ) (-2992 3614 128 ) 
4 592 596 (-3008 3614 110 ) (-3008 3614 108 ) (-2992 3614 108 ) (-2992 3614 110 ) 
4 593 603 (-2984 3572 110 ) (-2984 3572 128 ) (-2986 3572 128 ) (-2986 3572 110 ) 
4 593 596 (-2984 3572 110 ) (-2986 3572 110 ) (-2986 3614 110 ) (-2984 3614 110 ) 
4 593 594 (-2986 3614 128 ) (-2986 3614 110 ) (-2986 3572 110 ) (-2986 3572 128 ) 
4 594 603 (-2986 3572 128 ) (-2987 3572 128 ) (-2987 3572 110 ) (-2986 3572 110 ) 
4 594 595 (-2987 3614 128 ) (-2987 3614 110 ) (-2987 3572 110 ) (-2987 3572 128 ) 
4 594 596 (-2986 3572 110 ) (-2987 3572 110 ) (-2987 3614 110 ) (-2986 3614 110 ) 
4 595 603 (-2987 3572 128 ) (-3008 3572 128 ) (-3008 3572 110 ) (-2987 3572 110 ) 
4 595 602 (-3008 3572 110 ) (-3008 3572 128 ) (-3008 3614 128 ) (-3008 3614 110 ) 
4 595 596 (-2987 3572 110 ) (-3008 3572 110 ) (-3008 3614 110 ) (-2987 3614 110 ) 
4 596 615 (-2984 3572 108 ) (-2984 3572 110 ) (-3008 3572 110 ) (-3008 3572 108 ) 
4 596 602 (-3008 3572 108 ) (-3008 3572 110 ) (-3008 3614 110 ) (-3008 3614 108 ) 
4 596 598 (-2986 3572 108 ) (-2987 3572 108 ) (-2987 3614 108 ) (-2986 3614 108 ) 
4 596 597 (-2984 3572 108 ) (-2986 3572 108 ) (-2986 3614 108 ) (-2984 3614 108 ) 
4 596 599 (-2987 3572 108 ) (-3008 3572 108 ) (-3008 3614 108 ) (-2987 3614 108 ) 
4 597 615 (-2984 3572 48 ) (-2984 3572 108 ) (-2986 3572 108 ) (-2986 3572 48 ) 
4 597 600 (-2984 3572 48 ) (-2986 3572 48 ) (-2986 3614 48 ) (-2984 3614 48 ) 
4 597 598 (-2986 3614 48 ) (-2986 3572 48 ) (-2986 3572 108 ) (-2986 3614 108 ) 
4 598 615 (-2986 3572 108 ) (-2987 3572 108 ) (-2987 3572 48 ) (-2986 3572 48 ) 
4 598 599 (-2987 3614 48 ) (-2987 3572 48 ) (-2987 3572 108 ) (-2987 3614 108 ) 
4 598 600 (-2986 3572 48 ) (-2987 3572 48 ) (-2987 3614 48 ) (-2986 3614 48 ) 
4 599 615 (-2987 3572 108 ) (-3008 3572 108 ) (-3008 3572 48 ) (-2987 3572 48 ) 
4 599 602 (-3008 3572 48 ) (-3008 3572 108 ) (-3008 3614 108 ) (-3008 3614 48 ) 
4 599 600 (-2987 3572 48 ) (-3008 3572 48 ) (-3008 3614 48 ) (-2987 3614 48 ) 
4 600 615 (-3008 3572 0 ) (-2984 3572 0 ) (-2984 3572 48 ) (-3008 3572 48 ) 
4 600 602 (-3008 3614 0 ) (-3008 3572 0 ) (-3008 3572 48 ) (-3008 3614 48 ) 
4 601 643 (-3072 3968 0 ) (-3072 3960 0 ) (-3072 3960 112 ) (-3072 3968 112 ) 
4 601 637 (-3072 4096 112 ) (-3072 4096 0 ) (-3072 3968 0 ) (-3072 3968 112 ) 
4 601 602 (-3072 3960 0 ) (-3008 3960 0 ) (-3008 3960 112 ) (-3072 3960 112 ) 
4 602 650 (-3072 3579.868652 0 ) (-3072 3572 0 ) (-3072 3572 1 ) (-3072 3579.868408 1 ) 
4 602 647 (-3072 3648 0 ) (-3072 3579.868652 0 ) (-3072 3579.868408 1 ) (-3072 3648 1 ) 
4 602 646 (-3072 3572 1 ) (-3072 3572 128 ) (-3072 3648 128 ) (-3072 3648 1 ) 
4 602 645 (-3072 3680 0 ) (-3072 3648 0 ) (-3072 3648 128 ) (-3072 3680 128 ) 
4 602 644 (-3072 3960 0 ) (-3072 3680 0 ) (-3072 3680 128 ) (-3072 3960 128 ) 
4 602 615 (-3072 3572 0 ) (-3008 3572 0 ) (-3008 3572 110 ) (-3072 3572 110 ) 
4 602 603 (-3008 3572 110 ) (-3008 3572 128 ) (-3072 3572 128 ) (-3072 3572 110 ) 
4 603 646 (-3072 3568 128 ) (-3072 3572 128 ) (-3072 3572 110 ) (-3072 3568 110 ) 
4 603 615 (-3072 3568 110 ) (-3072 3572 110 ) (-2984 3572 110 ) (-2984 3568 110 ) 
4 603 605 (-2987 3568 110 ) (-2986 3568 110 ) (-2986 3568 128 ) (-2987 3568 128 ) 
4 603 604 (-2986 3568 110 ) (-2984 3568 110 ) (-2984 3568 128 ) (-2986 3568 128 ) 
4 603 606 (-3072 3568 110 ) (-2987 3568 110 ) (-2987 3568 128 ) (-3072 3568 128 ) 
4 604 615 (-2986 3568 110 ) (-2984 3568 110 ) (-2984 3521 110 ) (-2986 3521 110 ) 
4 604 605 (-2986 3568 128 ) (-2986 3568 110 ) (-2986 3521 110 ) (-2986 3521 128 ) 
4 605 615 (-2987 3568 110 ) (-2986 3568 110 ) (-2986 3521 110 ) (-2987 3521 110 ) 
4 605 606 (-2987 3568 128 ) (-2987 3568 110 ) (-2987 3521 110 ) (-2987 3521 128 ) 
4 606 651 (-3072 3521 128 ) (-3072 3552 128 ) (-3072 3552 110 ) (-3072 3521 110 ) 
4 606 646 (-3072 3552 128 ) (-3072 3568 128 ) (-3072 3568 110 ) (-3072 3552 110 ) 
4 606 615 (-3072 3521 110 ) (-3072 3568 110 ) (-2987 3568 110 ) (-2987 3521 110 ) 
4 606 607 (-3072 3521 110 ) (-2988 3521 110 ) (-2988 3521 128 ) (-3072 3521 128 ) 
4 607 651 (-3072 3519 128 ) (-3072 3521 128 ) (-3072 3521 110 ) (-3072 3519 110 ) 
4 607 615 (-3072 3519 110 ) (-3072 3521 110 ) (-2988 3521 110 ) (-2988 3519 110 ) 
4 607 610 (-3072 3519 110 ) (-2988 3519 110 ) (-2988 3519 128 ) (-3072 3519 128 ) 
4 608 615 (-2986 3519 110 ) (-2984 3519 110 ) (-2984 3472 110 ) (-2986 3472 110 ) 
4 608 611 (-2986 3472 110 ) (-2984 3472 110 ) (-2984 3472 128 ) (-2986 3472 128 ) 
4 608 609 (-2986 3519 128 ) (-2986 3519 110 ) (-2986 3472 110 ) (-2986 3472 128 ) 
4 609 615 (-2987 3519 110 ) (-2986 3519 110 ) (-2986 3472 110 ) (-2987 3472 110 ) 
4 609 611 (-2987 3472 110 ) (-2986 3472 110 ) (-2986 3472 128 ) (-2987 3472 128 ) 
4 609 610 (-2987 3519 128 ) (-2987 3519 110 ) (-2987 3472 110 ) (-2987 3472 128 ) 
4 610 651 (-3072 3472 128 ) (-3072 3519 128 ) (-3072 3519 110 ) (-3072 3472 110 ) 
4 610 615 (-3072 3472 110 ) (-3072 3519 110 ) (-2987 3519 110 ) (-2987 3472 110 ) 
4 610 611 (-3072 3472 110 ) (-2987 3472 110 ) (-2987 3472 128 ) (-3072 3472 128 ) 
4 611 651 (-3072 3468 128 ) (-3072 3472 128 ) (-3072 3472 110 ) (-3072 3468 110 ) 
4 611 615 (-3072 3468 110 ) (-3072 3472 110 ) (-2984 3472 110 ) (-2984 3468 110 ) 
4 611 613 (-2987 3468 110 ) (-2986 3468 110 ) (-2986 3468 128 ) (-2987 3468 128 ) 
4 611 612 (-2986 3468 110 ) (-2984 3468 110 ) (-2984 3468 128 ) (-2986 3468 128 ) 
4 611 614 (-3072 3468 110 ) (-2987 3468 110 ) (-2987 3468 128 ) (-3072 3468 128 ) 
4 612 621 (-2984 3426 110 ) (-2984 3426 128 ) (-2986 3426 128 ) (-2986 3426 110 ) 
4 612 616 (-2984 3426 110 ) (-2986 3426 110 ) (-2986 3468 110 ) (-2984 3468 110 ) 
4 612 613 (-2986 3468 128 ) (-2986 3468 110 ) (-2986 3426 110 ) (-2986 3426 128 ) 
4 613 621 (-2986 3426 128 ) (-2987 3426 128 ) (-2987 3426 110 ) (-2986 3426 110 ) 
4 613 616 (-2986 3426 110 ) (-2987 3426 110 ) (-2987 3468 110 ) (-2986 3468 110 ) 
4 613 614 (-2987 3468 128 ) (-2987 3468 110 ) (-2987 3426 110 ) (-2987 3426 128 ) 
4 614 651 (-3072 3426 110 ) (-3072 3426 128 ) (-3072 3468 128 ) (-3072 3468 110 ) 
4 614 621 (-2987 3426 128 ) (-2992 3426 128 ) (-2992 3426 110 ) (-2987 3426 110 ) 
4 614 622 (-2992 3426 128 ) (-3072 3426 128 ) (-3072 3426 110 ) (-2992 3426 110 ) 
4 614 616 (-2987 3426 110 ) (-3072 3426 110 ) (-3072 3468 110 ) (-2987 3468 110 ) 
4 615 660 (-3072 3552 0 ) (-3072 3524.153809 0 ) (-3072 3524.153809 1 ) (-3072 3552 1 ) 
4 615 659 (-3072 3524.153809 0 ) (-3072 3468 0 ) (-3072 3468 1 ) (-3072 3524.153809 1 ) 
4 615 651 (-3072 3468 1 ) (-3072 3468 110 ) (-3072 3552 110 ) (-3072 3552 1 ) 
4 615 650 (-3072 3572 0 ) (-3072 3563.233398 0 ) (-3072 3563.233398 1 ) (-3072 3572 1 ) 
4 615 649 (-3072 3563.233398 0 ) (-3072 3552 0 ) (-3072 3552 1 ) (-3072 3563.233398 1 ) 
4 615 646 (-3072 3552 1 ) (-3072 3552 110 ) (-3072 3572 110 ) (-3072 3572 1 ) 
4 615 618 (-2986 3468 108 ) (-2987 3468 108 ) (-2987 3468 48 ) (-2986 3468 48 ) 
4 615 617 (-2984 3468 48 ) (-2984 3468 108 ) (-2986 3468 108 ) (-2986 3468 48 ) 
4 615 619 (-2987 3468 108 ) (-3072 3468 108 ) (-3072 3468 48 ) (-2987 3468 48 ) 
4 615 616 (-2984 3468 108 ) (-2984 3468 110 ) (-3072 3468 110 ) (-3072 3468 108 ) 
4 615 620 (-3072 3468 0 ) (-2984 3468 0 ) (-2984 3468 48 ) (-3072 3468 48 ) 
4 616 651 (-3072 3426 108 ) (-3072 3426 110 ) (-3072 3468 110 ) (-3072 3468 108 ) 
4 616 621 (-2984 3426 108 ) (-2984 3426 110 ) (-2992 3426 110 ) (-2992 3426 108 ) 
4 616 622 (-2992 3426 110 ) (-3072 3426 110 ) (-3072 3426 108 ) (-2992 3426 108 ) 
4 616 618 (-2986 3426 108 ) (-2987 3426 108 ) (-2987 3468 108 ) (-2986 3468 108 ) 
4 616 617 (-2984 3426 108 ) (-2986 3426 108 ) (-2986 3468 108 ) (-2984 3468 108 ) 
4 616 619 (-2987 3426 108 ) (-3072 3426 108 ) (-3072 3468 108 ) (-2987 3468 108 ) 
4 617 621 (-2984 3426 48 ) (-2984 3426 108 ) (-2986 3426 108 ) (-2986 3426 48 ) 
4 617 620 (-2984 3426 48 ) (-2986 3426 48 ) (-2986 3468 48 ) (-2984 3468 48 ) 
4 617 618 (-2986 3468 48 ) (-2986 3426 48 ) (-2986 3426 108 ) (-2986 3468 108 ) 
4 618 621 (-2986 3426 108 ) (-2987 3426 108 ) (-2987 3426 48 ) (-2986 3426 48 ) 
4 618 619 (-2987 3468 48 ) (-2987 3426 48 ) (-2987 3426 108 ) (-2987 3468 108 ) 
4 618 620 (-2986 3426 48 ) (-2987 3426 48 ) (-2987 3468 48 ) (-2986 3468 48 ) 
4 619 651 (-3072 3426 48 ) (-3072 3426 108 ) (-3072 3468 108 ) (-3072 3468 48 ) 
4 619 621 (-2987 3426 108 ) (-2992 3426 108 ) (-2992 3426 48 ) (-2987 3426 48 ) 
4 619 622 (-2992 3426 108 ) (-3072 3426 108 ) (-3072 3426 48 ) (-2992 3426 48 ) 
4 619 620 (-2987 3426 48 ) (-3072 3426 48 ) (-3072 3468 48 ) (-2987 3468 48 ) 
4 620 659 (-3072 3468 0 ) (-3072 3426 0 ) (-3072 3426 1 ) (-3072 3468 1 ) 
4 620 651 (-3072 3426 1 ) (-3072 3426 48 ) (-3072 3468 48 ) (-3072 3468 1 ) 
4 620 621 (-2992 3426 0 ) (-2984 3426 0 ) (-2984 3426 48 ) (-2992 3426 48 ) 
4 620 622 (-3072 3426 0 ) (-2992 3426 0 ) (-2992 3426 48 ) (-3072 3426 48 ) 
4 621 622 (-2992 3426 128 ) (-2992 3426 0 ) (-2992 3424 0 ) (-2992 3424 128 ) 
4 622 659 (-3072 3426 0 ) (-3072 3404.049072 0 ) (-3072 3404.049072 1 ) (-3072 3426 1 ) 
4 622 653 (-3072 3404.049072 0 ) (-3072 3392 0 ) (-3072 3392 1 ) (-3072 3404.049072 1 ) 
4 622 651 (-3072 3392 1 ) (-3072 3392 128 ) (-3072 3426 128 ) (-3072 3426 1 ) 
4 623 640 (-3328 3968 448 ) (-3456 3968 448 ) (-3456 3968 320 ) (-3328 3968 320.016083 ) 
4 623 629 (-3384 3968 320.006775 ) (-3386.671875 3968 320.006409 ) (-3386.671875 4012 344.006409 ) (-3384 4012 344.006775 ) 
4 623 625 (-3400 4012 344.004639 ) (-3386.671875 4012 344.006409 ) (-3386.671875 3968 320.006409 ) (-3400 3968 320.004639 ) 
5 624 630 (-3456 4012 256 ) (-3456 4096 256 ) (-3328 4096 256 ) (-3328 4012.017090 256 ) (-3328.006104 4012 256 ) 
5 624 628 (-3328 4012.023438 256 ) (-3328 4096 301.805389 ) (-3368.005371 4096 361.819214 ) (-3368.005127 4012 316 ) (-3328.008545 4012 256 ) 
5 624 627 (-3416.001953 4012 315.997620 ) (-3416.006348 4012 315.996887 ) (-3440.001953 4012 303.997101 ) (-3456 4012 280 ) (-3456 4012 256.010345 ) 
5 624 626 (-3400 4012 318.663300 ) (-3416.001953 4012 315.997620 ) (-3456 4012 256.010345 ) (-3456 4012 256 ) (-3400 4012 256 ) 
5 624 625 (-3328.005127 4012 256 ) (-3368.001953 4012 316 ) (-3391.993652 4012 319.997040 ) (-3400 4012 318.663300 ) (-3400 4012 256 ) 
4 625 630 (-3344.004883 3968 256 ) (-3400 3968 256 ) (-3400 4012 256 ) (-3328.006104 4012 256 ) 
4 625 629 (-3386.676025 4012 344.009949 ) (-3386.676025 3968 320.009949 ) (-3384 3968 315.995544 ) (-3384 4012 339.995544 ) 
4 625 628 (-3368.005127 3968 292 ) (-3344.006836 3968 256 ) (-3328.008545 4012 256 ) (-3368.005127 4012 316 ) 
4 625 626 (-3400 4012 339.996307 ) (-3400 4012 256 ) (-3400 3968 256 ) (-3400 3968 315.996399 ) 
5 626 630 (-3400 3968 256 ) (-3440.004150 3968 256 ) (-3456 4011.980957 256 ) (-3456 4012 256 ) (-3400 4012 256 ) 
5 626 627 (-3416 4012 316 ) (-3456 4012 256.010101 ) (-3456 4011.981445 256 ) (-3440.003906 3968 256 ) (-3416 3968 292 ) 
3 627 630 (-3440.004150 3968 256 ) (-3456 3968 256 ) (-3456 4011.980957 256 ) 
3 628 630 (-3328 3968 256 ) (-3344.004883 3968 256 ) (-3328 4012.017090 256 ) 
5 631 636 (-3600 4012 280 ) (-3600 4012 256 ) (-3559.998779 4012 316.002136 ) (-3560.014404 4012 316 ) (-3584 4012 304.005096 ) 
5 631 635 (-3600 4012 256 ) (-3600 4012 128 ) (-3544 4012 128 ) (-3544 4012 318.665924 ) (-3559.998779 4012 316.002136 ) 
5 631 634 (-3544 4012 128 ) (-3528 4012 128 ) (-3528 4012 318.667969 ) (-3535.993896 4012 319.998932 ) (-3544 4012 318.665924 ) 
6 631 632 (-3528 4012 128 ) (-3472 4012 128 ) (-3472 4012 280 ) (-3488.004150 4012 304.002167 ) (-3512.017578 4012 316.006897 ) (-3528 4012 318.667969 ) 
4 632 634 (-3528 4012 323.996643 ) (-3528 4012 128 ) (-3528 3968 128 ) (-3528 3968 299.996948 ) 
4 632 633 (-3512 4012 316 ) (-3528 4012 323.998047 ) (-3528 3968 299.998047 ) (-3512 3968 292 ) 
4 633 634 (-3528 4012 339.995850 ) (-3528 4012 323.996643 ) (-3528 3968 299.996948 ) (-3528 3968 315.996124 ) 
4 634 635 (-3544 4012 340 ) (-3544 4012 128 ) (-3544 3968 128 ) (-3544 3968 316 ) 
4 635 636 (-3559.993408 4012 316.010010 ) (-3600 4012 256 ) (-3600 3968 232 ) (-3559.993164 3968 292.010193 ) 
4 637 643 (-3072 3968 0 ) (-3072 3968 112 ) (-3296 3968 112 ) (-3296 3968 0 ) 
4 641 651 (-3072 3552 128 ) (-3072 3392 128 ) (-3584 3392 128 ) (-3584 3552 128 ) 
4 641 646 (-3072 3648 128 ) (-3072 3552 128 ) (-3584 3552 128 ) (-3584 3648 128 ) 
4 642 672 (-3720 3584 128 ) (-3720 3456 128 ) (-3776 3456 128 ) (-3776 3584 128 ) 
4 643 644 (-3296 3960 112 ) (-3296 3960 0 ) (-3072 3960 0 ) (-3072 3960 112 ) 
4 644 645 (-3136 3680 0 ) (-3072 3680 0 ) (-3072 3680 128 ) (-3136 3680 128 ) 
4 645 647 (-3136 3648 0 ) (-3072 3648 0 ) (-3072 3648 1 ) (-3136 3648 1 ) 
4 645 646 (-3072 3648 1 ) (-3072 3648 128 ) (-3136 3648 128 ) (-3136 3648 1 ) 
4 646 651 (-3072 3552 1 ) (-3072 3552 128 ) (-3712 3552 128 ) (-3712 3552 1 ) 
4 646 650 (-3236.399170 3623.862305 1 ) (-3072 3579.868652 1 ) (-3072 3563.233398 1 ) (-3240.550049 3608.399902 1 ) 
4 646 649 (-3072 3552 1 ) (-3272.211426 3552 1 ) (-3256 3612.540039 1 ) (-3072 3563.233398 1 ) 
5 646 648 (-3272.211426 3552 1 ) (-3712 3552 1 ) (-3712 3648 1 ) (-3326.598145 3648 1 ) (-3251.860107 3628 1 ) 
3 646 647 (-3326.598145 3648 1 ) (-3072 3648 1 ) (-3072 3579.868652 1 ) 
4 647 673 (-3120 3632 0 ) (-3120 3592.713623 0 ) (-3248 3626.966797 0 ) (-3248 3632 0 ) 
4 647 650 (-3072 3579.869141 1 ) (-3236.398926 3623.862549 1 ) (-3236.398926 3623.862549 0 ) (-3072 3579.869141 0 ) 
4 647 648 (-3251.860107 3628 1 ) (-3326.597656 3648 1 ) (-3326.597656 3648 0 ) (-3251.860107 3628 0 ) 
4 648 674 (-3712 3648 0 ) (-3584 3648 0 ) (-3584 3552 0 ) (-3712 3552 0 ) 
4 648 668 (-3599.087646 3552 0 ) (-3580.610107 3552 0 ) (-3580.610107 3552 1 ) (-3599.087646 3552 1 ) 
4 648 667 (-3580.610107 3552 0 ) (-3474.686768 3552 0 ) (-3474.686768 3552 1 ) (-3580.610107 3552 1 ) 
4 648 666 (-3474.686768 3552 0 ) (-3367.084961 3552 0 ) (-3367.084961 3552 1 ) (-3474.686768 3552 1 ) 
4 648 662 (-3712 3552 0 ) (-3599.087646 3552 0 ) (-3599.087646 3552 1 ) (-3712 3552 1 ) 
4 648 656 (-3367.084961 3552 0 ) (-3272.211426 3552 0 ) (-3272.211426 3552 1 ) (-3367.084961 3552 1 ) 
4 648 649 (-3255.998779 3612.539795 1 ) (-3272.210205 3552 1 ) (-3272.210205 3552 0 ) (-3255.998779 3612.539795 0 ) 
4 649 673 (-3120 3552 0 ) (-3248 3552 0 ) (-3248 3610.396240 0 ) (-3120 3576.095947 0 ) 
4 649 661 (-3157.396729 3552 0 ) (-3138.918701 3552 0 ) (-3138.918701 3552 1 ) (-3157.396729 3552 1 ) 
4 649 660 (-3138.918701 3552 0 ) (-3072 3552 0 ) (-3072 3552 1 ) (-3138.918701 3552 1 ) 
4 649 656 (-3272.211426 3552 0 ) (-3157.396729 3552 0 ) (-3157.396729 3552 1 ) (-3272.211426 3552 1 ) 
4 649 650 (-3240.550049 3608.399414 1 ) (-3072 3563.232910 1 ) (-3072 3563.232910 0 ) (-3240.550049 3608.399414 0 ) 
4 650 673 (-3236.399170 3623.862305 0 ) (-3120 3592.713623 0 ) (-3120 3576.095947 0 ) (-3240.550049 3608.399902 0 ) 
4 651 671 (-3712 3552 112 ) (-3712 3552 88 ) (-3712 3488 88 ) (-3712 3488 112 ) 
4 651 670 (-3089.887451 3392 1 ) (-3121.882568 3392 1 ) (-3264.050049 3474.059814 1 ) (-3256.049805 3487.909912 1 ) 
3 651 669 (-3121.882568 3392 1 ) (-3329.930664 3392 1 ) (-3277.909912 3482.059814 1 ) 
4 651 668 (-3576 3512 1 ) (-3599.087646 3552 1 ) (-3580.610107 3552 1 ) (-3562.139893 3520 1 ) 
3 651 667 (-3580.610107 3552 1 ) (-3474.686523 3552 1 ) (-3554.140137 3506.139893 1 ) 
6 651 666 (-3329.930664 3392 1 ) (-3506.736328 3392 1 ) (-3568 3498.140137 1 ) (-3474.686523 3552 1 ) (-3367.084717 3552 1 ) (-3269.909668 3495.909912 1 ) 
4 651 665 (-3599.459717 3520 1 ) (-3593.488037 3542.298828 1 ) (-3582.167725 3522.686279 1 ) (-3584 3515.862793 1 ) 
3 651 664 (-3582.167725 3522.686279 1 ) (-3565.855957 3494.425781 1 ) (-3588.149902 3500.399902 1 ) 
4 651 663 (-3506.736328 3392 1 ) (-3633.738037 3392 1 ) (-3603.599854 3504.540039 1 ) (-3565.855957 3494.425781 1 ) 
5 651 662 (-3633.738037 3392 1 ) (-3712 3392 1 ) (-3712 3552 1 ) (-3599.087646 3552 1 ) (-3593.488037 3542.298828 1 ) 
4 651 661 (-3157.396729 3552 1 ) (-3138.918701 3552 1 ) (-3118.139893 3516 1 ) (-3132 3508 1 ) 
4 651 660 (-3138.918701 3552 1 ) (-3072 3552 1 ) (-3072 3524.153809 1 ) (-3110.139648 3502.139648 1 ) 
3 651 659 (-3072 3524.153809 1 ) (-3072 3404.049072 1 ) (-3124 3494.139648 1 ) 
4 651 658 (-3254.769775 3520.830078 1 ) (-3154.891113 3547.659180 1 ) (-3146.565918 3533.235352 1 ) (-3250.620117 3505.369873 1 ) 
4 651 657 (-3274.991455 3498.843262 1 ) (-3294.564209 3510.140625 1 ) (-3270.219971 3516.679932 1 ) (-3266.079834 3501.229736 1 ) 
4 651 656 (-3294.564209 3510.140625 1 ) (-3367.084717 3552 1 ) (-3157.396729 3552 1 ) (-3154.891113 3547.659180 1 ) 
4 651 655 (-3183.860107 3500 1 ) (-3177.153809 3525.043945 1 ) (-3159.281250 3529.830078 1 ) (-3168.400146 3495.860107 1 ) 
4 651 654 (-3159.281250 3529.830078 1 ) (-3146.565918 3533.235352 1 ) (-3105.735107 3462.495605 1 ) (-3172.550293 3480.399902 1 ) 
6 651 653 (-3072 3392 1 ) (-3089.887451 3392 1 ) (-3196.328369 3453.438477 1 ) (-3188 3484.540039 1 ) (-3105.735107 3462.495605 1 ) (-3072 3404.049072 1 ) 
3 651 652 (-3196.328369 3453.438477 1 ) (-3274.991455 3498.843262 1 ) (-3177.153809 3525.043945 1 ) 
4 652 673 (-3248 3504 0 ) (-3248 3506.071533 0 ) (-3177.153809 3525.043945 0 ) (-3182.789062 3504 0 ) 
4 652 670 (-3196.328369 3453.438721 1 ) (-3256.049561 3487.910156 1 ) (-3256.049561 3487.910156 0 ) (-3196.328369 3453.438721 0 ) 
4 652 666 (-3269.909424 3495.910156 1 ) (-3274.991211 3498.843506 1 ) (-3274.991211 3498.843506 0 ) (-3269.909424 3495.910156 0 ) 
4 652 658 (-3177.154053 3525.043701 0 ) (-3250.620117 3505.369873 0 ) (-3250.620117 3505.369873 1 ) (-3177.154053 3525.043701 1 ) 
4 652 657 (-3266.080078 3501.229736 0 ) (-3274.989990 3498.843750 0 ) (-3274.989990 3498.843750 1 ) (-3266.080078 3501.229736 1 ) 
4 652 655 (-3183.859863 3500 0 ) (-3177.152832 3525.046875 0 ) (-3177.152832 3525.046875 1 ) (-3183.859863 3500 1 ) 
4 652 653 (-3196.327881 3453.439697 1 ) (-3196.327881 3453.439697 0 ) (-3188 3484.540039 0 ) (-3188 3484.540039 1 ) 
4 653 670 (-3089.886719 3392 0 ) (-3089.886719 3392 1 ) (-3196.328369 3453.438721 1 ) (-3196.328369 3453.438721 0 ) 
4 653 659 (-3105.736816 3462.495850 1 ) (-3072 3404.046875 1 ) (-3072 3404.046631 0 ) (-3105.736816 3462.496094 0 ) 
4 653 654 (-3105.734863 3462.495605 1 ) (-3105.734863 3462.495605 0 ) (-3172.550293 3480.400391 0 ) (-3172.550293 3480.400391 1 ) 
4 654 673 (-3146.565918 3533.235352 0 ) (-3129.691406 3504 0 ) (-3166.215088 3504 0 ) (-3159.281250 3529.830078 0 ) 
4 654 661 (-3146.567139 3533.234863 1 ) (-3132.001221 3508 1 ) (-3132.001221 3508 0 ) (-3146.567139 3533.234863 0 ) 
4 654 659 (-3124 3494.138916 1 ) (-3105.736816 3462.495850 1 ) (-3105.736816 3462.496094 0 ) (-3124 3494.138916 0 ) 
4 654 658 (-3146.568359 3533.234375 1 ) (-3146.568359 3533.234375 0 ) (-3159.281250 3529.829834 0 ) (-3159.281250 3529.829834 1 ) 
4 654 655 (-3159.281982 3529.829102 1 ) (-3159.281982 3529.829102 0 ) (-3168.400391 3495.860107 0 ) (-3168.400391 3495.860107 1 ) 
4 655 673 (-3182.789062 3504 0 ) (-3177.153809 3525.043945 0 ) (-3159.281250 3529.830078 0 ) (-3166.215088 3504 0 ) 
4 655 658 (-3159.281250 3529.829834 0 ) (-3177.154053 3525.043701 0 ) (-3177.154053 3525.043701 1 ) (-3159.281250 3529.829834 1 ) 
4 656 673 (-3248 3552 0 ) (-3157.396729 3552 0 ) (-3154.891113 3547.659180 0 ) (-3248 3522.648438 0 ) 
4 656 666 (-3294.563232 3510.140625 1 ) (-3367.083740 3552 1 ) (-3367.083740 3552 0 ) (-3294.563232 3510.140625 0 ) 
4 656 661 (-3157.398438 3552 0 ) (-3157.398438 3552 1 ) (-3154.892822 3547.659180 1 ) (-3154.892822 3547.659180 0 ) 
4 656 658 (-3254.769775 3520.830078 0 ) (-3154.890625 3547.659668 0 ) (-3154.890625 3547.659668 1 ) (-3254.769775 3520.830078 1 ) 
4 656 657 (-3294.563721 3510.140869 1 ) (-3294.563721 3510.140869 0 ) (-3270.220215 3516.679932 0 ) (-3270.220215 3516.679932 1 ) 
4 657 666 (-3274.991211 3498.843506 1 ) (-3294.563232 3510.140625 1 ) (-3294.563232 3510.140625 0 ) (-3274.991211 3498.843506 0 ) 
4 658 673 (-3154.891113 3547.659180 0 ) (-3146.565918 3533.235352 0 ) (-3248 3506.071533 0 ) (-3248 3522.648438 0 ) 
4 658 661 (-3154.892822 3547.659180 1 ) (-3146.567139 3533.234863 1 ) (-3146.567139 3533.234863 0 ) (-3154.892822 3547.659180 0 ) 
4 659 660 (-3110.139648 3502.139648 1 ) (-3072 3524.153809 1 ) (-3072 3524.153809 0 ) (-3110.139648 3502.139648 0 ) 
3 660 673 (-3138.918701 3552 0 ) (-3120 3552 0 ) (-3120 3519.222900 0 ) 
4 660 661 (-3118.140137 3516 1 ) (-3138.919189 3552 1 ) (-3138.919189 3552 0 ) (-3118.140137 3516 0 ) 
5 661 673 (-3157.396729 3552 0 ) (-3138.918701 3552 0 ) (-3120 3519.222900 0 ) (-3120 3514.926514 0 ) (-3132 3508 0 ) 
5 662 674 (-3712 3552 0 ) (-3599.087646 3552 0 ) (-3593.488037 3542.298828 0 ) (-3599.459717 3520 0 ) (-3712 3520 0 ) 
4 662 668 (-3599.088379 3552 0 ) (-3599.088379 3552 1 ) (-3593.488525 3542.298096 1 ) (-3593.488525 3542.298096 0 ) 
4 662 665 (-3593.487305 3542.298828 0 ) (-3593.487305 3542.298828 1 ) (-3599.458984 3520 1 ) (-3599.458984 3520 0 ) 
4 662 663 (-3603.599121 3504.540039 1 ) (-3633.736816 3392 1 ) (-3633.736816 3392 0 ) (-3603.599121 3504.540039 0 ) 
4 663 666 (-3565.856934 3494.426270 1 ) (-3506.736816 3392 1 ) (-3506.736816 3392 0 ) (-3565.856934 3494.426270 0 ) 
4 663 664 (-3565.853516 3494.424072 1 ) (-3565.853516 3494.424072 0 ) (-3588.150146 3500.398682 0 ) (-3588.150146 3500.398682 1 ) 
4 664 668 (-3582.167969 3522.685303 1 ) (-3576 3512 1 ) (-3576 3512 0 ) (-3582.167969 3522.685303 0 ) 
4 664 666 (-3568 3498.139648 1 ) (-3565.856934 3494.426270 1 ) (-3565.856934 3494.426270 0 ) (-3568 3498.139648 0 ) 
4 664 665 (-3582.167969 3522.686768 1 ) (-3582.167969 3522.686768 0 ) (-3584 3515.862793 0 ) (-3584 3515.862793 1 ) 
4 665 674 (-3593.488037 3542.298828 0 ) (-3584 3525.860596 0 ) (-3584 3520 0 ) (-3599.459717 3520 0 ) 
4 665 668 (-3593.488525 3542.298096 1 ) (-3582.167969 3522.685303 1 ) (-3582.167969 3522.685303 0 ) (-3593.488525 3542.298096 0 ) 
4 666 669 (-3277.910156 3482.060059 1 ) (-3329.930908 3392 1 ) (-3329.930908 3392 0 ) (-3277.910156 3482.060059 0 ) 
4 666 667 (-3554.139404 3506.138916 1 ) (-3474.684570 3552 1 ) (-3474.684570 3552 0 ) (-3554.139404 3506.138916 0 ) 
4 667 668 (-3562.139893 3520 1 ) (-3580.610107 3552 1 ) (-3580.610107 3552 0 ) (-3562.139893 3520 0 ) 
3 668 674 (-3599.087646 3552 0 ) (-3584 3552 0 ) (-3584 3525.860107 0 ) 
4 669 670 (-3264.049561 3474.060303 1 ) (-3121.881592 3392 1 ) (-3121.881592 3392 0 ) (-3264.049561 3474.060303 0 ) 
4 671 672 (-3720 3488 88 ) (-3720 3488 112 ) (-3720 3552 112 ) (-3720 3552 88 ) 
4 675 676 (-4176 4328 614.061951 ) (-4176 4328 128 ) (-4096 4328 128 ) (-4096 4328 614.062012 ) 
4 676 677 (-4176 4216 614.056458 ) (-4176 4216 128 ) (-4096 4216 128 ) (-4096 4216 614.056885 ) 
4 677 682 (-4176 4160 128 ) (-4176 4212 128 ) (-4124 4212 128 ) (-4124 4160 128 ) 
4 678 679 (-4156 4392 0 ) (-4096 4392 0 ) (-4096 4392 120 ) (-4156 4392 120 ) 
4 679 680 (-4156 4384 0 ) (-4096 4384 0 ) (-4096 4384 120 ) (-4156 4384 120 ) 
4 680 681 (-4124 4212 0 ) (-4096 4212 0 ) (-4096 4212 120 ) (-4124 4212 120 ) 
4 680 682 (-4176 4212 0 ) (-4124 4212 0 ) (-4124 4212 120 ) (-4176 4212 120 ) 
4 681 682 (-4124 4212 120 ) (-4124 4212 0 ) (-4124 4160 0 ) (-4124 4160 120 ) 
