PRT1
1597
3723
4 0 2 (8211 -1024 -94.873703 ) (8211 -1024 32.126305 ) (8192 -1024 32.126305 ) (8192 -1024 -94.873703 ) 
4 0 1 (8192 -1024 -94.873703 ) (8192 -1024 32.126305 ) (8192 -593 32.126305 ) (8192 -593 -94.873703 ) 
4 1 3 (8192 -1024 -94.873703 ) (8192 -1024 32.126305 ) (7699 -1024 32.126305 ) (7699 -1024 -94.873703 ) 
4 2 3 (8192 -1024 32.126305 ) (8192 -1024 -94.873703 ) (8192 -1105 -94.873703 ) (8192 -1105 32.126305 ) 
4 5 151 (2422.724609 1024 144 ) (2332 1024 144 ) (2332 1024 -336 ) (2422.724609 1024 -336 ) 
4 5 7 (2332 1024 -208 ) (2332 1024 144 ) (2332 1564 144 ) (2332 1564 -208 ) 
4 5 6 (2332 1568.216187 -336 ) (2332 1564 -336 ) (2332 1564 144 ) (2332 1568.216064 144 ) 
4 6 9 (2048 1583.567505 -336 ) (2048 1564 -336 ) (2048 1564 144 ) (2048 1583.567505 144 ) 
4 6 7 (2332 1564 -208 ) (2332 1564 144 ) (2048 1564 144 ) (2048 1564 -208 ) 
4 7 152 (2332 1024 144 ) (2048 1024 144 ) (2048 1024 -208 ) (2332 1024 -208 ) 
4 7 62 (2048 1024 -208 ) (2048 1024 144 ) (2048 1056 144 ) (2048 1056 -208 ) 
4 7 61 (2048 1088 -176 ) (2048 1088 -208 ) (2048 1056 -208 ) (2048 1056 -176 ) 
4 7 54 (2048 1088 -157 ) (2048 1088 -176 ) (2048 1056 -176 ) (2048 1056 -157 ) 
4 7 23 (2048 1088 -48 ) (2048 1088 -157 ) (2048 1056 -157 ) (2048 1056 -48 ) 
4 7 15 (2048 1056 144 ) (2048 1088 144 ) (2048 1088 -48 ) (2048 1056 -48 ) 
4 7 12 (2048 1088 144 ) (2048 1120 144 ) (2048 1120 -208 ) (2048 1088 -208 ) 
4 7 10 (2048 1120 144 ) (2048 1564 144 ) (2048 1564 -208 ) (2048 1120 -208 ) 
4 7 8 (2300 1024 -208 ) (2048 1024 -208 ) (2048 1532 -208 ) (2300 1532 -208 ) 
5 8 153 (2048 1024 -208 ) (2048 1024 -336 ) (2304 1024 -336 ) (2304 1024 -216 ) (2300 1024 -208 ) 
4 8 62 (2048 1056 -336 ) (2048 1024 -336 ) (2048 1024 -208 ) (2048 1056 -208 ) 
4 8 61 (2048 1088 -336 ) (2048 1056 -336 ) (2048 1056 -208 ) (2048 1088 -208 ) 
4 8 12 (2048 1120 -336 ) (2048 1088 -336 ) (2048 1088 -208 ) (2048 1120 -208 ) 
5 8 11 (2048 1536 -336 ) (2048 1120 -336 ) (2048 1120 -208 ) (2048 1532 -208 ) (2048 1536 -216 ) 
4 9 65 (1024 1638.918945 -336 ) (1024 1564 -336 ) (1024 1564 144 ) (1024 1638.918945 144 ) 
4 9 10 (2048 1564 -208 ) (2048 1564 144 ) (1024 1564 144 ) (1024 1564 -208 ) 
4 10 66 (1024 1120 -208 ) (1024 1120 144 ) (1024 1564 144 ) (1024 1564 -208 ) 
4 10 13 (1024 1120 48.002083 ) (1024 1120 -176 ) (1616 1120 -176 ) (1616 1120 48.002075 ) 
4 10 12 (2048 1120 -208 ) (2048 1120 144 ) (1616 1120 144 ) (1616 1120 -208 ) 
4 10 11 (2048 1120 -208 ) (1024 1120 -208 ) (1024 1532 -208 ) (2048 1532 -208 ) 
5 11 67 (1024 1536 -336 ) (1024 1120 -336 ) (1024 1120 -208 ) (1024 1532 -208 ) (1024 1536 -216 ) 
4 11 12 (1616 1120 -336 ) (2048 1120 -336 ) (2048 1120 -208 ) (1616 1120 -208 ) 
4 12 61 (2048 1088 -336 ) (2048 1088 -176 ) (1616 1088 -176 ) (1616 1088 -336 ) 
4 12 54 (2048 1088 -176 ) (2048 1088 -157 ) (1616 1088 -157 ) (1616 1088 -176 ) 
4 12 23 (2048 1088 -157 ) (2048 1088 -48 ) (1616 1088 -48 ) (1616 1088 -157 ) 
4 12 15 (2048 1088 -48 ) (2048 1088 144 ) (1616 1088 144 ) (1616 1088 -48 ) 
3 12 14 (1616 1119.997925 48 ) (1616 1088 16.001968 ) (1616 1088 48 ) 
4 12 13 (1616 1120 48.002083 ) (1616 1120 -176 ) (1616 1088 -176 ) (1616 1088 16.001968 ) 
4 13 68 (1024 1088 -176 ) (1024 1088 16.001999 ) (1024 1120 48 ) (1024 1120 -176 ) 
4 13 60 (1175 1088 -160 ) (1175 1088 -157 ) (1145 1088 -157 ) (1145 1088 -160 ) 
4 13 59 (1215 1088 -160 ) (1215 1088 -157 ) (1185 1088 -157 ) (1185 1088 -160 ) 
4 13 58 (1255 1088 -160 ) (1255 1088 -157 ) (1225 1088 -157 ) (1225 1088 -160 ) 
4 13 57 (1431 1088 -160 ) (1431 1088 -157 ) (1401 1088 -157 ) (1401 1088 -160 ) 
4 13 56 (1471 1088 -160 ) (1471 1088 -157 ) (1441 1088 -157 ) (1441 1088 -160 ) 
4 13 55 (1511 1088 -160 ) (1511 1088 -157 ) (1481 1088 -157 ) (1481 1088 -160 ) 
4 13 54 (1584 1088 -176 ) (1616 1088 -176 ) (1616 1088 -157 ) (1584 1088 -157 ) 
4 13 53 (1145 1088 -157 ) (1148 1088 -157 ) (1148 1088 -48 ) (1145 1088 -48 ) 
4 13 50 (1148 1088 -157 ) (1172 1088 -157 ) (1172 1088 -48 ) (1148 1088 -48 ) 
4 13 49 (1172 1088 -157 ) (1175 1088 -157 ) (1175 1088 -48 ) (1172 1088 -48 ) 
4 13 48 (1185 1088 -157 ) (1188 1088 -157 ) (1188 1088 -48 ) (1185 1088 -48 ) 
4 13 45 (1188 1088 -157 ) (1212 1088 -157 ) (1212 1088 -48 ) (1188 1088 -48 ) 
4 13 44 (1212 1088 -157 ) (1215 1088 -157 ) (1215 1088 -48 ) (1212 1088 -48 ) 
4 13 43 (1225 1088 -157 ) (1228 1088 -157 ) (1228 1088 -48 ) (1225 1088 -48 ) 
4 13 40 (1228 1088 -157 ) (1252 1088 -157 ) (1252 1088 -48 ) (1228 1088 -48 ) 
4 13 39 (1252 1088 -157 ) (1255 1088 -157 ) (1255 1088 -48 ) (1252 1088 -48 ) 
4 13 38 (1401 1088 -157 ) (1404 1088 -157 ) (1404 1088 -48 ) (1401 1088 -48 ) 
4 13 35 (1404 1088 -157 ) (1428 1088 -157 ) (1428 1088 -48 ) (1404 1088 -48 ) 
4 13 34 (1428 1088 -157 ) (1431 1088 -157 ) (1431 1088 -48 ) (1428 1088 -48 ) 
4 13 33 (1441 1088 -157 ) (1444 1088 -157 ) (1444 1088 -48 ) (1441 1088 -48 ) 
4 13 30 (1444 1088 -157 ) (1468 1088 -157 ) (1468 1088 -48 ) (1444 1088 -48 ) 
4 13 29 (1468 1088 -157 ) (1471 1088 -157 ) (1471 1088 -48 ) (1468 1088 -48 ) 
4 13 28 (1481 1088 -157 ) (1484 1088 -157 ) (1484 1088 -48 ) (1481 1088 -48 ) 
4 13 25 (1484 1088 -157 ) (1508 1088 -157 ) (1508 1088 -48 ) (1484 1088 -48 ) 
4 13 24 (1508 1088 -157 ) (1511 1088 -157 ) (1511 1088 -48 ) (1508 1088 -48 ) 
4 13 23 (1584 1088 -157 ) (1616 1088 -157 ) (1616 1088 -48 ) (1584 1088 -48 ) 
4 13 22 (1145 1088 -48 ) (1175 1088 -48 ) (1175 1088 -45 ) (1145 1088 -45 ) 
4 13 21 (1185 1088 -48 ) (1215 1088 -48 ) (1215 1088 -45 ) (1185 1088 -45 ) 
4 13 20 (1225 1088 -48 ) (1255 1088 -48 ) (1255 1088 -45 ) (1225 1088 -45 ) 
4 13 19 (1401 1088 -48 ) (1431 1088 -48 ) (1431 1088 -45 ) (1401 1088 -45 ) 
4 13 18 (1441 1088 -48 ) (1471 1088 -48 ) (1471 1088 -45 ) (1441 1088 -45 ) 
4 13 17 (1481 1088 -48 ) (1511 1088 -48 ) (1511 1088 -45 ) (1481 1088 -45 ) 
4 13 16 (1584 1088 -48 ) (1616 1088 -48 ) (1616 1088 16.001999 ) (1584 1088 16.001995 ) 
3 13 14 (1584.004883 1088 16.004898 ) (1616 1088 16.004898 ) (1616 1119.994995 48 ) 
3 14 16 (1584.001831 1088 16.001997 ) (1616 1088 16.001999 ) (1616 1088 48 ) 
4 15 62 (1616 1056 -48 ) (2048 1056 -48 ) (2048 1056 144 ) (1616 1056 144 ) 
4 15 23 (2048 1056 -48 ) (1616 1056 -48 ) (1616 1088 -48 ) (2048 1088 -48 ) 
4 15 16 (1616 1088 -48 ) (1616 1056 -48 ) (1616 1056 48 ) (1616 1088 48 ) 
4 16 63 (1584 1056 -48 ) (1616 1056 -48 ) (1616 1056 48 ) (1584 1056 16 ) 
4 16 23 (1616 1056 -48 ) (1584 1056 -48 ) (1584 1088 -48 ) (1616 1088 -48 ) 
4 17 28 (1481 1064 -48 ) (1481 1088 -48 ) (1484 1088 -48 ) (1484 1064 -48 ) 
4 17 25 (1484 1088 -48 ) (1508 1088 -48 ) (1508 1064 -48 ) (1484 1064 -48 ) 
4 17 24 (1508 1088 -48 ) (1511 1088 -48 ) (1511 1064 -48 ) (1508 1064 -48 ) 
4 18 33 (1441 1064 -48 ) (1441 1088 -48 ) (1444 1088 -48 ) (1444 1064 -48 ) 
4 18 30 (1444 1088 -48 ) (1468 1088 -48 ) (1468 1064 -48 ) (1444 1064 -48 ) 
4 18 29 (1468 1088 -48 ) (1471 1088 -48 ) (1471 1064 -48 ) (1468 1064 -48 ) 
4 19 38 (1401 1064 -48 ) (1401 1088 -48 ) (1404 1088 -48 ) (1404 1064 -48 ) 
4 19 35 (1404 1088 -48 ) (1428 1088 -48 ) (1428 1064 -48 ) (1404 1064 -48 ) 
4 19 34 (1428 1088 -48 ) (1431 1088 -48 ) (1431 1064 -48 ) (1428 1064 -48 ) 
4 20 43 (1225 1064 -48 ) (1225 1088 -48 ) (1228 1088 -48 ) (1228 1064 -48 ) 
4 20 40 (1228 1088 -48 ) (1252 1088 -48 ) (1252 1064 -48 ) (1228 1064 -48 ) 
4 20 39 (1252 1088 -48 ) (1255 1088 -48 ) (1255 1064 -48 ) (1252 1064 -48 ) 
4 21 48 (1185 1064 -48 ) (1185 1088 -48 ) (1188 1088 -48 ) (1188 1064 -48 ) 
4 21 45 (1188 1088 -48 ) (1212 1088 -48 ) (1212 1064 -48 ) (1188 1064 -48 ) 
4 21 44 (1212 1088 -48 ) (1215 1088 -48 ) (1215 1064 -48 ) (1212 1064 -48 ) 
4 22 53 (1145 1064 -48 ) (1145 1088 -48 ) (1148 1088 -48 ) (1148 1064 -48 ) 
4 22 50 (1148 1088 -48 ) (1172 1088 -48 ) (1172 1064 -48 ) (1148 1064 -48 ) 
4 22 49 (1172 1088 -48 ) (1175 1088 -48 ) (1175 1064 -48 ) (1172 1064 -48 ) 
4 23 63 (1584 1056 -157 ) (1616 1056 -157 ) (1616 1056 -48 ) (1584 1056 -48 ) 
4 23 62 (1616 1056 -157 ) (2048 1056 -157 ) (2048 1056 -48 ) (1616 1056 -48 ) 
4 23 54 (2048 1056 -157 ) (1584 1056 -157 ) (1584 1088 -157 ) (2048 1088 -157 ) 
4 24 55 (1508 1064 -157 ) (1508 1088 -157 ) (1511 1088 -157 ) (1511 1064 -157 ) 
4 24 25 (1508 1088 -157 ) (1508 1064 -157 ) (1508 1064 -48 ) (1508 1088 -48 ) 
4 25 55 (1484 1064 -157 ) (1484 1088 -157 ) (1508 1088 -157 ) (1508 1064 -157 ) 
4 25 28 (1484 1088 -157 ) (1484 1064 -157 ) (1484 1064 -48 ) (1484 1088 -48 ) 
4 25 26 (1484 1061 -48 ) (1484 1061 -157 ) (1508 1061 -157 ) (1508 1061 -48 ) 
4 26 27 (1484 1060 -48 ) (1484 1060 -157 ) (1508 1060 -157 ) (1508 1060 -48 ) 
4 27 64 (1484 1056 -157 ) (1508 1056 -157 ) (1508 1056 -48 ) (1484 1056 -48 ) 
4 28 55 (1481 1064 -157 ) (1481 1088 -157 ) (1484 1088 -157 ) (1484 1064 -157 ) 
4 29 56 (1468 1064 -157 ) (1468 1088 -157 ) (1471 1088 -157 ) (1471 1064 -157 ) 
4 29 30 (1468 1088 -157 ) (1468 1064 -157 ) (1468 1064 -48 ) (1468 1088 -48 ) 
4 30 56 (1444 1064 -157 ) (1444 1088 -157 ) (1468 1088 -157 ) (1468 1064 -157 ) 
4 30 33 (1444 1088 -157 ) (1444 1064 -157 ) (1444 1064 -48 ) (1444 1088 -48 ) 
4 30 31 (1444 1061 -48 ) (1444 1061 -157 ) (1468 1061 -157 ) (1468 1061 -48 ) 
4 31 32 (1444 1060 -48 ) (1444 1060 -157 ) (1468 1060 -157 ) (1468 1060 -48 ) 
4 32 64 (1444 1056 -157 ) (1468 1056 -157 ) (1468 1056 -48 ) (1444 1056 -48 ) 
4 33 56 (1441 1064 -157 ) (1441 1088 -157 ) (1444 1088 -157 ) (1444 1064 -157 ) 
4 34 57 (1428 1064 -157 ) (1428 1088 -157 ) (1431 1088 -157 ) (1431 1064 -157 ) 
4 34 35 (1428 1088 -157 ) (1428 1064 -157 ) (1428 1064 -48 ) (1428 1088 -48 ) 
4 35 57 (1404 1064 -157 ) (1404 1088 -157 ) (1428 1088 -157 ) (1428 1064 -157 ) 
4 35 38 (1404 1088 -157 ) (1404 1064 -157 ) (1404 1064 -48 ) (1404 1088 -48 ) 
4 35 36 (1404 1061 -48 ) (1404 1061 -157 ) (1428 1061 -157 ) (1428 1061 -48 ) 
4 36 37 (1404 1060 -48 ) (1404 1060 -157 ) (1428 1060 -157 ) (1428 1060 -48 ) 
4 37 64 (1404 1056 -157 ) (1428 1056 -157 ) (1428 1056 -48 ) (1404 1056 -48 ) 
4 38 57 (1401 1064 -157 ) (1401 1088 -157 ) (1404 1088 -157 ) (1404 1064 -157 ) 
4 39 58 (1252 1064 -157 ) (1252 1088 -157 ) (1255 1088 -157 ) (1255 1064 -157 ) 
4 39 40 (1252 1088 -157 ) (1252 1064 -157 ) (1252 1064 -48 ) (1252 1088 -48 ) 
4 40 58 (1228 1064 -157 ) (1228 1088 -157 ) (1252 1088 -157 ) (1252 1064 -157 ) 
4 40 43 (1228 1088 -157 ) (1228 1064 -157 ) (1228 1064 -48 ) (1228 1088 -48 ) 
4 40 41 (1228 1061 -48 ) (1228 1061 -157 ) (1252 1061 -157 ) (1252 1061 -48 ) 
4 41 42 (1228 1060 -48 ) (1228 1060 -157 ) (1252 1060 -157 ) (1252 1060 -48 ) 
4 42 64 (1228 1056 -157 ) (1252 1056 -157 ) (1252 1056 -48 ) (1228 1056 -48 ) 
4 43 58 (1225 1064 -157 ) (1225 1088 -157 ) (1228 1088 -157 ) (1228 1064 -157 ) 
4 44 59 (1212 1064 -157 ) (1212 1088 -157 ) (1215 1088 -157 ) (1215 1064 -157 ) 
4 44 45 (1212 1088 -157 ) (1212 1064 -157 ) (1212 1064 -48 ) (1212 1088 -48 ) 
4 45 59 (1188 1064 -157 ) (1188 1088 -157 ) (1212 1088 -157 ) (1212 1064 -157 ) 
4 45 48 (1188 1088 -157 ) (1188 1064 -157 ) (1188 1064 -48 ) (1188 1088 -48 ) 
4 45 46 (1188 1061 -48 ) (1188 1061 -157 ) (1212 1061 -157 ) (1212 1061 -48 ) 
4 46 47 (1188 1060 -48 ) (1188 1060 -157 ) (1212 1060 -157 ) (1212 1060 -48 ) 
4 47 64 (1188 1056 -157 ) (1212 1056 -157 ) (1212 1056 -48 ) (1188 1056 -48 ) 
4 48 59 (1185 1064 -157 ) (1185 1088 -157 ) (1188 1088 -157 ) (1188 1064 -157 ) 
4 49 60 (1172 1064 -157 ) (1172 1088 -157 ) (1175 1088 -157 ) (1175 1064 -157 ) 
4 49 50 (1172 1088 -157 ) (1172 1064 -157 ) (1172 1064 -48 ) (1172 1088 -48 ) 
4 50 60 (1148 1064 -157 ) (1148 1088 -157 ) (1172 1088 -157 ) (1172 1064 -157 ) 
4 50 53 (1148 1088 -157 ) (1148 1064 -157 ) (1148 1064 -48 ) (1148 1088 -48 ) 
4 50 51 (1148 1061 -48 ) (1148 1061 -157 ) (1172 1061 -157 ) (1172 1061 -48 ) 
4 51 52 (1148 1060 -48 ) (1148 1060 -157 ) (1172 1060 -157 ) (1172 1060 -48 ) 
4 52 64 (1148 1056 -157 ) (1172 1056 -157 ) (1172 1056 -48 ) (1148 1056 -48 ) 
4 53 60 (1145 1064 -157 ) (1145 1088 -157 ) (1148 1088 -157 ) (1148 1064 -157 ) 
4 54 63 (1584 1056 -176 ) (1616 1056 -176 ) (1616 1056 -157 ) (1584 1056 -157 ) 
4 54 62 (1616 1056 -176 ) (2048 1056 -176 ) (2048 1056 -157 ) (1616 1056 -157 ) 
4 54 61 (2048 1056 -176 ) (1616 1056 -176 ) (1616 1088 -176 ) (2048 1088 -176 ) 
4 61 62 (2048 1056 -336 ) (2048 1056 -176 ) (1616 1056 -176 ) (1616 1056 -336 ) 
4 62 235 (1808 1024 144 ) (1616 1024 144 ) (1616 1024 -336 ) (1808 1024 -336 ) 
4 62 230 (2048 1024 -336 ) (2048 1024 -176 ) (1808 1024 -176 ) (1808 1024 -336 ) 
4 62 177 (2048 1024 -176 ) (2048 1024 -48 ) (1808 1024 -48 ) (1808 1024 -176 ) 
4 62 166 (1872 1024 144 ) (1808 1024 144 ) (1808 1024 -48 ) (1872 1024 -48 ) 
4 62 165 (2048 1024 -48 ) (2048 1024 144 ) (1872 1024 144 ) (1872 1024 -48 ) 
4 62 63 (1616 1056 48 ) (1616 1056 -176 ) (1616 1024 -176 ) (1616 1024 48 ) 
4 63 237 (1616 1024 -176 ) (1616 1024 48 ) (1584 1024 16 ) (1584 1024 -176 ) 
4 64 264 (1024 1024 -32 ) (1024 1024 -160 ) (1552 1024 -160 ) (1552 1024 -32 ) 
4 64 116 (1024 1024 -160 ) (1024 1024 -32 ) (1024 1056 -32 ) (1024 1056 -160 ) 
4 65 71 (560 1632 48 ) (560 1632 -176 ) (560 1564 -176 ) (560 1564 48 ) 
4 65 69 (560 1600 144 ) (560 1632 144 ) (560 1632 48 ) (560 1600 48 ) 
4 65 66 (1024 1564 -208 ) (1024 1564 144 ) (560 1564 144 ) (560 1564 -208 ) 
4 66 71 (560 1120 -176 ) (560 1120 48 ) (560 1564 48 ) (560 1564 -176 ) 
4 66 68 (560 1120 48.002083 ) (560 1120 -176 ) (1024 1120 -176 ) (1024 1120 48.002075 ) 
4 66 67 (1024 1120 -208 ) (560 1120 -208 ) (560 1532 -208 ) (1024 1532 -208 ) 
4 68 115 (647 1088 -157 ) (617 1088 -157 ) (617 1088 -160 ) (647 1088 -160 ) 
4 68 114 (687 1088 -157 ) (657 1088 -157 ) (657 1088 -160 ) (687 1088 -160 ) 
4 68 113 (727 1088 -157 ) (697 1088 -157 ) (697 1088 -160 ) (727 1088 -160 ) 
4 68 112 (919 1088 -157 ) (889 1088 -157 ) (889 1088 -160 ) (919 1088 -160 ) 
4 68 111 (959 1088 -157 ) (929 1088 -157 ) (929 1088 -160 ) (959 1088 -160 ) 
4 68 110 (999 1088 -157 ) (969 1088 -157 ) (969 1088 -160 ) (999 1088 -160 ) 
4 68 109 (620 1088 -48 ) (617 1088 -48 ) (617 1088 -157 ) (620 1088 -157 ) 
4 68 106 (644 1088 -48 ) (620 1088 -48 ) (620 1088 -157 ) (644 1088 -157 ) 
4 68 105 (647 1088 -48 ) (644 1088 -48 ) (644 1088 -157 ) (647 1088 -157 ) 
4 68 104 (660 1088 -48 ) (657 1088 -48 ) (657 1088 -157 ) (660 1088 -157 ) 
4 68 101 (684 1088 -48 ) (660 1088 -48 ) (660 1088 -157 ) (684 1088 -157 ) 
4 68 100 (687 1088 -48 ) (684 1088 -48 ) (684 1088 -157 ) (687 1088 -157 ) 
4 68 99 (700 1088 -48 ) (697 1088 -48 ) (697 1088 -157 ) (700 1088 -157 ) 
4 68 96 (724 1088 -48 ) (700 1088 -48 ) (700 1088 -157 ) (724 1088 -157 ) 
4 68 95 (727 1088 -48 ) (724 1088 -48 ) (724 1088 -157 ) (727 1088 -157 ) 
4 68 94 (892 1088 -48 ) (889 1088 -48 ) (889 1088 -157 ) (892 1088 -157 ) 
4 68 91 (916 1088 -48 ) (892 1088 -48 ) (892 1088 -157 ) (916 1088 -157 ) 
4 68 90 (919 1088 -48 ) (916 1088 -48 ) (916 1088 -157 ) (919 1088 -157 ) 
4 68 89 (932 1088 -48 ) (929 1088 -48 ) (929 1088 -157 ) (932 1088 -157 ) 
4 68 86 (956 1088 -48 ) (932 1088 -48 ) (932 1088 -157 ) (956 1088 -157 ) 
4 68 85 (959 1088 -48 ) (956 1088 -48 ) (956 1088 -157 ) (959 1088 -157 ) 
4 68 84 (972 1088 -48 ) (969 1088 -48 ) (969 1088 -157 ) (972 1088 -157 ) 
4 68 81 (996 1088 -48 ) (972 1088 -48 ) (972 1088 -157 ) (996 1088 -157 ) 
4 68 80 (999 1088 -48 ) (996 1088 -48 ) (996 1088 -157 ) (999 1088 -157 ) 
4 68 79 (617 1088 -45 ) (617 1088 -48 ) (647 1088 -48 ) (647 1088 -45 ) 
4 68 78 (657 1088 -45 ) (657 1088 -48 ) (687 1088 -48 ) (687 1088 -45 ) 
4 68 77 (697 1088 -45 ) (697 1088 -48 ) (727 1088 -48 ) (727 1088 -45 ) 
4 68 76 (889 1088 -45 ) (889 1088 -48 ) (919 1088 -48 ) (919 1088 -45 ) 
4 68 75 (929 1088 -48 ) (959 1088 -48 ) (959 1088 -45 ) (929 1088 -45 ) 
4 68 74 (969 1088 -45 ) (969 1088 -48 ) (999 1088 -48 ) (999 1088 -45 ) 
4 68 72 (560 1088 -176 ) (560 1088 16.001999 ) (560 1120 48 ) (560 1120 -176 ) 
4 69 73 (528 1600 144 ) (528 1632 144 ) (528 1632 48 ) (528 1600 48 ) 
3 69 70 (528 1600 48 ) (528 1632 48 ) (560 1632 48 ) 
4 70 73 (528 1600 -176 ) (528 1600 48 ) (528 1632 48 ) (528 1632 -176 ) 
4 70 71 (560 1632 -176 ) (560 1632 48 ) (528 1600 16 ) (528 1600 -176 ) 
4 71 72 (560 1120 -176 ) (560 1120 48 ) (528 1120 16 ) (528 1120 -176 ) 
4 74 84 (969 1064 -48 ) (969 1088 -48 ) (972 1088 -48 ) (972 1064 -48 ) 
4 74 81 (972 1088 -48 ) (996 1088 -48 ) (996 1064 -48 ) (972 1064 -48 ) 
4 74 80 (996 1088 -48 ) (999 1088 -48 ) (999 1064 -48 ) (996 1064 -48 ) 
4 75 89 (929 1064 -48 ) (929 1088 -48 ) (932 1088 -48 ) (932 1064 -48 ) 
4 75 86 (932 1088 -48 ) (956 1088 -48 ) (956 1064 -48 ) (932 1064 -48 ) 
4 75 85 (956 1088 -48 ) (959 1088 -48 ) (959 1064 -48 ) (956 1064 -48 ) 
4 76 94 (889 1064 -48 ) (889 1088 -48 ) (892 1088 -48 ) (892 1064 -48 ) 
4 76 91 (892 1088 -48 ) (916 1088 -48 ) (916 1064 -48 ) (892 1064 -48 ) 
4 76 90 (916 1088 -48 ) (919 1088 -48 ) (919 1064 -48 ) (916 1064 -48 ) 
4 77 99 (697 1064 -48 ) (697 1088 -48 ) (700 1088 -48 ) (700 1064 -48 ) 
4 77 96 (700 1088 -48 ) (724 1088 -48 ) (724 1064 -48 ) (700 1064 -48 ) 
4 77 95 (724 1088 -48 ) (727 1088 -48 ) (727 1064 -48 ) (724 1064 -48 ) 
4 78 104 (657 1064 -48 ) (657 1088 -48 ) (660 1088 -48 ) (660 1064 -48 ) 
4 78 101 (660 1088 -48 ) (684 1088 -48 ) (684 1064 -48 ) (660 1064 -48 ) 
4 78 100 (684 1088 -48 ) (687 1088 -48 ) (687 1064 -48 ) (684 1064 -48 ) 
4 79 109 (617 1064 -48 ) (617 1088 -48 ) (620 1088 -48 ) (620 1064 -48 ) 
4 79 106 (620 1088 -48 ) (644 1088 -48 ) (644 1064 -48 ) (620 1064 -48 ) 
4 79 105 (644 1088 -48 ) (647 1088 -48 ) (647 1064 -48 ) (644 1064 -48 ) 
4 80 110 (996 1064 -157 ) (996 1088 -157 ) (999 1088 -157 ) (999 1064 -157 ) 
4 80 81 (996 1088 -157 ) (996 1064 -157 ) (996 1064 -48 ) (996 1088 -48 ) 
4 81 110 (972 1064 -157 ) (972 1088 -157 ) (996 1088 -157 ) (996 1064 -157 ) 
4 81 84 (972 1088 -157 ) (972 1064 -157 ) (972 1064 -48 ) (972 1088 -48 ) 
4 81 82 (972 1061 -48 ) (972 1061 -157 ) (996 1061 -157 ) (996 1061 -48 ) 
4 82 83 (972 1060 -48 ) (972 1060 -157 ) (996 1060 -157 ) (996 1060 -48 ) 
4 83 116 (996 1056 -48 ) (972 1056 -48 ) (972 1056 -157 ) (996 1056 -157 ) 
4 84 110 (969 1064 -157 ) (969 1088 -157 ) (972 1088 -157 ) (972 1064 -157 ) 
4 85 111 (956 1064 -157 ) (956 1088 -157 ) (959 1088 -157 ) (959 1064 -157 ) 
4 85 86 (956 1088 -157 ) (956 1064 -157 ) (956 1064 -48 ) (956 1088 -48 ) 
4 86 111 (932 1064 -157 ) (932 1088 -157 ) (956 1088 -157 ) (956 1064 -157 ) 
4 86 89 (932 1088 -157 ) (932 1064 -157 ) (932 1064 -48 ) (932 1088 -48 ) 
4 86 87 (932 1061 -48 ) (932 1061 -157 ) (956 1061 -157 ) (956 1061 -48 ) 
4 87 88 (932 1060 -48 ) (932 1060 -157 ) (956 1060 -157 ) (956 1060 -48 ) 
4 88 116 (956 1056 -48 ) (932 1056 -48 ) (932 1056 -157 ) (956 1056 -157 ) 
4 89 111 (929 1064 -157 ) (929 1088 -157 ) (932 1088 -157 ) (932 1064 -157 ) 
4 90 112 (916 1064 -157 ) (916 1088 -157 ) (919 1088 -157 ) (919 1064 -157 ) 
4 90 91 (916 1088 -157 ) (916 1064 -157 ) (916 1064 -48 ) (916 1088 -48 ) 
4 91 112 (892 1064 -157 ) (892 1088 -157 ) (916 1088 -157 ) (916 1064 -157 ) 
4 91 94 (892 1088 -157 ) (892 1064 -157 ) (892 1064 -48 ) (892 1088 -48 ) 
4 91 92 (892 1061 -48 ) (892 1061 -157 ) (916 1061 -157 ) (916 1061 -48 ) 
4 92 93 (892 1060 -48 ) (892 1060 -157 ) (916 1060 -157 ) (916 1060 -48 ) 
4 93 116 (916 1056 -48 ) (892 1056 -48 ) (892 1056 -157 ) (916 1056 -157 ) 
4 94 112 (889 1064 -157 ) (889 1088 -157 ) (892 1088 -157 ) (892 1064 -157 ) 
4 95 113 (724 1064 -157 ) (724 1088 -157 ) (727 1088 -157 ) (727 1064 -157 ) 
4 95 96 (724 1088 -157 ) (724 1064 -157 ) (724 1064 -48 ) (724 1088 -48 ) 
4 96 113 (700 1064 -157 ) (700 1088 -157 ) (724 1088 -157 ) (724 1064 -157 ) 
4 96 99 (700 1088 -157 ) (700 1064 -157 ) (700 1064 -48 ) (700 1088 -48 ) 
4 96 97 (700 1061 -48 ) (700 1061 -157 ) (724 1061 -157 ) (724 1061 -48 ) 
4 97 98 (700 1060 -48 ) (700 1060 -157 ) (724 1060 -157 ) (724 1060 -48 ) 
4 98 117 (724 1056 -48 ) (700 1056 -48 ) (700 1056 -157 ) (724 1056 -157 ) 
4 99 113 (697 1064 -157 ) (697 1088 -157 ) (700 1088 -157 ) (700 1064 -157 ) 
4 100 114 (684 1064 -157 ) (684 1088 -157 ) (687 1088 -157 ) (687 1064 -157 ) 
4 100 101 (684 1088 -157 ) (684 1064 -157 ) (684 1064 -48 ) (684 1088 -48 ) 
4 101 114 (660 1064 -157 ) (660 1088 -157 ) (684 1088 -157 ) (684 1064 -157 ) 
4 101 104 (660 1088 -157 ) (660 1064 -157 ) (660 1064 -48 ) (660 1088 -48 ) 
4 101 102 (660 1061 -48 ) (660 1061 -157 ) (684 1061 -157 ) (684 1061 -48 ) 
4 102 103 (660 1060 -48 ) (660 1060 -157 ) (684 1060 -157 ) (684 1060 -48 ) 
4 103 117 (684 1056 -48 ) (660 1056 -48 ) (660 1056 -157 ) (684 1056 -157 ) 
4 104 114 (657 1064 -157 ) (657 1088 -157 ) (660 1088 -157 ) (660 1064 -157 ) 
4 105 115 (644 1064 -157 ) (644 1088 -157 ) (647 1088 -157 ) (647 1064 -157 ) 
4 105 106 (644 1088 -157 ) (644 1064 -157 ) (644 1064 -48 ) (644 1088 -48 ) 
4 106 115 (620 1064 -157 ) (620 1088 -157 ) (644 1088 -157 ) (644 1064 -157 ) 
4 106 109 (620 1088 -157 ) (620 1064 -157 ) (620 1064 -48 ) (620 1088 -48 ) 
4 106 107 (620 1061 -48 ) (620 1061 -157 ) (644 1061 -157 ) (644 1061 -48 ) 
4 107 108 (620 1060 -48 ) (620 1060 -157 ) (644 1060 -157 ) (644 1060 -48 ) 
4 108 117 (644 1056 -48 ) (620 1056 -48 ) (620 1056 -157 ) (644 1056 -157 ) 
4 109 115 (617 1064 -157 ) (617 1088 -157 ) (620 1088 -157 ) (620 1064 -157 ) 
4 116 486 (1024 1024 -160 ) (1024 1024 -48 ) (848 1024 -48 ) (848 1024 -160 ) 
4 116 485 (1024 1024 -48 ) (1024 1024 -32 ) (848 1024 -32 ) (848 1024 -48 ) 
4 117 508 (640 1024 -32 ) (576 1024 -32 ) (576 1024 -160 ) (640 1024 -160 ) 
4 117 497 (768 1024 -32 ) (752 1024 -32 ) (752 1024 -160 ) (768 1024 -160 ) 
4 117 499 (752 1024 -32 ) (640 1024 -32 ) (640 1024 -160 ) (752 1024 -160 ) 
4 118 521 (-720 1024 144 ) (-992 1024 144 ) (-992 1024 48 ) (-720 1024 48 ) 
4 118 522 (-992 1024 144 ) (-1024 1024 144 ) (-1024 1024 48 ) (-992 1024 48 ) 
4 118 147 (-1024 1024 48 ) (-1024 1024 144 ) (-1024 1040 144 ) (-1024 1040 48 ) 
4 118 139 (-1024 1040 144 ) (-1024 1056 144 ) (-1024 1056 48 ) (-1024 1040 48 ) 
4 118 136 (-1024 1056 144 ) (-1024 1280 144 ) (-1024 1280 48 ) (-1024 1056 48 ) 
4 118 125 (-1024 1024 48 ) (-1024 1248 48 ) (-968 1248 48 ) (-968 1024 48 ) 
4 118 124 (-752 1280 48 ) (-720 1280 48 ) (-720 1248.003906 48 ) (-752 1248.003906 48 ) 
4 118 123 (-968 1280 48 ) (-752 1280 48 ) (-752 1024 48 ) (-968 1024 48 ) 
3 119 124 (-720 1280 48 ) (-752 1280 48 ) (-720 1280 16 ) 
6 119 123 (-752 1280 48 ) (-968 1280 48 ) (-1000 1280 16 ) (-1000 1280 -48 ) (-720 1280 -48 ) (-720 1280 16 ) 
4 119 121 (-688 1280 -48 ) (-688 1280 16 ) (-720 1280 48 ) (-720 1280 -48 ) 
4 119 120 (-688 1280 -48 ) (-1000 1280 -48 ) (-1000 1312 -48 ) (-688 1312 -48 ) 
4 120 126 (-720 1280 -48 ) (-1000 1280 -48 ) (-1000 1280 -176 ) (-720 1280 -176 ) 
4 120 122 (-688 1280 -176 ) (-688 1280 -48 ) (-720 1280 -48 ) (-720 1280 -176 ) 
4 121 124 (-720 1280 48 ) (-720 1280 16 ) (-720 1216 16 ) (-720 1248.003906 48 ) 
4 121 123 (-720 1280 16 ) (-720 1280 -48 ) (-720 1216 -48 ) (-720 1216 16 ) 
4 121 122 (-720 1216 -48 ) (-720 1280 -48 ) (-688 1280 -48 ) (-688 1216 -48 ) 
4 122 126 (-720 1280 -48 ) (-720 1280 -176 ) (-720 1216 -176 ) (-720 1216 -48 ) 
4 123 733 (-1024 1024 -32 ) (-1024 1024 -48 ) (-960 1024 -48 ) (-960 1024 -32 ) 
4 123 731 (-960 1024 -48 ) (-944 1024 -48 ) (-944 1024 -32 ) (-960 1024 -32 ) 
4 123 720 (-944 1024 -48 ) (-928 1024 -48 ) (-928 1024 -32 ) (-944 1024 -32 ) 
4 123 715 (-928 1024 -48 ) (-912 1024 -48 ) (-912 1024 -32 ) (-928 1024 -32 ) 
4 123 569 (-912 1024 -48 ) (-720 1024 -48 ) (-720 1024 -32 ) (-912 1024 -32 ) 
6 123 526 (-752 1024 48 ) (-968 1024 48 ) (-1024 1024 -8 ) (-1024 1024 -32 ) (-720 1024 -32 ) (-720 1024 16 ) 
4 123 147 (-1024 1024 -48 ) (-1024 1024 -8 ) (-1024 1040 -8 ) (-1024 1040 -48 ) 
4 123 139 (-1024 1040 -8 ) (-1024 1056 -8 ) (-1024 1056 -48 ) (-1024 1040 -48 ) 
4 123 137 (-1024 1056 -8 ) (-1024 1280 -8 ) (-1024 1280 -48 ) (-1024 1056 -48 ) 
5 123 125 (-1024 1024 -8 ) (-968 1024 48 ) (-968 1248 48 ) (-1000 1280 16 ) (-1024 1280 -8 ) 
4 123 124 (-720 1216 16 ) (-720 1280 16 ) (-752 1280 48 ) (-752 1248.003906 48 ) 
4 123 126 (-1024 1024 -48 ) (-1024 1280 -48 ) (-720 1280 -48 ) (-720 1024 -48 ) 
3 125 526 (-968 1024 48 ) (-1024 1024 48 ) (-1024 1024 -8 ) 
4 125 147 (-1024 1024 -8 ) (-1024 1024 48 ) (-1024 1040 48 ) (-1024 1040 -8 ) 
4 125 139 (-1024 1040 48 ) (-1024 1056 48 ) (-1024 1056 -8 ) (-1024 1040 -8 ) 
5 125 137 (-1024 1056 48 ) (-1024 1248 48 ) (-1024 1280 16 ) (-1024 1280 -8 ) (-1024 1056 -8 ) 
4 126 734 (-1024 1024 -48 ) (-1024 1024 -176 ) (-960 1024 -176 ) (-960 1024 -48 ) 
4 126 732 (-960 1024 -176 ) (-944 1024 -176 ) (-944 1024 -48 ) (-960 1024 -48 ) 
4 126 721 (-944 1024 -176 ) (-928 1024 -176 ) (-928 1024 -48 ) (-944 1024 -48 ) 
4 126 716 (-928 1024 -176 ) (-912 1024 -176 ) (-912 1024 -48 ) (-928 1024 -48 ) 
4 126 678 (-775 1024 -176 ) (-768 1024 -176 ) (-768 1024 -160 ) (-775 1024 -160 ) 
4 126 681 (-912 1024 -176 ) (-775 1024 -176 ) (-775 1024 -160 ) (-912 1024 -160 ) 
4 126 642 (-768 1024 -176 ) (-720 1024 -176 ) (-720 1024 -160 ) (-768 1024 -160 ) 
4 126 570 (-720 1024 -160 ) (-720 1024 -48 ) (-912 1024 -48 ) (-912 1024 -160 ) 
4 126 149 (-1024 1024 -176 ) (-1024 1024 -144 ) (-1024 1040 -144 ) (-1024 1040 -176 ) 
4 126 148 (-1024 1024 -144 ) (-1024 1024 -48 ) (-1024 1040 -48 ) (-1024 1040 -144 ) 
3 126 141 (-1024 1040 -48 ) (-1024 1056 -48 ) (-1024 1040 -64 ) 
5 126 140 (-1024 1056 -48 ) (-1024 1280 -48 ) (-1024 1280 -176 ) (-1024 1040 -176 ) (-1024 1040 -64 ) 
4 126 127 (-1024 1024 -176 ) (-1024 1280 -176 ) (-720 1280 -176 ) (-720 1024 -176 ) 
4 127 735 (-944 1024 -176 ) (-976 1024 -176 ) (-976 1024 -336 ) (-944 1024 -336 ) 
4 127 737 (-976 1024 -176 ) (-1024 1024 -176 ) (-1024 1024 -336 ) (-976 1024 -336 ) 
4 127 726 (-944 1024 -256 ) (-944 1024 -336 ) (-912 1024 -336 ) (-912 1024 -256 ) 
4 127 725 (-912 1024 -176 ) (-944 1024 -176 ) (-944 1024 -256 ) (-912 1024 -256 ) 
4 127 711 (-912 1024 -232 ) (-912 1024 -336 ) (-784 1024 -336 ) (-784 1024 -232 ) 
4 127 704 (-784 1024 -336 ) (-782 1024 -336 ) (-782 1024 -232 ) (-784 1024 -232 ) 
4 127 693 (-775 1024 -336 ) (-770 1024 -336 ) (-770 1024 -232 ) (-775 1024 -232 ) 
4 127 696 (-782 1024 -336 ) (-775 1024 -336 ) (-775 1024 -232 ) (-782 1024 -232 ) 
4 127 684 (-770 1024 -336 ) (-768 1024 -336 ) (-768 1024 -232 ) (-770 1024 -232 ) 
4 127 678 (-768 1024 -176 ) (-775 1024 -176 ) (-775 1024 -232 ) (-768 1024 -232 ) 
4 127 681 (-775 1024 -176 ) (-912 1024 -176 ) (-912 1024 -232 ) (-775 1024 -232 ) 
4 127 655 (-768 1024 -232 ) (-768 1024 -336 ) (-745 1024 -336 ) (-745 1024 -232 ) 
4 127 654 (-745 1024 -336 ) (-720 1024 -336 ) (-720 1024 -232 ) (-745 1024 -232 ) 
4 127 648 (-768 1024 -224 ) (-768 1024 -232 ) (-745 1024 -232 ) (-745 1024 -224 ) 
4 127 647 (-745 1024 -232 ) (-720 1024 -232 ) (-720 1024 -224 ) (-745 1024 -224 ) 
4 127 645 (-745 1024 -176 ) (-768 1024 -176 ) (-768 1024 -224 ) (-745 1024 -224 ) 
4 127 644 (-720 1024 -176 ) (-745 1024 -176 ) (-745 1024 -224 ) (-720 1024 -224 ) 
4 127 149 (-1024 1024 -336 ) (-1024 1024 -176 ) (-1024 1040 -176 ) (-1024 1040 -336 ) 
4 127 142 (-1024 1280 -200 ) (-1024 1280 -336 ) (-1024 1040 -336 ) (-1024 1040 -200 ) 
4 127 140 (-1024 1040 -176 ) (-1024 1280 -176 ) (-1024 1280 -200 ) (-1024 1040 -200 ) 
4 128 136 (-1552 1280 144 ) (-1821.090942 1280 144 ) (-1821.090942 1280 48 ) (-1552 1280 48 ) 
4 128 130 (-1552 1280 48 ) (-1821.090942 1280 48 ) (-1797.818237 1312 48 ) (-1552 1312 48 ) 
4 128 129 (-1797.818237 1312 48 ) (-1728 1408 48 ) (-1552 1408 48 ) (-1552 1312 48 ) 
4 129 134 (-1728 1408 -176 ) (-1552 1408 -176 ) (-1552 1312 -176 ) (-1797.818237 1312 -176 ) 
5 129 130 (-1797.818237 1312 -176 ) (-1520 1312 -176 ) (-1520 1312 16 ) (-1552 1312 48 ) (-1797.818237 1312 48 ) 
5 130 140 (-1821.090942 1280 -48 ) (-1821.090942 1280 -176 ) (-1384 1280 -176 ) (-1384 1280 -120 ) (-1456 1280 -48 ) 
4 130 138 (-1552 1280 48 ) (-1821.090942 1280 48 ) (-1821.090942 1280 16 ) (-1520 1280 16 ) 
4 130 137 (-1821.090942 1280 16 ) (-1821.090942 1280 -48 ) (-1456 1280 -48 ) (-1520 1280 16 ) 
4 130 134 (-1552 1280 -176 ) (-1821.090942 1280 -176 ) (-1797.818115 1312 -176 ) (-1552 1312 -176 ) 
4 130 131 (-1456 1312 -48 ) (-1520 1312 16 ) (-1552 1280 48 ) (-1456 1280 -48 ) 
4 130 132 (-1384 1280 -120 ) (-1384 1312 -120 ) (-1456 1312 -48 ) (-1456 1280 -48 ) 
4 131 138 (-1416 1280 48 ) (-1552 1280 48 ) (-1520 1280 16 ) (-1384 1280 16 ) 
4 131 137 (-1520 1280 16 ) (-1456 1280 -48 ) (-1384 1280 -48 ) (-1384 1280 16 ) 
4 131 132 (-1456 1280 -48 ) (-1456 1312 -48 ) (-1384 1312 -48 ) (-1384 1280 -48 ) 
3 132 140 (-1456 1280 -48 ) (-1384 1280 -120 ) (-1384 1280 -48 ) 
3 133 143 (-1344 1280 -274.666687 ) (-1344 1280 -336 ) (-1252 1280 -336 ) 
5 133 142 (-1344 1280 -256 ) (-1344 1280 -274.666687 ) (-1252 1280 -336 ) (-1040 1280 -336 ) (-1040 1280 -256 ) 
4 133 135 (-1040 1280 -336 ) (-1344 1280 -336 ) (-1344 1292 -336 ) (-1040 1292 -336 ) 
4 134 146 (-1821.090942 1280 -200 ) (-1821.090942 1280 -336 ) (-1552 1280 -336 ) (-1552 1280 -200 ) 
4 134 140 (-1552 1280 -176 ) (-1821.090942 1280 -176 ) (-1821.090942 1280 -200 ) (-1552 1280 -200 ) 
4 135 150 (-1040 1280 -336 ) (-1344 1280 -336 ) (-1344 1280 -432 ) (-1040 1280 -432 ) 
4 136 139 (-1024 1056 48 ) (-1024 1056 144 ) (-1392 1056 144 ) (-1392 1056 48 ) 
4 136 138 (-1844.363647 1248 48 ) (-1821.090942 1280 48 ) (-1416 1280 48 ) (-1416 1248 48 ) 
4 136 137 (-1024 1056 48 ) (-1984 1056 48 ) (-1844.363647 1248 48 ) (-1024 1248 48 ) 
4 137 140 (-1821.090942 1280 -48 ) (-1024 1280 -48 ) (-1024 1056 -48 ) (-1984 1056 -48 ) 
4 137 139 (-1392 1056 -48 ) (-1024 1056 -48 ) (-1024 1056 48 ) (-1392 1056 48 ) 
4 137 138 (-1384 1280 16 ) (-1821.093750 1280 16 ) (-1844.367188 1248 48 ) (-1416 1248 48 ) 
4 139 147 (-1024 1040 -48 ) (-1024 1040 144 ) (-1392 1040 144 ) (-1392 1040 -48 ) 
4 139 141 (-1024 1040 -48 ) (-1392 1040 -48 ) (-1392 1056 -48 ) (-1024 1056 -48 ) 
4 140 149 (-1024 1040 -200 ) (-1024 1040 -144 ) (-1408 1040 -144 ) (-1408 1040 -200 ) 
4 140 148 (-1024 1040 -144 ) (-1024 1040 -64 ) (-1408 1040 -64 ) (-1408 1040 -144 ) 
5 140 146 (-1476 1040 -200 ) (-1984 1040 -200 ) (-1984 1056 -200 ) (-1821.090942 1280 -200 ) (-1476 1280 -200 ) 
4 140 145 (-1448 1040 -200 ) (-1456 1040 -200 ) (-1456 1280 -200 ) (-1448 1280 -200 ) 
4 140 144 (-1468 1040 -200 ) (-1476 1040 -200 ) (-1476 1280 -200 ) (-1468 1280 -200 ) 
4 140 142 (-1024 1040 -200 ) (-1448 1040 -200 ) (-1448 1280 -200 ) (-1024 1280 -200 ) 
4 140 141 (-1408 1040 -64 ) (-1024 1040 -64 ) (-1024 1056 -48 ) (-1392 1056 -48 ) 
4 141 148 (-1024 1040 -64 ) (-1024 1040 -48 ) (-1392 1040 -48 ) (-1408 1040 -64 ) 
4 142 150 (-1252 1280 -336 ) (-1040 1280 -336 ) (-1040 1040 -336 ) (-1252 1040 -336 ) 
5 142 149 (-1252 1040 -336 ) (-1024 1040 -336 ) (-1024 1040 -200 ) (-1408 1040 -200 ) (-1408 1040 -232 ) 
4 142 145 (-1448 1040 -205.333359 ) (-1448 1040 -200 ) (-1448 1280 -200 ) (-1448 1280 -205.333359 ) 
4 142 143 (-1252 1040 -336 ) (-1444 1040 -208 ) (-1444 1280 -208 ) (-1252 1280 -336 ) 
4 143 150 (-1344 1280 -336 ) (-1252 1280 -336 ) (-1252 1040 -336 ) (-1344 1040 -336 ) 
3 143 149 (-1408 1040 -336 ) (-1252 1040 -336 ) (-1408 1040 -232 ) 
4 144 146 (-1476 1040 -208 ) (-1476 1040 -200 ) (-1476 1280 -200 ) (-1476 1280 -208 ) 
4 147 1423 (-1024 1024 -48 ) (-1024 1024 144 ) (-1392 1024 144 ) (-1392 1024 -48 ) 
4 147 148 (-1392 1040 -48 ) (-1024 1040 -48 ) (-1024 1024 -48 ) (-1392 1024 -48 ) 
5 148 1427 (-1024 1024 -144 ) (-1024 1024 -48 ) (-1392 1024 -48 ) (-1408 1024 -64 ) (-1408 1024 -144 ) 
4 148 149 (-1024 1024 -144 ) (-1408 1024 -144 ) (-1408 1040 -144 ) (-1024 1040 -144 ) 
4 149 1430 (-1392 1024 -144 ) (-1408 1024 -144 ) (-1408 1024 -336 ) (-1392 1024 -336 ) 
4 149 1429 (-1024 1024 -336 ) (-1024 1024 -144 ) (-1392 1024 -144 ) (-1392 1024 -336 ) 
4 149 150 (-1040 1024 -336 ) (-1344 1024 -336 ) (-1344 1040 -336 ) (-1040 1040 -336 ) 
4 150 1449 (-1048 1024 -336 ) (-1344 1024 -336 ) (-1344 1024 -370.559998 ) (-1048 1024 -370.559998 ) 
4 150 1444 (-1040 1024 -370.559998 ) (-1040 1024 -336 ) (-1048 1024 -336 ) (-1048 1024 -370.559998 ) 
4 151 157 (2332 464 48 ) (2332 464 -176 ) (2512 464 -176 ) (2512 464 48 ) 
4 151 155 (2512 464 144 ) (2480 464 144 ) (2480 464 48 ) (2512 464 48 ) 
4 151 152 (2332 464 -208 ) (2332 464 144 ) (2332 1024 144 ) (2332 1024 -208 ) 
4 152 231 (2048 896 -208 ) (2048 464 -208 ) (2048 464 -176 ) (2048 896 -176 ) 
4 152 230 (2048 1024 -176 ) (2048 1024 -208 ) (2048 896 -208 ) (2048 896 -176 ) 
4 152 211 (2048 625 -176 ) (2048 464 -176 ) (2048 464 48 ) (2048 625 48 ) 
4 152 210 (2048 464 48 ) (2048 464 144 ) (2048 625 144 ) (2048 625 48 ) 
4 152 209 (2048 655 -176 ) (2048 625 -176 ) (2048 625 -160 ) (2048 655 -160 ) 
4 152 208 (2048 625 -160 ) (2048 625 -157 ) (2048 655 -157 ) (2048 655 -160 ) 
4 152 207 (2048 625 -157 ) (2048 625 -48 ) (2048 628 -48 ) (2048 628 -157 ) 
4 152 204 (2048 628 -48 ) (2048 652 -48 ) (2048 652 -157 ) (2048 628 -157 ) 
4 152 203 (2048 652 -48 ) (2048 655 -48 ) (2048 655 -157 ) (2048 652 -157 ) 
4 152 202 (2048 673 -176 ) (2048 655 -176 ) (2048 655 -48 ) (2048 673 -48 ) 
4 152 201 (2048 703 -176 ) (2048 673 -176 ) (2048 673 -160 ) (2048 703 -160 ) 
4 152 200 (2048 673 -160 ) (2048 673 -157 ) (2048 703 -157 ) (2048 703 -160 ) 
4 152 199 (2048 673 -157 ) (2048 673 -48 ) (2048 676 -48 ) (2048 676 -157 ) 
4 152 196 (2048 676 -48 ) (2048 700 -48 ) (2048 700 -157 ) (2048 676 -157 ) 
4 152 195 (2048 700 -48 ) (2048 703 -48 ) (2048 703 -157 ) (2048 700 -157 ) 
4 152 194 (2048 713 -176 ) (2048 703 -176 ) (2048 703 -48 ) (2048 713 -48 ) 
4 152 193 (2048 743 -176 ) (2048 713 -176 ) (2048 713 -160 ) (2048 743 -160 ) 
4 152 192 (2048 713 -160 ) (2048 713 -157 ) (2048 743 -157 ) (2048 743 -160 ) 
4 152 191 (2048 713 -157 ) (2048 713 -48 ) (2048 716 -48 ) (2048 716 -157 ) 
4 152 188 (2048 716 -48 ) (2048 740 -48 ) (2048 740 -157 ) (2048 716 -157 ) 
4 152 187 (2048 740 -48 ) (2048 743 -48 ) (2048 743 -157 ) (2048 740 -157 ) 
4 152 186 (2048 753 -176 ) (2048 743 -176 ) (2048 743 -48 ) (2048 753 -48 ) 
4 152 185 (2048 783 -176 ) (2048 753 -176 ) (2048 753 -160 ) (2048 783 -160 ) 
4 152 184 (2048 753 -160 ) (2048 753 -157 ) (2048 783 -157 ) (2048 783 -160 ) 
4 152 183 (2048 753 -157 ) (2048 753 -48 ) (2048 756 -48 ) (2048 756 -157 ) 
4 152 180 (2048 756 -48 ) (2048 780 -48 ) (2048 780 -157 ) (2048 756 -157 ) 
4 152 179 (2048 780 -48 ) (2048 783 -48 ) (2048 783 -157 ) (2048 780 -157 ) 
4 152 178 (2048 864 -176 ) (2048 783 -176 ) (2048 783 -48 ) (2048 864 -48 ) 
4 152 177 (2048 1024 -48 ) (2048 1024 -176 ) (2048 864 -176 ) (2048 864 -48 ) 
4 152 172 (2048 743 -48 ) (2048 625 -48 ) (2048 625 144 ) (2048 743 144 ) 
4 152 169 (2048 864 -48 ) (2048 743 -48 ) (2048 743 144 ) (2048 864 144 ) 
4 152 165 (2048 1024 144 ) (2048 1024 -48 ) (2048 864 -48 ) (2048 864 144 ) 
4 152 158 (2048 464 48 ) (2048 464 -176 ) (2240 464 -176 ) (2240 464 48 ) 
4 152 157 (2332 464 -176 ) (2332 464 48 ) (2240 464 48 ) (2240 464 -176 ) 
4 152 153 (2048 1024 -208 ) (2300 1024 -208 ) (2300 464 -208 ) (2048 464 -208 ) 
4 153 231 (2048 896 -336 ) (2048 464 -336 ) (2048 464 -208 ) (2048 896 -208 ) 
4 153 230 (2048 1024 -208 ) (2048 1024 -336 ) (2048 896 -336 ) (2048 896 -208 ) 
4 153 159 (2048 464 -256 ) (2048 464 -336 ) (2240 464 -336 ) (2240 464 -256 ) 
4 153 154 (2240 464 -336 ) (2048 464 -336 ) (2048 864 -336 ) (2240 864 -336 ) 
3 154 233 (2048 464 -432 ) (2048 464 -336 ) (2048 864 -336 ) 
4 154 159 (2240 464 -432 ) (2240 464 -336 ) (2048 464 -336 ) (2048 464 -432 ) 
4 155 160 (2480 432 48 ) (2512 432 48 ) (2512 432 144 ) (2480 432 144 ) 
3 155 156 (2512 464 48 ) (2512 432 48 ) (2480 432 48 ) 
4 156 160 (2512 432 -176 ) (2512 432 48 ) (2480 432 48 ) (2480 432 -176 ) 
4 156 157 (2480 432 -176 ) (2480 432 16 ) (2512 464 48 ) (2512 464 -176 ) 
4 157 158 (2240 432 -176 ) (2240 432 16 ) (2240 464 48 ) (2240 464 -176 ) 
4 158 211 (2048 432 -176 ) (2048 432 16 ) (2048 464 48 ) (2048 464 -176 ) 
4 159 233 (2048 432 -432 ) (2048 432 -336 ) (2048 464 -336 ) (2048 464 -432 ) 
4 159 232 (2048 432 -336 ) (2048 432 -256 ) (2048 464 -256 ) (2048 464 -336 ) 
4 159 164 (2048 432 -256 ) (2048 432 -432 ) (2240 432 -432 ) (2240 432 -256 ) 
4 161 353 (2348 0 -44 ) (2344 0 -44 ) (2344 0 -148 ) (2348 0 -148 ) 
4 161 162 (2344 0 -148 ) (2344 0 -44 ) (2344 100 -44 ) (2344 100 -148 ) 
4 162 355 (2344 0 -160 ) (2344 0 -32 ) (2240 0 -32 ) (2240 0 -160 ) 
4 162 163 (2240 0 -160 ) (2240 0 -32 ) (2240 112 -32 ) (2240 112 -160 ) 
4 163 356 (2240 0 -160 ) (2240 0 -32 ) (2048 0 -32 ) (2048 0 -160 ) 
4 163 229 (2048 0 -160 ) (2048 0 -32 ) (2048 112 -32 ) (2048 112 -160 ) 
4 164 357 (2240 0 -432 ) (2240 0 -240 ) (2048 0 -240 ) (2048 0 -432 ) 
4 164 234 (2048 0 -432 ) (2048 0 -240 ) (2048 432 -240 ) (2048 432 -432 ) 
4 165 177 (1872 1024 -48 ) (2048 1024 -48 ) (2048 864 -48 ) (1872 864 -48 ) 
4 165 169 (1872 864 -48 ) (2048 864 -48 ) (2048 864 144 ) (1872 864 144 ) 
3 165 168 (1872 864 16 ) (1872 864 48 ) (1872 896 48 ) 
4 165 167 (1872 896 -48 ) (1872 864 -48 ) (1872 864 16 ) (1872 896 48 ) 
4 165 166 (1872 1024 -48 ) (1872 896 -48 ) (1872 896 144 ) (1872 1024 144 ) 
4 166 235 (1808 1024 144 ) (1808 1024 -48 ) (1808 896 -48 ) (1808 896 144 ) 
4 166 177 (1808 896 -48 ) (1808 1024 -48 ) (1872 1024 -48 ) (1872 896 -48 ) 
4 166 167 (1808 896 -48 ) (1872 896 -48 ) (1872 896 48 ) (1808 896 48 ) 
4 167 236 (1808 896 -48 ) (1808 864 -48 ) (1808 864 16 ) (1808 896 48 ) 
4 167 177 (1808 864 -48 ) (1808 896 -48 ) (1872 896 -48 ) (1872 864 -48 ) 
4 167 170 (1840 864 -48 ) (1872 864 -48 ) (1872 864 16 ) (1840 864 16 ) 
3 167 168 (1840 864 16 ) (1872 864 16 ) (1872 896 48 ) 
3 168 170 (1872 864 16 ) (1872 864 48 ) (1840 864 16 ) 
4 169 186 (2048 753 -48 ) (2048 743 -48 ) (1872 743 -48 ) (1872 753 -48 ) 
4 169 183 (2048 756 -48 ) (2048 753 -48 ) (1872 753 -48 ) (1872 756 -48 ) 
4 169 180 (2048 780 -48 ) (2048 756 -48 ) (1872 756 -48 ) (1872 780 -48 ) 
4 169 179 (2048 783 -48 ) (2048 780 -48 ) (1872 780 -48 ) (1872 783 -48 ) 
4 169 178 (1872 864 -48 ) (2048 864 -48 ) (2048 783 -48 ) (1872 783 -48 ) 
4 169 172 (1872 743 -48 ) (2048 743 -48 ) (2048 743 144 ) (1872 743 144 ) 
4 169 170 (1872 864 48 ) (1872 864 -48 ) (1872 743 -48 ) (1872 743 48 ) 
4 170 186 (1872 753 -48 ) (1872 743 -48 ) (1840 743 -48 ) (1840 753 -48 ) 
4 170 183 (1872 756 -48 ) (1872 753 -48 ) (1840 753 -48 ) (1840 756 -48 ) 
4 170 180 (1872 780 -48 ) (1872 756 -48 ) (1840 756 -48 ) (1840 780 -48 ) 
4 170 179 (1872 783 -48 ) (1872 780 -48 ) (1840 780 -48 ) (1840 783 -48 ) 
4 170 178 (1840 864 -48 ) (1872 864 -48 ) (1872 783 -48 ) (1840 783 -48 ) 
4 170 173 (1840 743 -48 ) (1872 743 -48 ) (1872 743 48 ) (1840 743 16 ) 
4 170 171 (1840 783 -48 ) (1840 753 -48 ) (1840 753 -45 ) (1840 783 -45 ) 
4 171 183 (1840 756 -48 ) (1840 753 -48 ) (1816 753 -48 ) (1816 756 -48 ) 
4 171 180 (1840 780 -48 ) (1840 756 -48 ) (1816 756 -48 ) (1816 780 -48 ) 
4 171 179 (1816 783 -48 ) (1840 783 -48 ) (1840 780 -48 ) (1816 780 -48 ) 
4 172 211 (1872 625 -48 ) (2048 625 -48 ) (2048 625 48 ) (1872 625 48 ) 
4 172 210 (2048 625 48 ) (2048 625 144 ) (1872 625 144 ) (1872 625 48 ) 
4 172 207 (2048 625 -48 ) (1872 625 -48 ) (1872 628 -48 ) (2048 628 -48 ) 
4 172 204 (1872 628 -48 ) (1872 652 -48 ) (2048 652 -48 ) (2048 628 -48 ) 
4 172 203 (1872 652 -48 ) (1872 655 -48 ) (2048 655 -48 ) (2048 652 -48 ) 
4 172 202 (1872 655 -48 ) (1872 673 -48 ) (2048 673 -48 ) (2048 655 -48 ) 
4 172 199 (1872 673 -48 ) (1872 676 -48 ) (2048 676 -48 ) (2048 673 -48 ) 
4 172 196 (1872 676 -48 ) (1872 700 -48 ) (2048 700 -48 ) (2048 676 -48 ) 
4 172 195 (1872 700 -48 ) (1872 703 -48 ) (2048 703 -48 ) (2048 700 -48 ) 
4 172 194 (1872 703 -48 ) (1872 713 -48 ) (2048 713 -48 ) (2048 703 -48 ) 
4 172 191 (1872 713 -48 ) (1872 716 -48 ) (2048 716 -48 ) (2048 713 -48 ) 
4 172 188 (1872 716 -48 ) (1872 740 -48 ) (2048 740 -48 ) (2048 716 -48 ) 
4 172 187 (1872 740 -48 ) (1872 743 -48 ) (2048 743 -48 ) (2048 740 -48 ) 
4 172 173 (1872 743 48 ) (1872 743 -48 ) (1872 625 -48 ) (1872 625 48 ) 
4 173 211 (1840 625 -48 ) (1872 625 -48 ) (1872 625 48 ) (1840 625 16 ) 
4 173 207 (1872 625 -48 ) (1840 625 -48 ) (1840 628 -48 ) (1872 628 -48 ) 
4 173 204 (1840 628 -48 ) (1840 652 -48 ) (1872 652 -48 ) (1872 628 -48 ) 
4 173 203 (1840 652 -48 ) (1840 655 -48 ) (1872 655 -48 ) (1872 652 -48 ) 
4 173 202 (1840 655 -48 ) (1840 673 -48 ) (1872 673 -48 ) (1872 655 -48 ) 
4 173 199 (1840 673 -48 ) (1840 676 -48 ) (1872 676 -48 ) (1872 673 -48 ) 
4 173 196 (1840 676 -48 ) (1840 700 -48 ) (1872 700 -48 ) (1872 676 -48 ) 
4 173 195 (1840 700 -48 ) (1840 703 -48 ) (1872 703 -48 ) (1872 700 -48 ) 
4 173 194 (1840 703 -48 ) (1840 713 -48 ) (1872 713 -48 ) (1872 703 -48 ) 
4 173 191 (1840 713 -48 ) (1840 716 -48 ) (1872 716 -48 ) (1872 713 -48 ) 
4 173 188 (1840 716 -48 ) (1840 740 -48 ) (1872 740 -48 ) (1872 716 -48 ) 
4 173 187 (1840 740 -48 ) (1840 743 -48 ) (1872 743 -48 ) (1872 740 -48 ) 
4 173 176 (1840 655 -48 ) (1840 625 -48 ) (1840 625 -45 ) (1840 655 -45 ) 
4 173 175 (1840 703 -48 ) (1840 673 -48 ) (1840 673 -45 ) (1840 703 -45 ) 
4 173 174 (1840 743 -45 ) (1840 743 -48 ) (1840 713 -48 ) (1840 713 -45 ) 
4 174 191 (1840 716 -48 ) (1840 713 -48 ) (1816 713 -48 ) (1816 716 -48 ) 
4 174 188 (1840 740 -48 ) (1840 716 -48 ) (1816 716 -48 ) (1816 740 -48 ) 
4 174 187 (1816 743 -48 ) (1840 743 -48 ) (1840 740 -48 ) (1816 740 -48 ) 
4 175 199 (1840 676 -48 ) (1840 673 -48 ) (1816 673 -48 ) (1816 676 -48 ) 
4 175 196 (1840 700 -48 ) (1840 676 -48 ) (1816 676 -48 ) (1816 700 -48 ) 
4 175 195 (1816 703 -48 ) (1840 703 -48 ) (1840 700 -48 ) (1816 700 -48 ) 
4 176 207 (1840 625 -48 ) (1816 625 -48 ) (1816 628 -48 ) (1840 628 -48 ) 
4 176 204 (1816 628 -48 ) (1816 652 -48 ) (1840 652 -48 ) (1840 628 -48 ) 
4 176 203 (1816 652 -48 ) (1816 655 -48 ) (1840 655 -48 ) (1840 652 -48 ) 
4 177 236 (1808 896 -176 ) (1808 864 -176 ) (1808 864 -48 ) (1808 896 -48 ) 
4 177 235 (1808 1024 -48 ) (1808 1024 -176 ) (1808 896 -176 ) (1808 896 -48 ) 
4 177 231 (1872 896 -176 ) (2048 896 -176 ) (2048 864 -176 ) (1872 864 -176 ) 
4 177 230 (1808 896 -176 ) (1808 1024 -176 ) (2048 1024 -176 ) (2048 896 -176 ) 
4 177 178 (1840 864 -176 ) (2048 864 -176 ) (2048 864 -48 ) (1840 864 -48 ) 
4 178 231 (1872 864 -176 ) (2048 864 -176 ) (2048 783 -176 ) (1872 783 -176 ) 
4 178 185 (1840 783 -176 ) (2048 783 -176 ) (2048 783 -160 ) (1840 783 -160 ) 
4 178 184 (2048 783 -160 ) (2048 783 -157 ) (1840 783 -157 ) (1840 783 -160 ) 
4 178 179 (2048 783 -157 ) (2048 783 -48 ) (1840 783 -48 ) (1840 783 -157 ) 
4 179 184 (1816 783 -157 ) (2048 783 -157 ) (2048 780 -157 ) (1816 780 -157 ) 
4 179 180 (1816 780 -157 ) (2048 780 -157 ) (2048 780 -48 ) (1816 780 -48 ) 
4 180 184 (1816 780 -157 ) (2048 780 -157 ) (2048 756 -157 ) (1816 756 -157 ) 
4 180 183 (1816 756 -157 ) (2048 756 -157 ) (2048 756 -48 ) (1816 756 -48 ) 
4 180 181 (1813 780 -48 ) (1813 780 -157 ) (1813 756 -157 ) (1813 756 -48 ) 
4 181 182 (1812 780 -48 ) (1812 780 -157 ) (1812 756 -157 ) (1812 756 -48 ) 
4 182 315 (1808 756 -48 ) (1808 780 -48 ) (1808 780 -157 ) (1808 756 -157 ) 
4 183 186 (2048 753 -157 ) (2048 753 -48 ) (1840 753 -48 ) (1840 753 -157 ) 
4 183 184 (2048 753 -157 ) (1816 753 -157 ) (1816 756 -157 ) (2048 756 -157 ) 
4 184 186 (2048 753 -160 ) (2048 753 -157 ) (1840 753 -157 ) (1840 753 -160 ) 
4 184 185 (2048 753 -160 ) (1840 753 -160 ) (1840 783 -160 ) (2048 783 -160 ) 
4 185 231 (1872 783 -176 ) (2048 783 -176 ) (2048 753 -176 ) (1872 753 -176 ) 
4 185 186 (1840 753 -176 ) (2048 753 -176 ) (2048 753 -160 ) (1840 753 -160 ) 
4 186 231 (1872 753 -176 ) (2048 753 -176 ) (2048 743 -176 ) (1872 743 -176 ) 
4 186 193 (1840 743 -176 ) (2048 743 -176 ) (2048 743 -160 ) (1840 743 -160 ) 
4 186 192 (2048 743 -160 ) (2048 743 -157 ) (1840 743 -157 ) (1840 743 -160 ) 
4 186 187 (2048 743 -157 ) (2048 743 -48 ) (1840 743 -48 ) (1840 743 -157 ) 
4 187 192 (1816 743 -157 ) (2048 743 -157 ) (2048 740 -157 ) (1816 740 -157 ) 
4 187 188 (1816 740 -157 ) (2048 740 -157 ) (2048 740 -48 ) (1816 740 -48 ) 
4 188 192 (1816 740 -157 ) (2048 740 -157 ) (2048 716 -157 ) (1816 716 -157 ) 
4 188 191 (1816 716 -157 ) (2048 716 -157 ) (2048 716 -48 ) (1816 716 -48 ) 
4 188 189 (1813 740 -48 ) (1813 740 -157 ) (1813 716 -157 ) (1813 716 -48 ) 
4 189 190 (1812 740 -48 ) (1812 740 -157 ) (1812 716 -157 ) (1812 716 -48 ) 
4 190 315 (1808 716 -48 ) (1808 740 -48 ) (1808 740 -157 ) (1808 716 -157 ) 
4 191 194 (2048 713 -157 ) (2048 713 -48 ) (1840 713 -48 ) (1840 713 -157 ) 
4 191 192 (2048 713 -157 ) (1816 713 -157 ) (1816 716 -157 ) (2048 716 -157 ) 
4 192 194 (2048 713 -160 ) (2048 713 -157 ) (1840 713 -157 ) (1840 713 -160 ) 
4 192 193 (2048 713 -160 ) (1840 713 -160 ) (1840 743 -160 ) (2048 743 -160 ) 
4 193 231 (1872 743 -176 ) (2048 743 -176 ) (2048 713 -176 ) (1872 713 -176 ) 
4 193 194 (1840 713 -176 ) (2048 713 -176 ) (2048 713 -160 ) (1840 713 -160 ) 
4 194 231 (1872 713 -176 ) (2048 713 -176 ) (2048 703 -176 ) (1872 703 -176 ) 
4 194 201 (1840 703 -176 ) (2048 703 -176 ) (2048 703 -160 ) (1840 703 -160 ) 
4 194 200 (2048 703 -160 ) (2048 703 -157 ) (1840 703 -157 ) (1840 703 -160 ) 
4 194 195 (2048 703 -157 ) (2048 703 -48 ) (1840 703 -48 ) (1840 703 -157 ) 
4 195 200 (1816 703 -157 ) (2048 703 -157 ) (2048 700 -157 ) (1816 700 -157 ) 
4 195 196 (1816 700 -157 ) (2048 700 -157 ) (2048 700 -48 ) (1816 700 -48 ) 
4 196 200 (1816 700 -157 ) (2048 700 -157 ) (2048 676 -157 ) (1816 676 -157 ) 
4 196 199 (1816 676 -157 ) (2048 676 -157 ) (2048 676 -48 ) (1816 676 -48 ) 
4 196 197 (1813 700 -48 ) (1813 700 -157 ) (1813 676 -157 ) (1813 676 -48 ) 
4 197 198 (1812 700 -48 ) (1812 700 -157 ) (1812 676 -157 ) (1812 676 -48 ) 
4 198 315 (1808 676 -48 ) (1808 700 -48 ) (1808 700 -157 ) (1808 676 -157 ) 
4 199 202 (2048 673 -157 ) (2048 673 -48 ) (1840 673 -48 ) (1840 673 -157 ) 
4 199 200 (2048 673 -157 ) (1816 673 -157 ) (1816 676 -157 ) (2048 676 -157 ) 
4 200 202 (2048 673 -160 ) (2048 673 -157 ) (1840 673 -157 ) (1840 673 -160 ) 
4 200 201 (2048 673 -160 ) (1840 673 -160 ) (1840 703 -160 ) (2048 703 -160 ) 
4 201 231 (1872 703 -176 ) (2048 703 -176 ) (2048 673 -176 ) (1872 673 -176 ) 
4 201 202 (1840 673 -176 ) (2048 673 -176 ) (2048 673 -160 ) (1840 673 -160 ) 
4 202 231 (1872 673 -176 ) (2048 673 -176 ) (2048 655 -176 ) (1872 655 -176 ) 
4 202 209 (1840 655 -176 ) (2048 655 -176 ) (2048 655 -160 ) (1840 655 -160 ) 
4 202 208 (2048 655 -160 ) (2048 655 -157 ) (1840 655 -157 ) (1840 655 -160 ) 
4 202 203 (2048 655 -157 ) (2048 655 -48 ) (1840 655 -48 ) (1840 655 -157 ) 
4 203 208 (1816 655 -157 ) (2048 655 -157 ) (2048 652 -157 ) (1816 652 -157 ) 
4 203 204 (1816 652 -157 ) (2048 652 -157 ) (2048 652 -48 ) (1816 652 -48 ) 
4 204 208 (1816 652 -157 ) (2048 652 -157 ) (2048 628 -157 ) (1816 628 -157 ) 
4 204 207 (1816 628 -157 ) (2048 628 -157 ) (2048 628 -48 ) (1816 628 -48 ) 
4 204 205 (1813 652 -48 ) (1813 652 -157 ) (1813 628 -157 ) (1813 628 -48 ) 
4 205 206 (1812 652 -48 ) (1812 652 -157 ) (1812 628 -157 ) (1812 628 -48 ) 
4 206 315 (1808 628 -48 ) (1808 652 -48 ) (1808 652 -157 ) (1808 628 -157 ) 
4 207 211 (1840 625 -157 ) (2048 625 -157 ) (2048 625 -48 ) (1840 625 -48 ) 
4 207 208 (2048 625 -157 ) (1816 625 -157 ) (1816 628 -157 ) (2048 628 -157 ) 
4 208 211 (1840 625 -160 ) (2048 625 -160 ) (2048 625 -157 ) (1840 625 -157 ) 
4 208 209 (2048 625 -160 ) (1840 625 -160 ) (1840 655 -160 ) (2048 655 -160 ) 
4 209 231 (1872 655 -176 ) (2048 655 -176 ) (2048 625 -176 ) (1872 625 -176 ) 
4 209 211 (1840 625 -176 ) (2048 625 -176 ) (2048 625 -160 ) (1840 625 -160 ) 
4 210 211 (1872 464 48 ) (1872 625 48 ) (2048 625 48 ) (2048 464 48 ) 
4 211 231 (1872 625 -176 ) (2048 625 -176 ) (2048 464 -176 ) (1872 464 -176 ) 
4 211 225 (1840 575 -157 ) (1840 575 -160 ) (1840 545 -160 ) (1840 545 -157 ) 
4 211 224 (1840 548 -157 ) (1840 545 -157 ) (1840 545 -48 ) (1840 548 -48 ) 
4 211 221 (1840 572 -157 ) (1840 548 -157 ) (1840 548 -48 ) (1840 572 -48 ) 
4 211 220 (1840 575 -48 ) (1840 575 -157 ) (1840 572 -157 ) (1840 572 -48 ) 
4 211 219 (1840 575 -45 ) (1840 575 -48 ) (1840 545 -48 ) (1840 545 -45 ) 
4 211 218 (1840 615 -157 ) (1840 615 -160 ) (1840 585 -160 ) (1840 585 -157 ) 
4 211 217 (1840 588 -157 ) (1840 585 -157 ) (1840 585 -48 ) (1840 588 -48 ) 
4 211 214 (1840 612 -157 ) (1840 588 -157 ) (1840 588 -48 ) (1840 612 -48 ) 
4 211 213 (1840 615 -48 ) (1840 615 -157 ) (1840 612 -157 ) (1840 612 -48 ) 
4 211 212 (1840 615 -45 ) (1840 615 -48 ) (1840 585 -48 ) (1840 585 -45 ) 
4 212 217 (1840 585 -48 ) (1816 585 -48 ) (1816 588 -48 ) (1840 588 -48 ) 
4 212 214 (1816 588 -48 ) (1816 612 -48 ) (1840 612 -48 ) (1840 588 -48 ) 
4 212 213 (1816 612 -48 ) (1816 615 -48 ) (1840 615 -48 ) (1840 612 -48 ) 
4 213 218 (1816 615 -157 ) (1840 615 -157 ) (1840 612 -157 ) (1816 612 -157 ) 
4 213 214 (1816 612 -157 ) (1840 612 -157 ) (1840 612 -48 ) (1816 612 -48 ) 
4 214 218 (1816 612 -157 ) (1840 612 -157 ) (1840 588 -157 ) (1816 588 -157 ) 
4 214 217 (1816 588 -157 ) (1840 588 -157 ) (1840 588 -48 ) (1816 588 -48 ) 
4 214 215 (1813 612 -48 ) (1813 612 -157 ) (1813 588 -157 ) (1813 588 -48 ) 
4 215 216 (1812 612 -48 ) (1812 612 -157 ) (1812 588 -157 ) (1812 588 -48 ) 
4 216 315 (1808 588 -48 ) (1808 612 -48 ) (1808 612 -157 ) (1808 588 -157 ) 
4 217 218 (1840 585 -157 ) (1816 585 -157 ) (1816 588 -157 ) (1840 588 -157 ) 
4 219 224 (1840 545 -48 ) (1816 545 -48 ) (1816 548 -48 ) (1840 548 -48 ) 
4 219 221 (1816 548 -48 ) (1816 572 -48 ) (1840 572 -48 ) (1840 548 -48 ) 
4 219 220 (1816 572 -48 ) (1816 575 -48 ) (1840 575 -48 ) (1840 572 -48 ) 
4 220 225 (1816 575 -157 ) (1840 575 -157 ) (1840 572 -157 ) (1816 572 -157 ) 
4 220 221 (1816 572 -157 ) (1840 572 -157 ) (1840 572 -48 ) (1816 572 -48 ) 
4 221 225 (1816 572 -157 ) (1840 572 -157 ) (1840 548 -157 ) (1816 548 -157 ) 
4 221 224 (1816 548 -157 ) (1840 548 -157 ) (1840 548 -48 ) (1816 548 -48 ) 
4 221 222 (1813 572 -48 ) (1813 572 -157 ) (1813 548 -157 ) (1813 548 -48 ) 
4 222 223 (1812 572 -48 ) (1812 572 -157 ) (1812 548 -157 ) (1812 548 -48 ) 
4 223 315 (1808 548 -48 ) (1808 572 -48 ) (1808 572 -157 ) (1808 548 -157 ) 
4 224 225 (1840 545 -157 ) (1816 545 -157 ) (1816 548 -157 ) (1840 548 -157 ) 
4 226 307 (1808 160 -31 ) (1808 128 -31 ) (1808 128 -24 ) (1808 160 -24 ) 
4 226 299 (1808 192 -24 ) (1808 192 -31 ) (1808 160 -31 ) (1808 160 -24 ) 
4 226 227 (1824 128 -31 ) (1808 128 -31 ) (1808 192 -31 ) (1824 192 -31 ) 
4 227 308 (1808 160 -32 ) (1808 128 -32 ) (1808 128 -31 ) (1808 160 -31 ) 
4 227 300 (1808 192 -31 ) (1808 192 -32 ) (1808 160 -32 ) (1808 160 -31 ) 
4 227 228 (1808 128 -32 ) (1808 192 -32 ) (1824 192 -32 ) (1824 128 -32 ) 
4 228 329 (1808 112 -32 ) (1808 216 -32 ) (1808 216 -160 ) (1808 112 -160 ) 
4 228 326 (1808 216 -32 ) (1808 256 -32 ) (1808 256 -160 ) (1808 216 -160 ) 
4 228 229 (1808 112 -160 ) (1952 112 -160 ) (1952 112 -32 ) (1808 112 -32 ) 
4 229 389 (2048 0 -160 ) (2048 0 -132 ) (1808 0 -132 ) (1808 0 -160 ) 
4 229 387 (2048 0 -132 ) (2048 0 -56 ) (1808 0 -56 ) (1808 0 -132 ) 
4 229 386 (2048 0 -56 ) (2048 0 -32 ) (1808 0 -32 ) (1808 0 -56 ) 
4 229 344 (1808 0 -160 ) (1808 0 -132 ) (1808 48 -132 ) (1808 48 -160 ) 
4 229 341 (1808 0 -132 ) (1808 0 -56 ) (1808 48 -56 ) (1808 48 -132 ) 
4 229 340 (1808 0 -56 ) (1808 0 -32 ) (1808 48 -32 ) (1808 48 -56 ) 
4 229 329 (1808 48 -32 ) (1808 112 -32 ) (1808 112 -160 ) (1808 48 -160 ) 
4 230 235 (1808 896 -176 ) (1808 1024 -176 ) (1808 1024 -336 ) (1808 896 -336 ) 
4 230 231 (1872 896 -336 ) (2048 896 -336 ) (2048 896 -176 ) (1872 896 -176 ) 
4 231 233 (2048 864 -336 ) (2048 464 -336 ) (1936 464 -336 ) (1936 864 -336 ) 
4 231 232 (1936 464 -336 ) (2048 464 -336 ) (2048 464 -256 ) (1936 464 -256 ) 
4 232 234 (2048 432 -336 ) (2048 432 -256 ) (1936 432 -256 ) (1936 432 -336 ) 
4 232 233 (2048 432 -336 ) (1936 432 -336 ) (1936 464 -336 ) (2048 464 -336 ) 
4 233 234 (2048 432 -432 ) (2048 432 -336 ) (1936 432 -336 ) (1936 432 -432 ) 
4 234 470 (2048 0 -432 ) (2048 0 -240 ) (1936 0 -240 ) (1936 0 -432 ) 
4 235 237 (1616 1024 48 ) (1616 1024 -176 ) (1616 896 -176 ) (1616 896 48 ) 
4 235 236 (1808 896 -176 ) (1808 896 48 ) (1616 896 48 ) (1616 896 -176 ) 
4 236 285 (1649 864 -157 ) (1649 864 -160 ) (1679 864 -160 ) (1679 864 -157 ) 
4 236 284 (1649 864 -48 ) (1649 864 -157 ) (1652 864 -157 ) (1652 864 -48 ) 
4 236 281 (1652 864 -157 ) (1676 864 -157 ) (1676 864 -48 ) (1652 864 -48 ) 
4 236 280 (1676 864 -157 ) (1679 864 -157 ) (1679 864 -48 ) (1676 864 -48 ) 
4 236 279 (1649 864 -45 ) (1649 864 -48 ) (1679 864 -48 ) (1679 864 -45 ) 
4 236 278 (1719 864 -157 ) (1689 864 -157 ) (1689 864 -160 ) (1719 864 -160 ) 
4 236 277 (1759 864 -157 ) (1729 864 -157 ) (1729 864 -160 ) (1759 864 -160 ) 
4 236 276 (1692 864 -48 ) (1689 864 -48 ) (1689 864 -157 ) (1692 864 -157 ) 
4 236 273 (1716 864 -48 ) (1692 864 -48 ) (1692 864 -157 ) (1716 864 -157 ) 
4 236 272 (1719 864 -48 ) (1716 864 -48 ) (1716 864 -157 ) (1719 864 -157 ) 
4 236 271 (1732 864 -48 ) (1729 864 -48 ) (1729 864 -157 ) (1732 864 -157 ) 
4 236 268 (1756 864 -48 ) (1732 864 -48 ) (1732 864 -157 ) (1756 864 -157 ) 
4 236 267 (1759 864 -48 ) (1756 864 -48 ) (1756 864 -157 ) (1759 864 -157 ) 
4 236 266 (1689 864 -45 ) (1689 864 -48 ) (1719 864 -48 ) (1719 864 -45 ) 
4 236 265 (1729 864 -45 ) (1729 864 -48 ) (1759 864 -48 ) (1759 864 -45 ) 
4 236 238 (1616 864 -176 ) (1616 864 16 ) (1616 896 48 ) (1616 896 -176 ) 
4 237 259 (1584 905 -160 ) (1584 905 -157 ) (1584 935 -157 ) (1584 935 -160 ) 
4 237 258 (1584 945 -160 ) (1584 945 -157 ) (1584 975 -157 ) (1584 975 -160 ) 
4 237 257 (1584 985 -160 ) (1584 985 -157 ) (1584 1015 -157 ) (1584 1015 -160 ) 
4 237 256 (1584 908 -157 ) (1584 905 -157 ) (1584 905 -48 ) (1584 908 -48 ) 
4 237 253 (1584 932 -157 ) (1584 908 -157 ) (1584 908 -48 ) (1584 932 -48 ) 
4 237 252 (1584 935 -157 ) (1584 932 -157 ) (1584 932 -48 ) (1584 935 -48 ) 
4 237 251 (1584 948 -157 ) (1584 945 -157 ) (1584 945 -48 ) (1584 948 -48 ) 
4 237 248 (1584 972 -157 ) (1584 948 -157 ) (1584 948 -48 ) (1584 972 -48 ) 
4 237 247 (1584 975 -157 ) (1584 972 -157 ) (1584 972 -48 ) (1584 975 -48 ) 
4 237 246 (1584 988 -157 ) (1584 985 -157 ) (1584 985 -48 ) (1584 988 -48 ) 
4 237 243 (1584 1012 -157 ) (1584 988 -157 ) (1584 988 -48 ) (1584 1012 -48 ) 
4 237 242 (1584 1015 -157 ) (1584 1012 -157 ) (1584 1012 -48 ) (1584 1015 -48 ) 
4 237 241 (1584 935 -48 ) (1584 905 -48 ) (1584 905 -45 ) (1584 935 -45 ) 
4 237 240 (1584 975 -48 ) (1584 945 -48 ) (1584 945 -45 ) (1584 975 -45 ) 
4 237 239 (1584 1015 -48 ) (1584 985 -48 ) (1584 985 -45 ) (1584 1015 -45 ) 
4 237 238 (1584 896 -176 ) (1616 896 -176 ) (1616 896 48 ) (1584 896 16 ) 
4 239 246 (1584 988 -48 ) (1584 985 -48 ) (1560 985 -48 ) (1560 988 -48 ) 
4 239 243 (1584 1012 -48 ) (1584 988 -48 ) (1560 988 -48 ) (1560 1012 -48 ) 
4 239 242 (1560 1015 -48 ) (1584 1015 -48 ) (1584 1012 -48 ) (1560 1012 -48 ) 
4 240 251 (1584 948 -48 ) (1584 945 -48 ) (1560 945 -48 ) (1560 948 -48 ) 
4 240 248 (1584 972 -48 ) (1584 948 -48 ) (1560 948 -48 ) (1560 972 -48 ) 
4 240 247 (1560 975 -48 ) (1584 975 -48 ) (1584 972 -48 ) (1560 972 -48 ) 
4 241 256 (1584 908 -48 ) (1584 905 -48 ) (1560 905 -48 ) (1560 908 -48 ) 
4 241 253 (1584 932 -48 ) (1584 908 -48 ) (1560 908 -48 ) (1560 932 -48 ) 
4 241 252 (1560 935 -48 ) (1584 935 -48 ) (1584 932 -48 ) (1560 932 -48 ) 
4 242 257 (1560 1015 -157 ) (1584 1015 -157 ) (1584 1012 -157 ) (1560 1012 -157 ) 
4 242 243 (1560 1012 -157 ) (1584 1012 -157 ) (1584 1012 -48 ) (1560 1012 -48 ) 
4 243 257 (1560 1012 -157 ) (1584 1012 -157 ) (1584 988 -157 ) (1560 988 -157 ) 
4 243 246 (1560 988 -157 ) (1584 988 -157 ) (1584 988 -48 ) (1560 988 -48 ) 
4 243 244 (1557 1012 -48 ) (1557 1012 -157 ) (1557 988 -157 ) (1557 988 -48 ) 
4 244 245 (1556 1012 -48 ) (1556 1012 -157 ) (1556 988 -157 ) (1556 988 -48 ) 
4 245 264 (1552 1012 -157 ) (1552 988 -157 ) (1552 988 -48 ) (1552 1012 -48 ) 
4 246 257 (1560 988 -157 ) (1584 988 -157 ) (1584 985 -157 ) (1560 985 -157 ) 
4 247 258 (1560 975 -157 ) (1584 975 -157 ) (1584 972 -157 ) (1560 972 -157 ) 
4 247 248 (1560 972 -157 ) (1584 972 -157 ) (1584 972 -48 ) (1560 972 -48 ) 
4 248 258 (1560 972 -157 ) (1584 972 -157 ) (1584 948 -157 ) (1560 948 -157 ) 
4 248 251 (1560 948 -157 ) (1584 948 -157 ) (1584 948 -48 ) (1560 948 -48 ) 
4 248 249 (1557 972 -48 ) (1557 972 -157 ) (1557 948 -157 ) (1557 948 -48 ) 
4 249 250 (1556 972 -48 ) (1556 972 -157 ) (1556 948 -157 ) (1556 948 -48 ) 
4 250 264 (1552 972 -157 ) (1552 948 -157 ) (1552 948 -48 ) (1552 972 -48 ) 
4 251 258 (1560 948 -157 ) (1584 948 -157 ) (1584 945 -157 ) (1560 945 -157 ) 
4 252 259 (1560 935 -157 ) (1584 935 -157 ) (1584 932 -157 ) (1560 932 -157 ) 
4 252 253 (1560 932 -157 ) (1584 932 -157 ) (1584 932 -48 ) (1560 932 -48 ) 
4 253 259 (1560 932 -157 ) (1584 932 -157 ) (1584 908 -157 ) (1560 908 -157 ) 
4 253 256 (1560 908 -157 ) (1584 908 -157 ) (1584 908 -48 ) (1560 908 -48 ) 
4 253 254 (1557 932 -48 ) (1557 932 -157 ) (1557 908 -157 ) (1557 908 -48 ) 
4 254 255 (1556 932 -48 ) (1556 932 -157 ) (1556 908 -157 ) (1556 908 -48 ) 
4 255 264 (1552 932 -157 ) (1552 908 -157 ) (1552 908 -48 ) (1552 932 -48 ) 
4 256 259 (1560 908 -157 ) (1584 908 -157 ) (1584 905 -157 ) (1560 905 -157 ) 
4 260 261 (1408 928 -31 ) (1408 992 -31 ) (1440 992 -31 ) (1440 928 -31 ) 
4 261 264 (1440 928 -32 ) (1408 928 -32 ) (1408 992 -32 ) (1440 992 -32 ) 
4 262 263 (1184 928 -31 ) (1184 992 -31 ) (1216 992 -31 ) (1216 928 -31 ) 
4 263 264 (1216 928 -32 ) (1184 928 -32 ) (1184 992 -32 ) (1216 992 -32 ) 
4 264 488 (1024 896 -160 ) (1024 864 -160 ) (1024 864 -32 ) (1024 896 -32 ) 
4 264 486 (1024 1024 -48 ) (1024 1024 -160 ) (1024 896 -160 ) (1024 896 -48 ) 
4 264 485 (1024 1024 -32 ) (1024 1024 -48 ) (1024 896 -48 ) (1024 896 -32 ) 
4 264 286 (1472 864 -32 ) (1344 864 -32 ) (1344 864 -160 ) (1472 864 -160 ) 
4 265 271 (1729 840 -48 ) (1729 864 -48 ) (1732 864 -48 ) (1732 840 -48 ) 
4 265 268 (1732 864 -48 ) (1756 864 -48 ) (1756 840 -48 ) (1732 840 -48 ) 
4 265 267 (1756 864 -48 ) (1759 864 -48 ) (1759 840 -48 ) (1756 840 -48 ) 
4 266 276 (1689 840 -48 ) (1689 864 -48 ) (1692 864 -48 ) (1692 840 -48 ) 
4 266 273 (1692 864 -48 ) (1716 864 -48 ) (1716 840 -48 ) (1692 840 -48 ) 
4 266 272 (1716 864 -48 ) (1719 864 -48 ) (1719 840 -48 ) (1716 840 -48 ) 
4 267 277 (1756 840 -157 ) (1756 864 -157 ) (1759 864 -157 ) (1759 840 -157 ) 
4 267 268 (1756 864 -157 ) (1756 840 -157 ) (1756 840 -48 ) (1756 864 -48 ) 
4 268 277 (1732 840 -157 ) (1732 864 -157 ) (1756 864 -157 ) (1756 840 -157 ) 
4 268 271 (1732 864 -157 ) (1732 840 -157 ) (1732 840 -48 ) (1732 864 -48 ) 
4 268 269 (1732 837 -48 ) (1732 837 -157 ) (1756 837 -157 ) (1756 837 -48 ) 
4 269 270 (1732 836 -48 ) (1732 836 -157 ) (1756 836 -157 ) (1756 836 -48 ) 
4 270 315 (1756 832 -48 ) (1732 832 -48 ) (1732 832 -157 ) (1756 832 -157 ) 
4 271 277 (1729 840 -157 ) (1729 864 -157 ) (1732 864 -157 ) (1732 840 -157 ) 
4 272 278 (1716 840 -157 ) (1716 864 -157 ) (1719 864 -157 ) (1719 840 -157 ) 
4 272 273 (1716 864 -157 ) (1716 840 -157 ) (1716 840 -48 ) (1716 864 -48 ) 
4 273 278 (1692 840 -157 ) (1692 864 -157 ) (1716 864 -157 ) (1716 840 -157 ) 
4 273 276 (1692 864 -157 ) (1692 840 -157 ) (1692 840 -48 ) (1692 864 -48 ) 
4 273 274 (1692 837 -48 ) (1692 837 -157 ) (1716 837 -157 ) (1716 837 -48 ) 
4 274 275 (1692 836 -48 ) (1692 836 -157 ) (1716 836 -157 ) (1716 836 -48 ) 
4 275 315 (1716 832 -48 ) (1692 832 -48 ) (1692 832 -157 ) (1716 832 -157 ) 
4 276 278 (1689 840 -157 ) (1689 864 -157 ) (1692 864 -157 ) (1692 840 -157 ) 
4 279 284 (1649 840 -48 ) (1649 864 -48 ) (1652 864 -48 ) (1652 840 -48 ) 
4 279 281 (1652 864 -48 ) (1676 864 -48 ) (1676 840 -48 ) (1652 840 -48 ) 
4 279 280 (1676 864 -48 ) (1679 864 -48 ) (1679 840 -48 ) (1676 840 -48 ) 
4 280 285 (1676 864 -157 ) (1679 864 -157 ) (1679 840 -157 ) (1676 840 -157 ) 
4 280 281 (1676 864 -157 ) (1676 840 -157 ) (1676 840 -48 ) (1676 864 -48 ) 
4 281 285 (1652 864 -157 ) (1676 864 -157 ) (1676 840 -157 ) (1652 840 -157 ) 
4 281 284 (1652 864 -157 ) (1652 840 -157 ) (1652 840 -48 ) (1652 864 -48 ) 
4 281 282 (1652 837 -48 ) (1652 837 -157 ) (1676 837 -157 ) (1676 837 -48 ) 
4 282 283 (1652 836 -48 ) (1652 836 -157 ) (1676 836 -157 ) (1676 836 -48 ) 
4 283 315 (1676 832 -48 ) (1652 832 -48 ) (1652 832 -157 ) (1676 832 -157 ) 
4 284 285 (1649 840 -157 ) (1649 864 -157 ) (1652 864 -157 ) (1652 840 -157 ) 
4 286 319 (1344 832 -160 ) (1472 832 -160 ) (1472 832 -48 ) (1344 832 -48 ) 
4 286 317 (1472 832 -48 ) (1472 832 -32 ) (1344 832 -32 ) (1344 832 -48 ) 
4 287 288 (1664 704 -31 ) (1664 736 -31 ) (1728 736 -31 ) (1728 704 -31 ) 
4 288 315 (1728 704 -32 ) (1664 704 -32 ) (1664 736 -32 ) (1728 736 -32 ) 
4 289 290 (1376 640 -31 ) (1376 704 -31 ) (1408 704 -31 ) (1408 640 -31 ) 
4 290 318 (1408 640 -32 ) (1376 640 -32 ) (1376 704 -32 ) (1408 704 -32 ) 
4 291 292 (1664 576 -31 ) (1664 608 -31 ) (1728 608 -31 ) (1728 576 -31 ) 
4 292 315 (1728 576 -32 ) (1664 576 -32 ) (1664 608 -32 ) (1728 608 -32 ) 
4 293 294 (1536 576 -31 ) (1536 512 -31 ) (1504 512 -31 ) (1504 576 -31 ) 
4 294 316 (1536 512 -32 ) (1504 512 -32 ) (1504 576 -32 ) (1536 576 -32 ) 
4 295 296 (1184 480 -31 ) (1184 544 -31 ) (1216 544 -31 ) (1216 480 -31 ) 
4 296 334 (1216 480 -32 ) (1184 480 -32 ) (1184 544 -32 ) (1216 544 -32 ) 
4 297 298 (1504 352 -31 ) (1504 384 -31 ) (1568 384 -31 ) (1568 352 -31 ) 
4 298 325 (1568 352 -32 ) (1504 352 -32 ) (1504 384 -32 ) (1568 384 -32 ) 
4 299 307 (1808 160 -31 ) (1808 160 -24 ) (1792 160 -24 ) (1792 160 -31 ) 
4 299 300 (1808 160 -31 ) (1792 160 -31 ) (1792 192 -31 ) (1808 192 -31 ) 
4 300 329 (1808 192 -32 ) (1808 160 -32 ) (1792 160 -32 ) (1792 192 -32 ) 
4 300 308 (1792 160 -32 ) (1808 160 -32 ) (1808 160 -31 ) (1792 160 -31 ) 
4 301 309 (1568 160 -31 ) (1568 160 -24 ) (1536 160 -24 ) (1536 160 -31 ) 
4 301 302 (1536 160 -31 ) (1536 192 -31 ) (1568 192 -31 ) (1568 160 -31 ) 
4 302 330 (1568 160 -32 ) (1536 160 -32 ) (1536 192 -32 ) (1568 192 -32 ) 
4 302 310 (1536 160 -32 ) (1568 160 -32 ) (1568 160 -31 ) (1536 160 -31 ) 
4 303 304 (1376 160 -31 ) (1376 224 -31 ) (1408 224 -31 ) (1408 160 -31 ) 
4 304 330 (1408 160 -32 ) (1376 160 -32 ) (1376 216 -32 ) (1408 216 -32 ) 
4 304 327 (1376 216 -32 ) (1376 224 -32 ) (1408 224 -32 ) (1408 216 -32 ) 
4 305 306 (1216 160 -31 ) (1216 224 -31 ) (1248 224 -31 ) (1248 160 -31 ) 
4 306 336 (1248 160 -32 ) (1216 160 -32 ) (1216 224 -32 ) (1248 224 -32 ) 
4 307 308 (1808 128 -31 ) (1792 128 -31 ) (1792 160 -31 ) (1808 160 -31 ) 
4 308 329 (1808 160 -32 ) (1808 128 -32 ) (1792 128 -32 ) (1792 160 -32 ) 
4 309 310 (1536 128 -31 ) (1536 160 -31 ) (1568 160 -31 ) (1568 128 -31 ) 
4 310 330 (1568 128 -32 ) (1536 128 -32 ) (1536 160 -32 ) (1568 160 -32 ) 
4 311 313 (1024 128 -24 ) (1024 128 -31 ) (1056 128 -31 ) (1056 128 -24 ) 
4 311 312 (1024 160 -31 ) (1056 160 -31 ) (1056 128 -31 ) (1024 128 -31 ) 
4 312 338 (1056 128 -32 ) (1024 128 -32 ) (1024 160 -32 ) (1056 160 -32 ) 
4 312 314 (1024 128 -31 ) (1024 128 -32 ) (1056 128 -32 ) (1056 128 -31 ) 
4 313 314 (1024 128 -31 ) (1056 128 -31 ) (1056 96 -31 ) (1024 96 -31 ) 
4 314 338 (1056 96 -32 ) (1024 96 -32 ) (1024 128 -32 ) (1056 128 -32 ) 
4 315 324 (1600 448 -160 ) (1632 448 -160 ) (1632 448 -64 ) (1600 448 -64 ) 
4 315 316 (1600 768 -160 ) (1600 448 -160 ) (1600 448 -32 ) (1600 768 -32 ) 
4 316 324 (1472 448 -160 ) (1600 448 -160 ) (1600 448 -64 ) (1472 448 -64 ) 
4 316 321 (1472 768 -160 ) (1472 448 -160 ) (1472 448 -48 ) (1472 768 -48 ) 
4 316 318 (1472 448 -48 ) (1472 448 -32 ) (1472 768 -32 ) (1472 768 -48 ) 
4 317 319 (1344 816 -48 ) (1344 832 -48 ) (1472 832 -48 ) (1472 816 -48 ) 
4 318 322 (1344 448 -48 ) (1344 448 -32 ) (1344 768 -32 ) (1344 768 -48 ) 
4 318 321 (1344 448 -48 ) (1344 800 -48 ) (1472 800 -48 ) (1472 448 -48 ) 
4 319 320 (1452 816 -48 ) (1364 816 -48 ) (1364 816 -160 ) (1452 816 -160 ) 
4 320 321 (1452 800 -48 ) (1364 800 -48 ) (1364 800 -160 ) (1452 800 -160 ) 
4 321 324 (1376 448 -160 ) (1472 448 -160 ) (1472 448 -64 ) (1376 448 -64 ) 
4 321 322 (1344 768 -160 ) (1344 448 -160 ) (1344 448 -48 ) (1344 768 -48 ) 
4 322 323 (1312 576 -160 ) (1312 496 -160 ) (1312 496 -32 ) (1312 576 -32 ) 
4 323 334 (1248 576 -160 ) (1248 496 -160 ) (1248 496 -32 ) (1248 576 -32 ) 
4 324 325 (1376 416 -64 ) (1376 416 -160 ) (1632 416 -160 ) (1632 416 -64 ) 
4 325 328 (1376 352 -160 ) (1376 256 -160 ) (1376 256 -32 ) (1376 352 -32 ) 
4 325 327 (1376 256 -32 ) (1376 256 -160 ) (1568 256 -160 ) (1568 256 -32 ) 
4 326 329 (1696 216 -160 ) (1808 216 -160 ) (1808 216 -32 ) (1696 216 -32 ) 
4 327 332 (1376 216 -160 ) (1568 216 -160 ) (1568 216 -48 ) (1376 216 -48 ) 
4 327 330 (1568 216 -48 ) (1568 216 -32 ) (1376 216 -32 ) (1376 216 -48 ) 
4 327 328 (1376 256 -160 ) (1376 216 -160 ) (1376 216 -32 ) (1376 256 -32 ) 
4 328 336 (1248 352 -160 ) (1248 216 -160 ) (1248 216 -32 ) (1248 352 -32 ) 
4 328 332 (1248 216 -48 ) (1248 216 -160 ) (1376 216 -160 ) (1376 216 -48 ) 
4 328 330 (1248 216 -32 ) (1248 216 -48 ) (1376 216 -48 ) (1376 216 -32 ) 
4 329 344 (1696 48 -160 ) (1808 48 -160 ) (1808 48 -132 ) (1696 48 -132 ) 
4 329 341 (1808 48 -132 ) (1808 48 -56 ) (1696 48 -56 ) (1696 48 -132 ) 
4 329 340 (1808 48 -56 ) (1808 48 -32 ) (1696 48 -32 ) (1696 48 -56 ) 
4 329 331 (1696 196 -160 ) (1696 108 -160 ) (1696 108 -48 ) (1696 196 -48 ) 
4 330 336 (1248 88 -48 ) (1248 88 -32 ) (1248 216 -32 ) (1248 216 -48 ) 
4 330 333 (1248 88 -32 ) (1248 88 -48 ) (1568 88 -48 ) (1568 88 -32 ) 
4 330 332 (1680 88 -48 ) (1248 88 -48 ) (1248 216 -48 ) (1680 216 -48 ) 
4 331 332 (1680 108 -48 ) (1680 196 -48 ) (1680 196 -160 ) (1680 108 -160 ) 
4 332 336 (1248 216 -160 ) (1248 88 -160 ) (1248 88 -48 ) (1248 216 -48 ) 
4 332 333 (1248 88 -48 ) (1248 88 -160 ) (1568 88 -160 ) (1568 88 -48 ) 
4 333 345 (1424 48 -160 ) (1504 48 -160 ) (1504 48 -132 ) (1424 48 -132 ) 
4 333 342 (1504 48 -56 ) (1248 48 -56 ) (1248 48 -132 ) (1504 48 -132 ) 
4 333 336 (1248 88 -160 ) (1248 48 -160 ) (1248 48 -32 ) (1248 88 -32 ) 
4 334 335 (1184 368 -160 ) (1232 368 -160 ) (1232 368 -48 ) (1184 368 -48 ) 
4 335 336 (1184 352 -160 ) (1232 352 -160 ) (1232 352 -48 ) (1184 352 -48 ) 
4 336 342 (1248 48 -132 ) (1248 48 -56 ) (1232 48 -56 ) (1232 48 -132 ) 
4 336 337 (1168 352 -160 ) (1168 48 -160 ) (1168 48 -32 ) (1168 352 -32 ) 
4 337 338 (1120 224 -160 ) (1120 48 -160 ) (1120 48 -32 ) (1120 224 -32 ) 
4 338 489 (1024 48 -32 ) (1024 224 -32 ) (1024 224 -160 ) (1024 48 -160 ) 
4 338 346 (1024 48 -160 ) (1120 48 -160 ) (1120 48 -132 ) (1024 48 -132 ) 
4 338 343 (1120 48 -132 ) (1120 48 -56 ) (1024 48 -56 ) (1024 48 -132 ) 
4 338 339 (1120 48 -56 ) (1120 48 -32 ) (1024 48 -32 ) (1024 48 -56 ) 
4 339 489 (1024 0 -56 ) (1024 0 -32 ) (1024 48 -32 ) (1024 48 -56 ) 
4 339 385 (1072 0 -32 ) (1024 0 -32 ) (1024 0 -56 ) (1072 0 -56 ) 
4 339 343 (1024 48 -56 ) (1120 48 -56 ) (1072 0 -56 ) (1024 0 -56 ) 
4 340 386 (1808 0 -56 ) (1808 0 -32 ) (1648 0 -32 ) (1648 0 -56 ) 
4 340 341 (1696 48 -56 ) (1808 48 -56 ) (1808 0 -56 ) (1648 0 -56 ) 
4 341 387 (1808 0 -132 ) (1808 0 -56 ) (1648 0 -56 ) (1648 0 -132 ) 
4 341 344 (1696 48 -132 ) (1808 48 -132 ) (1808 0 -132 ) (1648 0 -132 ) 
4 342 345 (1424 48 -132 ) (1504 48 -132 ) (1504 8 -132 ) (1424 8 -132 ) 
4 343 489 (1024 0 -132 ) (1024 0 -56 ) (1024 48 -56 ) (1024 48 -132 ) 
4 343 388 (1072 0 -56 ) (1024 0 -56 ) (1024 0 -132 ) (1072 0 -132 ) 
4 343 346 (1024 0 -132 ) (1024 48 -132 ) (1120 48 -132 ) (1072 0 -132 ) 
4 344 389 (1808 0 -160 ) (1808 0 -132 ) (1648 0 -132 ) (1648 0 -160 ) 
4 346 489 (1024 0 -160 ) (1024 0 -132 ) (1024 48 -132 ) (1024 48 -160 ) 
4 346 390 (1072 0 -132 ) (1024 0 -132 ) (1024 0 -160 ) (1072 0 -160 ) 
4 347 348 (2272 -32 -31 ) (2208 -32 -31 ) (2208 0 -31 ) (2272 0 -31 ) 
4 348 356 (2208 -32 -32 ) (2208 0 -32 ) (2240 0 -32 ) (2240 -32 -32 ) 
4 348 355 (2240 0 -32 ) (2272 0 -32 ) (2272 -32 -32 ) (2240 -32 -32 ) 
4 349 350 (2272 -160 -31 ) (2208 -160 -31 ) (2208 -128 -31 ) (2272 -128 -31 ) 
4 350 358 (2208 -160 -32 ) (2208 -128 -32 ) (2272 -128 -32 ) (2272 -160 -32 ) 
4 351 352 (2272 -288 -31 ) (2208 -288 -31 ) (2208 -256 -31 ) (2272 -256 -31 ) 
4 352 358 (2208 -288 -32 ) (2208 -256 -32 ) (2272 -256 -32 ) (2272 -288 -32 ) 
4 353 358 (2344 -48 -148 ) (2344 -124 -148 ) (2344 -124 -44 ) (2344 -48 -44 ) 
4 353 355 (2344 0 -44 ) (2344 0 -148 ) (2344 -48 -148 ) (2344 -48 -44 ) 
4 354 358 (2344 -148 -148 ) (2344 -372 -148 ) (2344 -372 -44 ) (2344 -148 -44 ) 
4 355 358 (2344 -48 -160 ) (2344 -48 -32 ) (2240 -48 -32 ) (2240 -48 -160 ) 
4 355 356 (2240 -48 -160 ) (2240 -48 -32 ) (2240 0 -32 ) (2240 0 -160 ) 
4 356 391 (2048 -16 -160 ) (2048 -48 -160 ) (2048 -48 -32 ) (2048 -16 -32 ) 
4 356 389 (2048 0 -132 ) (2048 0 -160 ) (2048 -16 -160 ) (2048 -16 -132 ) 
4 356 387 (2048 0 -56 ) (2048 0 -132 ) (2048 -16 -132 ) (2048 -16 -56 ) 
4 356 386 (2048 0 -32 ) (2048 0 -56 ) (2048 -16 -56 ) (2048 -16 -32 ) 
4 356 358 (2240 -48 -160 ) (2240 -48 -32 ) (2048 -48 -32 ) (2048 -48 -160 ) 
4 357 470 (2048 0 -240 ) (2048 0 -432 ) (2048 -48 -432 ) (2048 -48 -240 ) 
4 358 441 (2048 -384 -32 ) (2048 -288 -32 ) (2048 -288 -160 ) (2048 -384 -160 ) 
4 358 391 (2048 -288 -32 ) (2048 -48 -32 ) (2048 -48 -160 ) (2048 -288 -160 ) 
4 359 360 (2048 -32 -31 ) (1984 -32 -31 ) (1984 0 -31 ) (2048 0 -31 ) 
4 360 391 (2048 -16 -32 ) (2048 -32 -32 ) (1984 -32 -32 ) (1984 -16 -32 ) 
4 360 386 (2048 0 -32 ) (2048 -16 -32 ) (1984 -16 -32 ) (1984 0 -32 ) 
4 361 362 (2048 -160 -31 ) (1984 -160 -31 ) (1984 -128 -31 ) (2048 -128 -31 ) 
4 362 391 (2048 -128 -32 ) (2048 -160 -32 ) (1984 -160 -32 ) (1984 -128 -32 ) 
4 363 364 (2048 -288 -31 ) (1984 -288 -31 ) (1984 -256 -31 ) (2048 -256 -31 ) 
4 364 391 (2048 -256 -32 ) (2048 -288 -32 ) (1984 -288 -32 ) (1984 -256 -32 ) 
4 365 366 (1728 -96 -31 ) (1664 -96 -31 ) (1664 -64 -31 ) (1728 -64 -31 ) 
4 366 400 (1664 -96 -32 ) (1664 -64 -32 ) (1728 -64 -32 ) (1728 -96 -32 ) 
4 367 368 (1728 -256 -31 ) (1664 -256 -31 ) (1664 -224 -31 ) (1728 -224 -31 ) 
4 368 400 (1664 -256 -32 ) (1664 -224 -32 ) (1728 -224 -32 ) (1728 -256 -32 ) 
4 369 370 (1376 -192 -31 ) (1376 -160 -31 ) (1440 -160 -31 ) (1440 -192 -31 ) 
4 370 406 (1384 -192 -32 ) (1376 -192 -32 ) (1376 -160 -32 ) (1384 -160 -32 ) 
4 370 402 (1440 -160 -32 ) (1440 -192 -32 ) (1384 -192 -32 ) (1384 -160 -32 ) 
4 371 372 (1184 -192 -31 ) (1184 -128 -31 ) (1216 -128 -31 ) (1216 -192 -31 ) 
4 372 435 (1184 -128 -32 ) (1216 -128 -32 ) (1216 -192 -32 ) (1184 -192 -32 ) 
4 373 379 (1824 -480 -31 ) (1824 -480 -24 ) (1792 -480 -24 ) (1792 -480 -31 ) 
4 373 374 (1792 -480 -31 ) (1792 -448 -31 ) (1824 -448 -31 ) (1824 -480 -31 ) 
4 374 442 (1824 -480 -32 ) (1792 -480 -32 ) (1792 -448 -32 ) (1824 -448 -32 ) 
4 374 380 (1792 -480 -32 ) (1824 -480 -32 ) (1824 -480 -31 ) (1792 -480 -31 ) 
4 375 376 (1568 -480 -31 ) (1568 -416 -31 ) (1600 -416 -31 ) (1600 -480 -31 ) 
4 376 453 (1600 -480 -32 ) (1568 -480 -32 ) (1568 -432 -32 ) (1600 -432 -32 ) 
4 376 452 (1568 -432 -32 ) (1568 -416 -32 ) (1600 -416 -32 ) (1600 -432 -32 ) 
4 377 378 (1376 -480 -31 ) (1376 -416 -31 ) (1408 -416 -31 ) (1408 -480 -31 ) 
4 378 453 (1408 -480 -32 ) (1376 -480 -32 ) (1376 -432 -32 ) (1408 -432 -32 ) 
4 378 452 (1376 -432 -32 ) (1376 -416 -32 ) (1408 -416 -32 ) (1408 -432 -32 ) 
4 379 380 (1824 -512 -31 ) (1792 -512 -31 ) (1792 -480 -31 ) (1824 -480 -31 ) 
4 380 442 (1792 -512 -32 ) (1792 -480 -32 ) (1824 -480 -32 ) (1824 -512 -32 ) 
4 381 382 (1440 -576 -31 ) (1440 -544 -31 ) (1504 -544 -31 ) (1504 -576 -31 ) 
4 382 457 (1504 -576 -32 ) (1440 -576 -32 ) (1440 -544 -32 ) (1504 -544 -32 ) 
4 383 384 (1056 -928 -31 ) (1056 -864 -31 ) (1088 -864 -31 ) (1088 -928 -31 ) 
4 384 466 (1088 -928 -32 ) (1056 -928 -32 ) (1056 -864 -32 ) (1088 -864 -32 ) 
4 385 791 (1024 -16 -32 ) (1024 0 -32 ) (1024 0 -56 ) (1024 -16 -56 ) 
4 385 440 (1056 -16 -32 ) (1024 -16 -32 ) (1024 -16 -56 ) (1056 -16 -56 ) 
4 385 388 (1056 -16 -56 ) (1024 -16 -56 ) (1024 0 -56 ) (1072 0 -56 ) 
4 386 400 (1800 -16 -32 ) (1632 -16 -32 ) (1632 -16 -56 ) (1800 -16 -56 ) 
4 386 394 (1846 -16 -32 ) (1800 -16 -32 ) (1800 -16 -56 ) (1846 -16 -56 ) 
4 386 392 (1910 -16 -32 ) (1846 -16 -32 ) (1846 -16 -56 ) (1910 -16 -56 ) 
4 386 391 (2048 -16 -56 ) (2048 -16 -32 ) (1910 -16 -32 ) (1910 -16 -56 ) 
4 386 387 (2048 -16 -56 ) (1632 -16 -56 ) (1648 0 -56 ) (2048 0 -56 ) 
4 387 401 (1632 -16 -64 ) (1632 -16 -132 ) (1846 -16 -132 ) (1846 -16 -64 ) 
4 387 400 (1800 -16 -56 ) (1632 -16 -56 ) (1632 -16 -64 ) (1800 -16 -64 ) 
4 387 394 (1846 -16 -56 ) (1800 -16 -56 ) (1800 -16 -64 ) (1846 -16 -64 ) 
4 387 392 (1910 -16 -56 ) (1846 -16 -56 ) (1846 -16 -132 ) (1910 -16 -132 ) 
4 387 391 (2048 -16 -132 ) (2048 -16 -56 ) (1910 -16 -56 ) (1910 -16 -132 ) 
4 387 389 (2048 -16 -132 ) (1632 -16 -132 ) (1648 0 -132 ) (2048 0 -132 ) 
4 388 791 (1024 0 -56 ) (1024 0 -132 ) (1024 -16 -132 ) (1024 -16 -56 ) 
4 388 440 (1056 -16 -56 ) (1024 -16 -56 ) (1024 -16 -132 ) (1056 -16 -132 ) 
4 388 390 (1056 -16 -132 ) (1024 -16 -132 ) (1024 0 -132 ) (1072 0 -132 ) 
4 389 401 (1632 -16 -160 ) (1846 -16 -160 ) (1846 -16 -132 ) (1632 -16 -132 ) 
4 389 392 (1846 -16 -160 ) (1910 -16 -160 ) (1910 -16 -132 ) (1846 -16 -132 ) 
4 389 391 (1910 -16 -160 ) (2048 -16 -160 ) (2048 -16 -132 ) (1910 -16 -132 ) 
4 390 791 (1024 0 -132 ) (1024 0 -160 ) (1024 -16 -160 ) (1024 -16 -132 ) 
4 390 440 (1024 -16 -160 ) (1056 -16 -160 ) (1056 -16 -132 ) (1024 -16 -132 ) 
4 391 442 (1910 -288 -160 ) (1952 -288 -160 ) (1952 -288 -32 ) (1910 -288 -32 ) 
4 391 441 (1952 -288 -160 ) (2048 -288 -160 ) (2048 -288 -32 ) (1952 -288 -32 ) 
4 391 392 (1910 -16 -32 ) (1910 -16 -160 ) (1910 -32 -160 ) (1910 -32 -32 ) 
4 391 393 (1910 -256 -160 ) (1910 -288 -160 ) (1910 -288 -32 ) (1910 -256 -32 ) 
4 392 401 (1846 -16 -64 ) (1846 -16 -160 ) (1846 -32 -160 ) (1846 -32 -64 ) 
4 392 394 (1846 -16 -32 ) (1846 -16 -64 ) (1846 -32 -64 ) (1846 -32 -32 ) 
4 393 442 (1846 -288 -160 ) (1910 -288 -160 ) (1910 -288 -32 ) (1846 -288 -32 ) 
4 393 401 (1846 -256 -160 ) (1846 -288 -160 ) (1846 -288 -64 ) (1846 -256 -64 ) 
4 393 399 (1846 -288 -64 ) (1846 -288 -32 ) (1846 -256 -32 ) (1846 -256 -64 ) 
4 394 401 (1800 -16 -64 ) (1846 -16 -64 ) (1846 -32 -64 ) (1800 -32 -64 ) 
4 394 400 (1800 -16 -32 ) (1800 -16 -64 ) (1800 -32 -64 ) (1800 -32 -32 ) 
4 394 395 (1800 -32 -32 ) (1800 -32 -64 ) (1816.004395 -32 -64 ) (1816.004395 -32 -32 ) 
3 395 401 (1800 -39.275467 -64 ) (1800 -32 -64 ) (1816.004395 -32 -64 ) 
4 395 400 (1800 -32 -64 ) (1800 -39.275471 -64 ) (1800 -39.275467 -32 ) (1800 -32 -32 ) 
4 395 397 (1800 -39.274536 -32 ) (1800 -39.274536 -64 ) (1805 -37.001873 -64 ) (1805 -37.001873 -32 ) 
3 396 401 (1816 -256 -64 ) (1800 -256 -64 ) (1800 -248.727264 -64 ) 
4 396 400 (1800 -248.727264 -64 ) (1800 -256 -64 ) (1800 -256 -32 ) (1800 -248.727264 -32 ) 
4 396 398 (1805.001099 -251.001312 -64 ) (1800 -248.728073 -64 ) (1800 -248.728073 -32 ) (1805.001099 -251.001312 -32 ) 
4 396 399 (1800 -256 -32 ) (1800 -256 -64 ) (1816 -256 -64 ) (1816 -256 -32 ) 
3 397 401 (1800 -48 -64 ) (1800 -39.275467 -64 ) (1804.998779 -37.003056 -64 ) 
4 397 400 (1800 -39.275471 -64 ) (1800 -48 -64 ) (1800 -48 -32 ) (1800 -39.275467 -32 ) 
3 398 401 (1805 -251 -64 ) (1800 -248.727264 -64 ) (1800 -240 -64 ) 
4 398 400 (1800 -240 -64 ) (1800 -248.727264 -64 ) (1800 -248.727264 -32 ) (1800 -240 -32 ) 
4 399 442 (1846 -288 -64 ) (1846 -288 -32 ) (1800 -288 -32 ) (1800 -288 -64 ) 
4 399 401 (1846 -256 -64 ) (1846 -288 -64 ) (1800 -288 -64 ) (1800 -256 -64 ) 
4 399 400 (1800 -256 -64 ) (1800 -288 -64 ) (1800 -288 -32 ) (1800 -256 -32 ) 
4 400 443 (1696 -288 -32 ) (1632 -288 -32 ) (1632 -288 -64 ) (1696 -288 -64 ) 
4 400 442 (1800 -288 -32 ) (1696 -288 -32 ) (1696 -288 -64 ) (1800 -288 -64 ) 
4 400 401 (1568 -16 -64 ) (1800 -16 -64 ) (1800 -288 -64 ) (1568 -288 -64 ) 
4 401 443 (1632 -288 -160 ) (1696 -288 -160 ) (1696 -288 -64 ) (1632 -288 -64 ) 
4 401 442 (1696 -288 -160 ) (1846 -288 -160 ) (1846 -288 -64 ) (1696 -288 -64 ) 
4 402 436 (1384 -240 -160 ) (1472 -240 -160 ) (1472 -240 -32 ) (1384 -240 -32 ) 
4 402 405 (1384 -78 -160 ) (1384 -102 -160 ) (1384 -102 -147 ) (1384 -78 -147 ) 
4 402 404 (1384 -102 -147 ) (1384 -102 -32 ) (1384 -78 -32 ) (1384 -78 -147 ) 
4 402 403 (1384 -64 -32 ) (1384 -64 -160 ) (1384 -78 -160 ) (1384 -78 -32 ) 
4 402 406 (1384 -102 -160 ) (1384 -240 -160 ) (1384 -240 -32 ) (1384 -102 -32 ) 
4 403 408 (1365 -64 -121 ) (1365 -64 -160 ) (1365 -78 -160 ) (1365 -78 -121 ) 
4 403 407 (1365 -64 -32 ) (1365 -64 -121 ) (1365 -78 -121 ) (1365 -78 -32 ) 
4 403 405 (1365 -78 -147 ) (1365 -78 -160 ) (1384 -78 -160 ) (1384 -78 -147 ) 
4 403 404 (1365 -78 -32 ) (1365 -78 -147 ) (1384 -78 -147 ) (1384 -78 -32 ) 
4 404 410 (1365 -102 -147 ) (1365 -102 -135 ) (1365 -86 -135 ) (1365 -86 -147 ) 
4 404 409 (1365 -102 -135 ) (1365 -102 -32 ) (1365 -86 -32 ) (1365 -86 -135 ) 
4 404 408 (1365 -78 -121 ) (1365 -78 -147 ) (1365 -86 -147 ) (1365 -86 -121 ) 
4 404 407 (1365 -86 -32 ) (1365 -78 -32 ) (1365 -78 -121 ) (1365 -86 -121 ) 
4 404 406 (1365 -102 -32 ) (1365 -102 -147 ) (1384 -102 -147 ) (1384 -102 -32 ) 
4 404 405 (1384 -102 -147 ) (1365 -102 -147 ) (1365 -78 -147 ) (1384 -78 -147 ) 
4 405 410 (1365 -86 -160 ) (1365 -102 -160 ) (1365 -102 -147 ) (1365 -86 -147 ) 
4 405 408 (1365 -78 -160 ) (1365 -86 -160 ) (1365 -86 -147 ) (1365 -78 -147 ) 
4 405 406 (1365 -102 -147 ) (1365 -102 -160 ) (1384 -102 -160 ) (1384 -102 -147 ) 
4 406 436 (1365 -240 -160 ) (1384 -240 -160 ) (1384 -240 -32 ) (1365 -240 -32 ) 
4 406 410 (1365 -102 -160 ) (1365 -108 -160 ) (1365 -108 -135 ) (1365 -102 -135 ) 
4 406 409 (1365 -108 -135 ) (1365 -108 -32 ) (1365 -102 -32 ) (1365 -102 -135 ) 
4 406 411 (1365 -108 -160 ) (1365 -240 -160 ) (1365 -240 -32 ) (1365 -108 -32 ) 
4 407 413 (1351 -64 -109 ) (1351 -64 -121 ) (1351 -86 -121 ) (1351 -86 -109 ) 
4 407 412 (1351 -64 -32 ) (1351 -64 -109 ) (1351 -86 -109 ) (1351 -86 -32 ) 
4 407 409 (1351 -86 -32 ) (1351 -86 -121 ) (1365 -86 -121 ) (1365 -86 -32 ) 
4 407 408 (1365 -86 -121 ) (1351 -86 -121 ) (1351 -64 -121 ) (1365 -64 -121 ) 
4 408 413 (1351 -64 -121 ) (1351 -64 -160 ) (1351 -86 -160 ) (1351 -86 -121 ) 
4 408 410 (1351 -86 -135 ) (1351 -86 -160 ) (1365 -86 -160 ) (1365 -86 -135 ) 
4 408 409 (1351 -86 -121 ) (1351 -86 -135 ) (1365 -86 -135 ) (1365 -86 -121 ) 
4 409 415 (1351 -108 -135 ) (1351 -108 -121 ) (1351 -86 -121 ) (1351 -86 -135 ) 
4 409 414 (1351 -108 -121 ) (1351 -108 -32 ) (1351 -86 -32 ) (1351 -86 -121 ) 
4 409 411 (1351 -108 -32 ) (1351 -108 -135 ) (1365 -108 -135 ) (1365 -108 -32 ) 
4 409 410 (1365 -108 -135 ) (1351 -108 -135 ) (1351 -86 -135 ) (1365 -86 -135 ) 
4 410 415 (1351 -86 -160 ) (1351 -108 -160 ) (1351 -108 -135 ) (1351 -86 -135 ) 
4 410 411 (1351 -108 -135 ) (1351 -108 -160 ) (1365 -108 -160 ) (1365 -108 -135 ) 
4 411 436 (1351 -240 -160 ) (1365 -240 -160 ) (1365 -240 -32 ) (1351 -240 -32 ) 
4 411 416 (1351 -108 -160 ) (1351 -240 -160 ) (1351 -240 -32 ) (1351 -108 -32 ) 
4 412 417 (1337 -64 -32 ) (1337 -64 -109 ) (1337 -86 -109 ) (1337 -86 -32 ) 
4 412 414 (1337 -86 -32 ) (1337 -86 -109 ) (1351 -86 -109 ) (1351 -86 -32 ) 
4 412 413 (1351 -86 -109 ) (1337 -86 -109 ) (1337 -64 -109 ) (1351 -64 -109 ) 
4 413 422 (1337 -64 -109 ) (1337 -64 -160 ) (1337 -86 -160 ) (1337 -86 -109 ) 
4 413 415 (1337 -86 -121 ) (1337 -86 -160 ) (1351 -86 -160 ) (1351 -86 -121 ) 
4 413 414 (1337 -86 -109 ) (1337 -86 -121 ) (1351 -86 -121 ) (1351 -86 -109 ) 
4 414 422 (1337 -108 -121 ) (1337 -108 -109 ) (1337 -86 -109 ) (1337 -86 -121 ) 
4 414 417 (1337 -108 -109 ) (1337 -108 -32 ) (1337 -86 -32 ) (1337 -86 -109 ) 
4 414 416 (1337 -108 -32 ) (1337 -108 -121 ) (1351 -108 -121 ) (1351 -108 -32 ) 
4 414 415 (1351 -108 -121 ) (1337 -108 -121 ) (1337 -86 -121 ) (1351 -86 -121 ) 
4 415 422 (1337 -86 -160 ) (1337 -108 -160 ) (1337 -108 -121 ) (1337 -86 -121 ) 
4 415 416 (1337 -108 -121 ) (1337 -108 -160 ) (1351 -108 -160 ) (1351 -108 -121 ) 
4 416 436 (1344 -240 -160 ) (1351 -240 -160 ) (1351 -240 -32 ) (1344 -240 -32 ) 
4 416 423 (1337 -108 -160 ) (1337 -240 -160 ) (1337 -240 -109 ) (1337 -108 -109 ) 
4 416 417 (1337 -240 -109 ) (1337 -240 -32 ) (1337 -108 -32 ) (1337 -108 -109 ) 
4 417 423 (1337 -108 -109 ) (1337 -240 -109 ) (1332 -240 -109 ) (1332 -108 -109 ) 
4 417 422 (1332 -64 -109 ) (1337 -64 -109 ) (1337 -108 -109 ) (1332 -108 -109 ) 
4 417 419 (1332 -64 -97 ) (1332 -64 -109 ) (1332 -92 -109 ) (1332 -92 -97 ) 
4 417 418 (1332 -64 -32 ) (1332 -64 -97 ) (1332 -92 -97 ) (1332 -92 -32 ) 
4 417 420 (1332 -92 -109 ) (1332 -240 -109 ) (1332 -240 -32 ) (1332 -92 -32 ) 
4 418 420 (1310 -92 -32 ) (1310 -92 -97 ) (1332 -92 -97 ) (1332 -92 -32 ) 
4 418 421 (1310 -64 -32 ) (1310 -64 -97 ) (1310 -92 -97 ) (1310 -92 -32 ) 
4 418 419 (1332 -92 -97 ) (1310 -92 -97 ) (1310 -64 -97 ) (1332 -64 -97 ) 
4 419 422 (1310 -64 -109 ) (1332 -64 -109 ) (1332 -92 -109 ) (1310 -92 -109 ) 
4 419 420 (1310 -92 -97 ) (1310 -92 -109 ) (1332 -92 -109 ) (1332 -92 -97 ) 
4 419 421 (1310 -64 -97 ) (1310 -64 -109 ) (1310 -92 -109 ) (1310 -92 -97 ) 
4 420 423 (1332 -108 -109 ) (1332 -240 -109 ) (1310 -240 -109 ) (1310 -108 -109 ) 
4 420 422 (1332 -92 -109 ) (1332 -108 -109 ) (1310 -108 -109 ) (1310 -92 -109 ) 
4 420 421 (1310 -92 -109 ) (1310 -240 -109 ) (1310 -240 -32 ) (1310 -92 -32 ) 
4 421 429 (1308 -86 -109 ) (1308 -108 -109 ) (1308 -108 -32 ) (1308 -86 -32 ) 
4 421 431 (1308 -108 -109 ) (1308 -240 -109 ) (1308 -240 -32 ) (1308 -108 -32 ) 
4 421 424 (1308 -64 -32 ) (1308 -64 -109 ) (1308 -86 -109 ) (1308 -86 -32 ) 
4 421 423 (1308 -240 -109 ) (1308 -108 -109 ) (1310 -108 -109 ) (1310 -240 -109 ) 
4 421 422 (1308 -108 -109 ) (1308 -64 -109 ) (1310 -64 -109 ) (1310 -108 -109 ) 
4 422 430 (1308 -86 -160 ) (1308 -108 -160 ) (1308 -108 -121 ) (1308 -86 -121 ) 
4 422 429 (1308 -108 -121 ) (1308 -108 -109 ) (1308 -86 -109 ) (1308 -86 -121 ) 
4 422 425 (1308 -64 -121 ) (1308 -64 -160 ) (1308 -86 -160 ) (1308 -86 -121 ) 
4 422 424 (1308 -64 -109 ) (1308 -64 -121 ) (1308 -86 -121 ) (1308 -86 -109 ) 
4 422 423 (1337 -108 -160 ) (1337 -108 -109 ) (1308 -108 -109 ) (1308 -108 -160 ) 
4 423 431 (1308 -108 -160 ) (1308 -240 -160 ) (1308 -240 -109 ) (1308 -108 -109 ) 
4 424 432 (1294 -86 -32 ) (1279 -86 -32 ) (1279 -86 -121 ) (1294 -86 -121 ) 
4 424 429 (1308 -86 -121 ) (1308 -86 -32 ) (1294 -86 -32 ) (1294 -86 -121 ) 
4 424 426 (1279 -64 -32 ) (1279 -64 -121 ) (1279 -86 -121 ) (1279 -86 -32 ) 
4 424 425 (1308 -86 -121 ) (1279 -86 -121 ) (1279 -64 -121 ) (1308 -64 -121 ) 
4 425 433 (1279 -86 -160 ) (1294 -86 -160 ) (1294 -86 -135 ) (1279 -86 -135 ) 
4 425 432 (1294 -86 -135 ) (1294 -86 -121 ) (1279 -86 -121 ) (1279 -86 -135 ) 
4 425 430 (1294 -86 -160 ) (1308 -86 -160 ) (1308 -86 -121 ) (1294 -86 -121 ) 
4 425 427 (1279 -64 -135 ) (1279 -64 -160 ) (1279 -86 -160 ) (1279 -86 -135 ) 
4 425 426 (1279 -64 -121 ) (1279 -64 -135 ) (1279 -86 -135 ) (1279 -86 -121 ) 
4 426 435 (1279 -86 -135 ) (1279 -86 -32 ) (1264 -86 -32 ) (1264 -86 -135 ) 
4 426 428 (1264 -64 -32 ) (1264 -64 -135 ) (1264 -86 -135 ) (1264 -86 -32 ) 
4 426 427 (1264 -86 -135 ) (1264 -64 -135 ) (1279 -64 -135 ) (1279 -86 -135 ) 
4 427 435 (1264 -86 -160 ) (1279 -86 -160 ) (1279 -86 -135 ) (1264 -86 -135 ) 
4 427 428 (1264 -64 -135 ) (1264 -64 -160 ) (1264 -86 -160 ) (1264 -86 -135 ) 
4 428 435 (1120 -86 -32 ) (1120 -86 -160 ) (1264 -86 -160 ) (1264 -86 -32 ) 
4 429 432 (1294 -86 -32 ) (1294 -86 -121 ) (1294 -108 -121 ) (1294 -108 -32 ) 
4 429 431 (1294 -108 -32 ) (1294 -108 -121 ) (1308 -108 -121 ) (1308 -108 -32 ) 
4 429 430 (1308 -108 -121 ) (1294 -108 -121 ) (1294 -86 -121 ) (1308 -86 -121 ) 
4 430 433 (1294 -86 -135 ) (1294 -86 -160 ) (1294 -108 -160 ) (1294 -108 -135 ) 
4 430 432 (1294 -86 -121 ) (1294 -86 -135 ) (1294 -108 -135 ) (1294 -108 -121 ) 
4 430 431 (1294 -108 -121 ) (1294 -108 -160 ) (1308 -108 -160 ) (1308 -108 -121 ) 
4 431 434 (1294 -108 -160 ) (1294 -240 -160 ) (1294 -240 -32 ) (1294 -108 -32 ) 
4 432 434 (1279 -108 -32 ) (1279 -108 -135 ) (1294 -108 -135 ) (1294 -108 -32 ) 
4 432 435 (1279 -86 -32 ) (1279 -86 -135 ) (1279 -108 -135 ) (1279 -108 -32 ) 
4 432 433 (1294 -108 -135 ) (1279 -108 -135 ) (1279 -86 -135 ) (1294 -86 -135 ) 
4 433 434 (1279 -108 -135 ) (1279 -108 -160 ) (1294 -108 -160 ) (1294 -108 -135 ) 
4 433 435 (1279 -86 -135 ) (1279 -86 -160 ) (1279 -108 -160 ) (1279 -108 -135 ) 
4 434 435 (1279 -108 -160 ) (1279 -240 -160 ) (1279 -240 -32 ) (1279 -108 -32 ) 
4 435 438 (1120 -88 -160 ) (1120 -216 -160 ) (1120 -216 -48 ) (1120 -88 -48 ) 
4 435 437 (1120 -216 -48 ) (1120 -216 -32 ) (1120 -88 -32 ) (1120 -88 -48 ) 
4 436 445 (1344 -288 -160 ) (1472 -288 -160 ) (1472 -288 -48 ) (1344 -288 -48 ) 
4 436 444 (1472 -288 -48 ) (1472 -288 -32 ) (1344 -288 -32 ) (1344 -288 -48 ) 
4 437 438 (1120 -216 -48 ) (1072 -216 -48 ) (1072 -88 -48 ) (1120 -88 -48 ) 
4 438 439 (1072 -196 -48 ) (1072 -108 -48 ) (1072 -108 -160 ) (1072 -196 -160 ) 
4 439 440 (1056 -108 -160 ) (1056 -196 -160 ) (1056 -196 -48 ) (1056 -108 -48 ) 
4 440 791 (1024 -288 -32 ) (1024 -16 -32 ) (1024 -16 -160 ) (1024 -288 -160 ) 
4 440 447 (1024 -288 -160 ) (1056 -288 -160 ) (1056 -288 -32 ) (1024 -288 -32 ) 
4 441 442 (1952 -288 -32 ) (1952 -288 -160 ) (1952 -384 -160 ) (1952 -384 -32 ) 
4 442 450 (1696 -412 -160 ) (1696 -500 -160 ) (1696 -500 -48 ) (1696 -412 -48 ) 
4 442 443 (1696 -288 -32 ) (1696 -288 -160 ) (1696 -352 -160 ) (1696 -352 -32 ) 
4 444 445 (1344 -336 -48 ) (1344 -288 -48 ) (1472 -288 -48 ) (1472 -336 -48 ) 
4 445 446 (1452 -336 -48 ) (1364 -336 -48 ) (1364 -336 -160 ) (1452 -336 -160 ) 
4 446 452 (1364 -352 -160 ) (1452 -352 -160 ) (1452 -352 -48 ) (1364 -352 -48 ) 
4 447 791 (1024 -304 -32 ) (1024 -288 -32 ) (1024 -288 -160 ) (1024 -304 -160 ) 
4 448 794 (1024 -352 -32 ) (1024 -320 -32 ) (1024 -320 -160 ) (1024 -352 -160 ) 
4 448 459 (1024 -352 -160 ) (1056 -352 -160 ) (1056 -352 -32 ) (1024 -352 -32 ) 
4 449 456 (1632 -520 -48 ) (1632 -520 -32 ) (1632 -496 -32 ) (1632 -496 -48 ) 
4 449 453 (1632 -496 -32 ) (1632 -432 -32 ) (1632 -432 -48 ) (1632 -496 -48 ) 
4 449 452 (1632 -432 -32 ) (1632 -392 -32 ) (1632 -392 -48 ) (1632 -432 -48 ) 
4 449 451 (1680 -520 -48 ) (1632 -520 -48 ) (1632 -392 -48 ) (1680 -392 -48 ) 
4 450 451 (1680 -500 -48 ) (1680 -412 -48 ) (1680 -412 -160 ) (1680 -500 -160 ) 
4 451 456 (1632 -496 -160 ) (1632 -520 -160 ) (1632 -520 -48 ) (1632 -496 -48 ) 
4 451 454 (1632 -432 -160 ) (1632 -496 -160 ) (1632 -496 -48 ) (1632 -432 -48 ) 
4 451 452 (1632 -392 -160 ) (1632 -432 -160 ) (1632 -432 -48 ) (1632 -392 -48 ) 
4 452 454 (1312 -432 -160 ) (1632 -432 -160 ) (1632 -432 -48 ) (1312 -432 -48 ) 
4 452 453 (1632 -432 -48 ) (1632 -432 -32 ) (1312 -432 -32 ) (1312 -432 -48 ) 
4 453 456 (1312 -496 -48 ) (1632 -496 -48 ) (1632 -496 -32 ) (1312 -496 -32 ) 
4 453 454 (1632 -496 -48 ) (1312 -496 -48 ) (1312 -432 -48 ) (1632 -432 -48 ) 
4 454 456 (1312 -496 -160 ) (1632 -496 -160 ) (1632 -496 -48 ) (1312 -496 -48 ) 
4 455 458 (1072 -432 -160 ) (1072 -496 -160 ) (1072 -496 -48 ) (1072 -432 -48 ) 
4 456 457 (1312 -544 -160 ) (1632 -544 -160 ) (1632 -544 -32 ) (1312 -544 -32 ) 
4 457 460 (1312 -576 -160 ) (1632 -576 -160 ) (1632 -576 -32 ) (1312 -576 -32 ) 
4 458 459 (1056 -384 -160 ) (1056 -544 -160 ) (1056 -544 -32 ) (1056 -384 -32 ) 
4 459 794 (1024 -576 -32 ) (1024 -352 -32 ) (1024 -352 -160 ) (1024 -576 -160 ) 
4 459 465 (1024 -576 -160 ) (1056 -576 -160 ) (1056 -576 -32 ) (1024 -576 -32 ) 
4 461 463 (1072 -624 -160 ) (1072 -688 -160 ) (1072 -688 -48 ) (1072 -624 -48 ) 
4 462 467 (1072 -852 -160 ) (1200 -852 -160 ) (1200 -852 -48 ) (1072 -852 -48 ) 
4 462 466 (1200 -852 -48 ) (1200 -852 -32 ) (1072 -852 -32 ) (1072 -852 -48 ) 
4 462 464 (1072 -800 -160 ) (1072 -852 -160 ) (1072 -852 -32 ) (1072 -800 -32 ) 
4 463 465 (1056 -576 -32 ) (1056 -576 -160 ) (1056 -736 -160 ) (1056 -736 -32 ) 
4 464 467 (1056 -852 -160 ) (1072 -852 -160 ) (1072 -852 -48 ) (1056 -852 -48 ) 
4 464 466 (1072 -852 -48 ) (1072 -852 -32 ) (1056 -852 -32 ) (1056 -852 -48 ) 
4 464 465 (1056 -800 -160 ) (1056 -852 -160 ) (1056 -852 -32 ) (1056 -800 -32 ) 
4 465 828 (1024 -852 -32 ) (1024 -832 -32 ) (1024 -832 -44 ) (1024 -852 -44 ) 
4 465 829 (1024 -832 -44 ) (1024 -832 -160 ) (1024 -852 -160 ) (1024 -852 -44 ) 
4 465 824 (1024 -832 -32 ) (1024 -800 -32 ) (1024 -800 -160 ) (1024 -832 -160 ) 
4 465 823 (1024 -800 -32 ) (1024 -632 -32 ) (1024 -632 -160 ) (1024 -800 -160 ) 
4 465 794 (1024 -632 -32 ) (1024 -576 -32 ) (1024 -576 -160 ) (1024 -632 -160 ) 
4 465 467 (1024 -852 -160 ) (1056 -852 -160 ) (1056 -852 -48 ) (1024 -852 -48 ) 
4 465 466 (1056 -852 -48 ) (1056 -852 -32 ) (1024 -852 -32 ) (1024 -852 -48 ) 
4 466 828 (1024 -940 -32 ) (1024 -852 -32 ) (1024 -852 -44 ) (1024 -940 -44 ) 
4 466 829 (1024 -852 -44 ) (1024 -852 -48 ) (1024 -940 -48 ) (1024 -940 -44 ) 
4 466 468 (1200 -940 -32 ) (1024 -940 -32 ) (1024 -940 -48 ) (1200 -940 -48 ) 
4 466 467 (1200 -940 -48 ) (1024 -940 -48 ) (1024 -852 -48 ) (1200 -852 -48 ) 
4 467 829 (1024 -852 -48 ) (1024 -852 -160 ) (1024 -940 -160 ) (1024 -940 -48 ) 
4 467 468 (1024 -940 -160 ) (1200 -940 -160 ) (1200 -940 -48 ) (1024 -940 -48 ) 
4 468 830 (1024 -992 -32 ) (1024 -960 -32 ) (1024 -960 -160 ) (1024 -992 -160 ) 
4 468 828 (1024 -960 -32 ) (1024 -940 -32 ) (1024 -940 -44 ) (1024 -960 -44 ) 
4 468 829 (1024 -940 -44 ) (1024 -940 -160 ) (1024 -960 -160 ) (1024 -960 -44 ) 
4 468 469 (1192 -992 -40 ) (1024 -992 -40 ) (1024 -992 -152 ) (1192 -992 -152 ) 
4 469 1033 (1192 -1024 -40 ) (1024 -1024 -40 ) (1024 -1024 -152 ) (1192 -1024 -152 ) 
4 469 836 (1024 -1024 -152 ) (1024 -1024 -40 ) (1024 -992 -40 ) (1024 -992 -152 ) 
4 471 472 (928 928 -31 ) (928 992 -31 ) (960 992 -31 ) (960 928 -31 ) 
4 472 485 (928 992 -32 ) (960 992 -32 ) (960 928 -32 ) (928 928 -32 ) 
4 473 474 (704 960 -31 ) (640 960 -31 ) (640 992 -31 ) (704 992 -31 ) 
4 474 499 (640 960 -32 ) (640 992 -32 ) (704 992 -32 ) (704 960 -32 ) 
4 475 476 (704 768 -31 ) (640 768 -31 ) (640 800 -31 ) (704 800 -31 ) 
4 476 499 (640 768 -32 ) (640 800 -32 ) (704 800 -32 ) (704 768 -32 ) 
4 477 478 (704 576 -31 ) (640 576 -31 ) (640 608 -31 ) (704 608 -31 ) 
4 478 499 (640 576 -32 ) (640 608 -32 ) (704 608 -32 ) (704 576 -32 ) 
4 479 480 (704 384 -31 ) (640 384 -31 ) (640 416 -31 ) (704 416 -31 ) 
4 480 499 (640 384 -32 ) (640 416 -32 ) (704 416 -32 ) (704 384 -32 ) 
4 481 482 (704 192 -31 ) (640 192 -31 ) (640 224 -31 ) (704 224 -31 ) 
4 482 499 (640 192 -32 ) (640 224 -32 ) (704 224 -32 ) (704 192 -32 ) 
4 483 484 (704 32 -31 ) (640 32 -31 ) (640 64 -31 ) (704 64 -31 ) 
4 484 499 (640 32 -32 ) (640 64 -32 ) (704 64 -32 ) (704 32 -32 ) 
4 485 490 (848 896 -48 ) (864 896 -48 ) (864 896 -32 ) (848 896 -32 ) 
4 485 488 (864 896 -48 ) (1024 896 -48 ) (1024 896 -32 ) (864 896 -32 ) 
4 485 486 (1024 896 -48 ) (816 896 -48 ) (816 1024 -48 ) (1024 1024 -48 ) 
4 486 490 (848 896 -160 ) (864 896 -160 ) (864 896 -48 ) (848 896 -48 ) 
4 486 488 (864 896 -160 ) (1024 896 -160 ) (1024 896 -48 ) (864 896 -48 ) 
4 486 487 (816 1004 -160 ) (816 916 -160 ) (816 916 -48 ) (816 1004 -48 ) 
4 487 491 (800 1004 -160 ) (800 916 -160 ) (800 916 -48 ) (800 1004 -48 ) 
4 488 490 (864 896 -32 ) (864 896 -160 ) (864 864 -160 ) (864 864 -32 ) 
4 489 791 (1024 0 -160 ) (1024 0 -32 ) (864 0 -32 ) (864 0 -160 ) 
4 491 497 (768 1024 -160 ) (768 896 -160 ) (768 896 -32 ) (768 1024 -32 ) 
4 492 497 (768 696 -160 ) (768 648 -160 ) (768 648 -48 ) (768 696 -48 ) 
4 493 498 (768 432 -160 ) (768 384 -160 ) (768 384 -48 ) (768 432 -48 ) 
4 494 498 (768 304 -160 ) (768 256 -160 ) (768 256 -48 ) (768 304 -48 ) 
4 495 498 (768 192 -160 ) (768 128 -160 ) (768 128 -32 ) (768 192 -32 ) 
4 496 498 (768 96 -160 ) (768 32 -160 ) (768 32 -32 ) (768 96 -32 ) 
4 497 499 (752 1024 -160 ) (752 608 -160 ) (752 608 -32 ) (752 1024 -32 ) 
4 498 499 (752 472 -160 ) (752 0 -160 ) (752 0 -32 ) (752 472 -32 ) 
4 499 797 (640 0 -48 ) (640 0 -160 ) (736 0 -160 ) (736 0 -48 ) 
4 499 796 (736 0 -32 ) (640 0 -32 ) (640 0 -48 ) (736 0 -48 ) 
4 499 511 (640 916 -160 ) (640 0 -160 ) (640 0 -32 ) (640 916 -32 ) 
4 499 510 (640 1004 -160 ) (640 916 -160 ) (640 916 -48 ) (640 1004 -48 ) 
4 499 509 (640 916 -48 ) (640 916 -32 ) (640 1004 -32 ) (640 1004 -48 ) 
4 499 508 (640 1024 -32 ) (640 1024 -160 ) (640 1004 -160 ) (640 1004 -32 ) 
4 500 501 (128 192 -31 ) (64 192 -31 ) (64 224 -31 ) (128 224 -31 ) 
4 501 519 (128 224 -32 ) (128 192 -32 ) (64 192 -32 ) (64 224 -32 ) 
4 502 503 (416 64 -31 ) (416 128 -31 ) (448 128 -31 ) (448 64 -31 ) 
4 503 520 (448 64 -32 ) (416 64 -32 ) (416 128 -32 ) (448 128 -32 ) 
4 504 505 (224 64 -31 ) (224 128 -31 ) (256 128 -31 ) (256 64 -31 ) 
4 505 520 (256 64 -32 ) (224 64 -32 ) (224 128 -32 ) (256 128 -32 ) 
4 506 507 (128 32 -31 ) (64 32 -31 ) (64 64 -31 ) (128 64 -31 ) 
4 507 520 (64 32 -32 ) (64 64 -32 ) (128 64 -32 ) (128 32 -32 ) 
4 508 510 (544 1004 -160 ) (640 1004 -160 ) (640 1004 -48 ) (544 1004 -48 ) 
4 508 509 (640 1004 -48 ) (640 1004 -32 ) (544 1004 -32 ) (544 1004 -48 ) 
4 509 512 (544 916 -48 ) (576 916 -48 ) (576 916 -32 ) (544 916 -32 ) 
4 509 511 (576 916 -48 ) (640 916 -48 ) (640 916 -32 ) (576 916 -32 ) 
4 509 510 (640 916 -48 ) (544 916 -48 ) (544 1004 -48 ) (640 1004 -48 ) 
4 510 512 (544 916 -160 ) (576 916 -160 ) (576 916 -48 ) (544 916 -48 ) 
4 510 511 (576 916 -160 ) (640 916 -160 ) (640 916 -48 ) (576 916 -48 ) 
4 511 797 (608 0 -160 ) (640 0 -160 ) (640 0 -48 ) (608 0 -48 ) 
4 511 796 (640 0 -48 ) (640 0 -32 ) (608 0 -32 ) (608 0 -48 ) 
4 511 513 (576 688 -160 ) (576 368 -160 ) (576 368 -32 ) (576 688 -32 ) 
4 511 514 (576 192 -160 ) (576 0 -160 ) (576 0 -32 ) (576 192 -32 ) 
4 511 512 (576 916 -32 ) (576 916 -160 ) (576 896 -160 ) (576 896 -32 ) 
4 513 516 (512 456 -160 ) (512 408 -160 ) (512 408 -48 ) (512 456 -48 ) 
4 513 515 (512 640 -160 ) (512 520 -160 ) (512 520 -64 ) (512 640 -64 ) 
4 514 520 (512 192 -160 ) (512 0 -160 ) (512 0 -32 ) (512 192 -32 ) 
4 517 518 (52 320 -160 ) (140 320 -160 ) (140 320 -48 ) (52 320 -48 ) 
4 518 519 (32 304 -160 ) (160 304 -160 ) (160 304 -32 ) (32 304 -32 ) 
4 519 520 (0 192 -160 ) (192 192 -160 ) (192 192 -32 ) (0 192 -32 ) 
4 520 822 (0 0 -32 ) (0 0 -160 ) (192 0 -160 ) (192 0 -32 ) 
4 520 621 (0 32 -160 ) (0 0 -160 ) (0 0 -32 ) (0 32 -32 ) 
4 520 619 (0 160 -160 ) (0 32 -160 ) (0 32 -48 ) (0 160 -48 ) 
4 520 618 (0 32 -48 ) (0 32 -32 ) (0 160 -32 ) (0 160 -48 ) 
4 520 617 (0 176 -160 ) (0 160 -160 ) (0 160 -32 ) (0 176 -32 ) 
4 520 615 (0 192 -160 ) (0 176 -160 ) (0 176 -32 ) (0 192 -32 ) 
4 521 526 (-992 928 48 ) (-992 1024 48 ) (-752 1024 48 ) (-752 928 48 ) 
4 521 525 (-976 928 48 ) (-720 928 48 ) (-720 896 48 ) (-976 896 48 ) 
4 521 524 (-992 896 48 ) (-992 928 48 ) (-976 928 48 ) (-976 896 48 ) 
4 521 522 (-992 1024 48 ) (-992 896 48 ) (-992 896 144 ) (-992 1024 144 ) 
4 522 1425 (-1024 376 48 ) (-1024 0 48 ) (-1024 0 144 ) (-1024 376 144 ) 
4 522 1424 (-1024 392 48 ) (-1024 376 48 ) (-1024 376 144 ) (-1024 392 144 ) 
4 522 1423 (-1024 1024 144 ) (-1024 1024 48 ) (-1024 392 48 ) (-1024 392 144 ) 
4 522 872 (-992 0 144 ) (-1024 0 144 ) (-1024 0 48 ) (-992 0 48 ) 
4 522 566 (-992 0 48 ) (-1024 0 48 ) (-1024 64 48 ) (-992 64 48 ) 
4 522 563 (-1024 64 48 ) (-1024 80 48 ) (-992 80 48 ) (-992 64 48 ) 
4 522 561 (-1024 80 48 ) (-1024 128 48 ) (-992 128 48 ) (-992 80 48 ) 
4 522 554 (-1024 128 48 ) (-1024 184 48 ) (-992 184 48 ) (-992 128 48 ) 
4 522 553 (-1024 184 48 ) (-1024 224 48 ) (-992 224 48 ) (-992 184 48 ) 
4 522 552 (-1024 224 48 ) (-1024 288 48 ) (-992 288 48 ) (-992 224 48 ) 
4 522 544 (-1024 288 48 ) (-1024 320 48 ) (-992 320 48 ) (-992 288 48 ) 
4 522 543 (-1024 320 48 ) (-1024 448 48 ) (-992 448 48 ) (-992 320 48 ) 
4 522 541 (-1024 448 48 ) (-1024 544 48 ) (-992 544 48 ) (-992 448 48 ) 
4 522 540 (-1024 544 48 ) (-1024 608 48 ) (-992 608 48 ) (-992 544 48 ) 
4 522 533 (-1024 608 48 ) (-1024 704 48 ) (-992 704 48 ) (-992 608 48 ) 
4 522 532 (-1024 704 48 ) (-1024 736 48 ) (-992 736 48 ) (-992 704 48 ) 
4 522 527 (-1024 736 48 ) (-1024 864 48 ) (-992 864 48 ) (-992 736 48 ) 
4 522 526 (-1024 928 48 ) (-1024 1024 48 ) (-992 1024 48 ) (-992 928 48 ) 
4 522 524 (-1024 864 48 ) (-1024 928 48 ) (-992 928 48 ) (-992 864 48 ) 
4 523 567 (-688 960 -32 ) (-688 864 -32 ) (-720 864 -32 ) (-720 960 -32 ) 
6 523 525 (-720 960 -32 ) (-720 864 -32 ) (-720 864 16 ) (-720 896 48 ) (-720 928 48 ) (-720 960 16 ) 
4 524 1423 (-1024 1008 -32 ) (-1024 864 -32 ) (-1024 864 48 ) (-1024 928 48 ) 
4 524 733 (-960 864 -32 ) (-1024 864 -32 ) (-1024 1008 -32 ) (-960 1008 -32 ) 
4 524 731 (-944 864 -32 ) (-960 864 -32 ) (-960 1008 -32 ) (-944 1008 -32 ) 
4 524 720 (-928 864 -32 ) (-944 864 -32 ) (-944 1008 -32 ) (-928 1008 -32 ) 
4 524 715 (-912 864 -32 ) (-928 864 -32 ) (-928 1008 -32 ) (-912 1008 -32 ) 
4 524 569 (-896 864 -32 ) (-912 864 -32 ) (-912 1008 -32 ) (-896 1008 -32 ) 
5 524 527 (-1024 864 -32 ) (-944 864 -32 ) (-944 864 16 ) (-976 864 48 ) (-1024 864 48 ) 
4 524 526 (-896 1008 -32 ) (-1024 1008 -32 ) (-1024 928 48 ) (-976 928 48 ) 
5 524 525 (-896 1008 -32 ) (-976 928 48 ) (-976 896 48 ) (-944 864 16 ) (-896 864 -32 ) 
4 525 569 (-720 1008 -32 ) (-720 864 -32 ) (-896 864 -32 ) (-896 1008 -32 ) 
5 525 526 (-720 960 16 ) (-720 1008 -32 ) (-896 1008 -32 ) (-976 928 48 ) (-752 928 48 ) 
4 526 1423 (-1024 1024 48 ) (-1024 1024 -32 ) (-1024 1008 -32 ) (-1024 928 48 ) 
4 526 733 (-1024 1024 -32 ) (-960 1024 -32 ) (-960 1008 -32 ) (-1024 1008 -32 ) 
4 526 731 (-960 1024 -32 ) (-944 1024 -32 ) (-944 1008 -32 ) (-960 1008 -32 ) 
4 526 720 (-944 1024 -32 ) (-928 1024 -32 ) (-928 1008 -32 ) (-944 1008 -32 ) 
4 526 715 (-928 1024 -32 ) (-912 1024 -32 ) (-912 1008 -32 ) (-928 1008 -32 ) 
4 526 569 (-912 1024 -32 ) (-720 1024 -32 ) (-720 1008 -32 ) (-912 1008 -32 ) 
4 527 1423 (-1024 864 -32 ) (-1024 736 -32 ) (-1024 736 48 ) (-1024 864 48 ) 
4 527 733 (-960 736 -32 ) (-1024 736 -32 ) (-1024 864 -32 ) (-960 864 -32 ) 
4 527 731 (-944 736 -32 ) (-960 736 -32 ) (-960 864 -32 ) (-944 864 -32 ) 
5 527 532 (-1024 736 -32 ) (-944 736 -32 ) (-944 736 16 ) (-976 736 48 ) (-1024 736 48 ) 
4 528 529 (-512 704 -31 ) (-512 736 -31 ) (-448 736 -31 ) (-448 704 -31 ) 
4 529 586 (-448 704 -32 ) (-512 704 -32 ) (-512 736 -32 ) (-448 736 -32 ) 
4 530 531 (-832 704 -31 ) (-832 736 -31 ) (-768 736 -31 ) (-768 704 -31 ) 
4 531 594 (-768 704 -32 ) (-832 704 -32 ) (-832 736 -32 ) (-768 736 -32 ) 
4 532 1423 (-1024 736 -32 ) (-1024 704 -32 ) (-1024 704 48 ) (-1024 736 48 ) 
4 532 733 (-960 704 -32 ) (-1024 704 -32 ) (-1024 736 -32 ) (-960 736 -32 ) 
4 532 731 (-944 704 -32 ) (-960 704 -32 ) (-960 736 -32 ) (-944 736 -32 ) 
5 532 533 (-1024 704 -32 ) (-944 704 -32 ) (-944 704 16 ) (-976 704 48 ) (-1024 704 48 ) 
4 533 1423 (-1024 704 -32 ) (-1024 608 -32 ) (-1024 608 48 ) (-1024 704 48 ) 
4 533 733 (-960 608 -32 ) (-1024 608 -32 ) (-1024 704 -32 ) (-960 704 -32 ) 
4 533 731 (-944 608 -32 ) (-960 608 -32 ) (-960 704 -32 ) (-944 704 -32 ) 
5 533 540 (-1024 608 -32 ) (-944 608 -32 ) (-944 608 16 ) (-976 608 48 ) (-1024 608 48 ) 
4 534 535 (-384 544 -31 ) (-384 608 -31 ) (-352 608 -31 ) (-352 544 -31 ) 
4 535 586 (-352 544 -32 ) (-384 544 -32 ) (-384 608 -32 ) (-352 608 -32 ) 
4 536 537 (-576 544 -31 ) (-576 608 -31 ) (-544 608 -31 ) (-544 544 -31 ) 
4 537 586 (-544 544 -32 ) (-576 544 -32 ) (-576 608 -32 ) (-544 608 -32 ) 
4 538 539 (-800 544 -31 ) (-800 608 -31 ) (-768 608 -31 ) (-768 544 -31 ) 
4 539 594 (-768 544 -32 ) (-800 544 -32 ) (-800 608 -32 ) (-768 608 -32 ) 
4 540 1423 (-1024 608 -32 ) (-1024 544 -32 ) (-1024 544 48 ) (-1024 608 48 ) 
4 540 733 (-960 544 -32 ) (-1024 544 -32 ) (-1024 608 -32 ) (-960 608 -32 ) 
4 540 731 (-944 544 -32 ) (-960 544 -32 ) (-960 608 -32 ) (-944 608 -32 ) 
4 540 542 (-944 544 0 ) (-944 544 16 ) (-976 544 48 ) (-992 544 48 ) 
5 540 541 (-1024 544 -32 ) (-944 544 -32 ) (-944 544 0 ) (-992 544 48 ) (-1024 544 48 ) 
4 541 1423 (-1024 544 -32 ) (-1024 448 -32 ) (-1024 448 48 ) (-1024 544 48 ) 
4 541 733 (-1024 448 -32 ) (-1024 544 -32 ) (-960 544 -32 ) (-960 448 -32 ) 
4 541 731 (-960 544 -32 ) (-944 544 -32 ) (-944 448 -32 ) (-960 448 -32 ) 
5 541 543 (-1024 448 -32 ) (-960 448 -32 ) (-960 448 16 ) (-992 448 48 ) (-1024 448 48 ) 
5 541 542 (-960 448 16 ) (-944 448 0 ) (-944 544 0 ) (-992 544 48 ) (-992 480 48 ) 
4 543 1425 (-1024 376 -32 ) (-1024 320 -32 ) (-1024 320 48 ) (-1024 376 48 ) 
4 543 1424 (-1024 392 -32 ) (-1024 376 -32 ) (-1024 376 48 ) (-1024 392 48 ) 
4 543 1423 (-1024 448 -32 ) (-1024 392 -32 ) (-1024 392 48 ) (-1024 448 48 ) 
4 543 743 (-1024 320 -32 ) (-1024 336 -32 ) (-960 336 -32 ) (-960 320 -32 ) 
4 543 740 (-1024 336 -32 ) (-1024 432 -32 ) (-960 432 -32 ) (-960 336 -32 ) 
4 543 733 (-1024 432 -32 ) (-1024 448 -32 ) (-960 448 -32 ) (-960 432 -32 ) 
5 543 544 (-1024 320 -32 ) (-960 320 -32 ) (-960 320 16 ) (-992 320 48 ) (-1024 320 48 ) 
4 544 1425 (-1024 320 -32 ) (-1024 288 -32 ) (-1024 288 48 ) (-1024 320 48 ) 
4 544 743 (-960 288 -32 ) (-1024 288 -32 ) (-1024 320 -32 ) (-960 320 -32 ) 
4 544 738 (-944 288 -32 ) (-960 288 -32 ) (-960 320 -32 ) (-944 320 -32 ) 
5 544 552 (-1024 288 -32 ) (-944 288 -32 ) (-944 288 0 ) (-992 288 48 ) (-1024 288 48 ) 
4 544 545 (-944 320 0 ) (-959.998047 320 15.998030 ) (-991.998047 288 47.998058 ) (-944 288 0 ) 
4 545 552 (-944 288 0 ) (-944 288 16 ) (-976 288 48 ) (-992 288 48 ) 
4 546 547 (-544 224 -31 ) (-544 288 -31 ) (-512 288 -31 ) (-512 224 -31 ) 
4 547 614 (-512 224 -32 ) (-544 224 -32 ) (-544 288 -32 ) (-512 288 -32 ) 
4 548 549 (-704 224 -31 ) (-704 288 -31 ) (-672 288 -31 ) (-672 224 -31 ) 
4 549 614 (-672 224 -32 ) (-704 224 -32 ) (-704 288 -32 ) (-672 288 -32 ) 
4 550 551 (-864 224 -31 ) (-864 288 -31 ) (-832 288 -31 ) (-832 224 -31 ) 
4 551 614 (-832 224 -32 ) (-864 224 -32 ) (-864 288 -32 ) (-832 288 -32 ) 
4 552 1425 (-1024 288 -32 ) (-1024 224 -32 ) (-1024 224 48 ) (-1024 288 48 ) 
4 552 743 (-960 224 -32 ) (-1024 224 -32 ) (-1024 288 -32 ) (-960 288 -32 ) 
4 552 738 (-944 224 -32 ) (-960 224 -32 ) (-960 288 -32 ) (-944 288 -32 ) 
5 552 553 (-1024 224 -32 ) (-944 224 -32 ) (-944 224 16 ) (-976 224 48 ) (-1024 224 48 ) 
4 553 1425 (-1024 224 -32 ) (-1024 184 -32 ) (-1024 184 48 ) (-1024 224 48 ) 
4 553 743 (-1024 184 -32 ) (-1024 224 -32 ) (-960 224 -32 ) (-960 184 -32 ) 
4 553 738 (-960 224 -32 ) (-944 224 -32 ) (-944 184 -32 ) (-960 184 -32 ) 
5 553 554 (-1024 184 -32 ) (-944 184 -32 ) (-944 184 16 ) (-976 184 48 ) (-1024 184 48 ) 
4 554 1425 (-1024 184 -32 ) (-1024 128 -32 ) (-1024 128 48 ) (-1024 184 48 ) 
4 554 743 (-960 128 -32 ) (-1024 128 -32 ) (-1024 184 -32 ) (-960 184 -32 ) 
4 554 738 (-944 128 -32 ) (-960 128 -32 ) (-960 184 -32 ) (-944 184 -32 ) 
4 554 562 (-944 128 0 ) (-944 128 16 ) (-976 128 48 ) (-992 128 48 ) 
5 554 561 (-1024 128 -32 ) (-944 128 -32 ) (-944 128 0 ) (-992 128 48 ) (-1024 128 48 ) 
4 555 556 (-160 64 -31 ) (-160 128 -31 ) (-128 128 -31 ) (-128 64 -31 ) 
4 556 632 (-128 64 -32 ) (-160 64 -32 ) (-160 128 -32 ) (-128 128 -32 ) 
4 557 558 (-352 64 -31 ) (-352 128 -31 ) (-320 128 -31 ) (-320 64 -31 ) 
4 558 632 (-320 64 -32 ) (-352 64 -32 ) (-352 128 -32 ) (-320 128 -32 ) 
4 559 560 (-544 64 -31 ) (-544 128 -31 ) (-512 128 -31 ) (-512 64 -31 ) 
4 560 632 (-512 64 -32 ) (-544 64 -32 ) (-544 128 -32 ) (-512 128 -32 ) 
4 561 1425 (-1024 128 -32 ) (-1024 80 -32 ) (-1024 80 48 ) (-1024 128 48 ) 
4 561 743 (-1024 80 -32 ) (-1024 128 -32 ) (-960 128 -32 ) (-960 80 -32 ) 
4 561 738 (-960 128 -32 ) (-944 128 -32 ) (-944 80 -32 ) (-960 80 -32 ) 
5 561 563 (-1024 80 -32 ) (-960 80 -32 ) (-960 80 16 ) (-992 80 48 ) (-1024 80 48 ) 
5 561 562 (-960 80 16 ) (-944 80 0 ) (-944 128 0 ) (-992 128 48 ) (-992 112 48 ) 
4 563 1425 (-1024 80 -32 ) (-1024 64 -32 ) (-1024 64 48 ) (-1024 80 48 ) 
4 563 743 (-960 64 -32 ) (-1024 64 -32 ) (-1024 80 -32 ) (-960 80 -32 ) 
5 563 566 (-1024 64 -32 ) (-960 64 -32 ) (-960 64 16 ) (-992 64 48 ) (-1024 64 48 ) 
4 564 565 (-768 0 -31 ) (-768 64 -31 ) (-736 64 -31 ) (-736 0 -31 ) 
4 565 636 (-736 0 -32 ) (-768 0 -32 ) (-768 64 -32 ) (-736 64 -32 ) 
4 566 1425 (-1024 64 -32 ) (-1024 0 -32 ) (-1024 0 48 ) (-1024 64 48 ) 
5 566 873 (-992 0 48 ) (-1024 0 48 ) (-1024 0 -32 ) (-960 0 -32 ) (-960 0 16 ) 
4 566 743 (-960 0 -32 ) (-1024 0 -32 ) (-1024 64 -32 ) (-960 64 -32 ) 
4 567 569 (-720 864 -48 ) (-720 864 -32 ) (-720 960 -32 ) (-720 960 -48 ) 
4 567 568 (-688 864 -48 ) (-720 864 -48 ) (-720 960 -48 ) (-688 960 -48 ) 
4 568 643 (-688 960 -160 ) (-688 864 -160 ) (-720 864 -160 ) (-720 960 -160 ) 
4 568 570 (-720 960 -160 ) (-720 864 -160 ) (-720 864 -48 ) (-720 960 -48 ) 
4 569 715 (-912 864 -32 ) (-912 1024 -32 ) (-912 1024 -48 ) (-912 864 -48 ) 
4 569 571 (-876 864 -48 ) (-740 864 -48 ) (-740 864 -40 ) (-876 864 -40 ) 
4 569 570 (-720 1024 -48 ) (-720 864 -48 ) (-912 864 -48 ) (-912 1024 -48 ) 
4 570 716 (-912 1024 -48 ) (-912 1024 -160 ) (-912 864 -160 ) (-912 864 -48 ) 
4 570 682 (-912 864 -160 ) (-912 896 -160 ) (-768 896 -160 ) (-768 864 -160 ) 
4 570 679 (-768 900 -160 ) (-768 896 -160 ) (-775 896 -160 ) (-775 900 -160 ) 
4 570 678 (-775 1024 -160 ) (-768 1024 -160 ) (-768 900 -160 ) (-775 900 -160 ) 
4 570 681 (-912 896 -160 ) (-912 1024 -160 ) (-775 1024 -160 ) (-775 896 -160 ) 
4 570 643 (-720 960 -160 ) (-720 864 -160 ) (-768 864 -160 ) (-768 960 -160 ) 
4 570 642 (-768 1024 -160 ) (-720 1024 -160 ) (-720 960 -160 ) (-768 960 -160 ) 
4 570 571 (-740 864 -48 ) (-876 864 -48 ) (-876 864 -152 ) (-740 864 -152 ) 
4 571 572 (-744 848 -148 ) (-744 848 -44 ) (-872 848 -44 ) (-872 848 -148 ) 
4 572 577 (-872 832 -148 ) (-744 832 -148 ) (-744 832 -44 ) (-872 832 -44 ) 
4 573 584 (-436 800 -160 ) (-416 800 -160 ) (-416 800 -32 ) (-436 800 -32 ) 
4 573 575 (-436 816 -160 ) (-436 800 -160 ) (-436 800 -48 ) (-436 816 -48 ) 
4 573 574 (-436 800 -48 ) (-436 800 -32 ) (-436 816 -32 ) (-436 816 -48 ) 
4 574 584 (-436 800 -48 ) (-436 800 -32 ) (-480 800 -32 ) (-480 800 -48 ) 
4 574 579 (-480 800 -32 ) (-524 800 -32 ) (-524 800 -48 ) (-480 800 -48 ) 
4 574 576 (-524 816 -48 ) (-524 800 -48 ) (-524 800 -32 ) (-524 816 -32 ) 
4 574 575 (-524 800 -48 ) (-524 816 -48 ) (-436 816 -48 ) (-436 800 -48 ) 
4 575 584 (-480 800 -160 ) (-436 800 -160 ) (-436 800 -48 ) (-480 800 -48 ) 
4 575 579 (-524 800 -160 ) (-480 800 -160 ) (-480 800 -48 ) (-524 800 -48 ) 
4 575 576 (-524 816 -160 ) (-524 800 -160 ) (-524 800 -48 ) (-524 816 -48 ) 
4 576 579 (-544 800 -160 ) (-524 800 -160 ) (-524 800 -32 ) (-544 800 -32 ) 
4 577 580 (-800.023560 800 -160 ) (-704 800 -160 ) (-704 800 -32 ) (-800.023560 800 -32 ) 
4 577 578 (-912 800 -32 ) (-912 800 -160 ) (-800.023560 800 -160 ) (-800.023560 800 -32 ) 
4 578 717 (-912 768 -148 ) (-912 768 -44 ) (-912 792 -44 ) (-912 792 -148 ) 
4 578 597 (-912 768 -32 ) (-912 768 -160 ) (-840 768 -160 ) (-840 768 -32 ) 
4 578 594 (-840 768 -160 ) (-760 768 -160 ) (-760 768 -32 ) (-840 768 -32 ) 
4 578 587 (-760 768 -160 ) (-688 768 -160 ) (-688 768 -32 ) (-760 768 -32 ) 
4 578 586 (-688 768 -160 ) (-672 768 -160 ) (-672 768 -32 ) (-688 768 -32 ) 
4 578 582 (-687.997070 771.997070 -160 ) (-697.608582 774.399536 -160 ) (-697.608582 774.399536 -32 ) (-687.997070 771.997070 -32 ) 
4 578 580 (-697.608582 774.399536 -160 ) (-800.029297 800 -160 ) (-800.029297 800 -32 ) (-697.608582 774.399536 -32 ) 
4 579 586 (-584.001526 768 -160 ) (-352 768 -160 ) (-352 768 -32 ) (-584.001526 768 -32 ) 
4 579 585 (-368.002747 772 -160 ) (-377.600006 774.400024 -160 ) (-377.600006 774.400024 -32 ) (-368.002747 772 -32 ) 
4 579 584 (-377.600006 774.400024 -160 ) (-480 800 -160 ) (-480 800 -32 ) (-377.600006 774.400024 -32 ) 
4 579 581 (-580 784 -160 ) (-584.001099 768 -160 ) (-584.001099 768 -32 ) (-580 784 -32 ) 
4 580 582 (-697.609314 774.401672 -32 ) (-697.609314 774.401672 -160 ) (-700.011292 784.011230 -160 ) (-700.011292 784.011230 -32 ) 
4 581 586 (-596 768 -160 ) (-584.001526 768 -160 ) (-584.001526 768 -32 ) (-596 768 -32 ) 
4 581 583 (-592 772 -160 ) (-596 768 -160 ) (-596 768 -32 ) (-592 772 -32 ) 
4 583 586 (-608 768 -160 ) (-596 768 -160 ) (-596 768 -32 ) (-608 768 -32 ) 
4 584 585 (-377.599121 774.396484 -32 ) (-377.599121 774.396484 -160 ) (-380 783.997314 -160 ) (-380 783.997314 -32 ) 
4 586 593 (-672 384 -160 ) (-400 384 -160 ) (-400 384 -64 ) (-672 384 -64 ) 
4 586 591 (-688 428 -160 ) (-688 416.003357 -160 ) (-688 416.003357 -32 ) (-688 428 -32 ) 
4 586 587 (-688 768 -32 ) (-688 768 -160 ) (-688 428 -160 ) (-688 428 -32 ) 
4 587 594 (-760 768 -32 ) (-760 768 -160 ) (-760 492 -160 ) (-760 492 -32 ) 
4 587 591 (-692.498352 431.996582 -160 ) (-688 427.998047 -160 ) (-688 427.998047 -32 ) (-692.498352 431.996582 -32 ) 
4 587 589 (-724.001099 460 -160 ) (-706.002930 444 -160 ) (-706.002930 444 -32 ) (-724.001099 460 -32 ) 
4 587 588 (-760 491.998047 -32 ) (-760 491.998047 -160 ) (-724.001099 460 -160 ) (-724.001099 460 -32 ) 
4 588 594 (-760 492 -160 ) (-760 428 -160 ) (-760 428 -32 ) (-760 492 -32 ) 
4 588 592 (-742 444 -160 ) (-734.799988 450.400024 -160 ) (-734.799988 450.400024 -32 ) (-742 444 -32 ) 
4 588 590 (-760 428 -32 ) (-760 428 -160 ) (-755.500000 432 -160 ) (-755.500000 432 -32 ) 
4 588 589 (-734.799988 450.400024 -160 ) (-724 460 -160 ) (-724 460 -32 ) (-734.799988 450.400024 -32 ) 
4 589 592 (-734.804688 450.400391 -32 ) (-734.804688 450.400391 -160 ) (-724.001648 448 -160 ) (-724.001648 448 -32 ) 
4 590 594 (-760 428 -160 ) (-760 416 -160 ) (-760 416 -32 ) (-760 428 -32 ) 
4 593 609 (-480 352 -160 ) (-400 352 -160 ) (-400 352 -64 ) (-480 352 -64 ) 
4 593 604 (-672 352 -160 ) (-480 352 -160 ) (-480 352 -64 ) (-672 352 -64 ) 
4 594 600 (-840 428 -160 ) (-840 416 -160 ) (-840 416 -32 ) (-840 428 -32 ) 
4 594 598 (-840 448 -160 ) (-840 428 -160 ) (-840 428 -32 ) (-840 448 -32 ) 
4 594 597 (-840 768 -32 ) (-840 768 -160 ) (-840 448 -160 ) (-840 448 -32 ) 
4 594 595 (-824 392 -160 ) (-776 392 -160 ) (-776 392 -48 ) (-824 392 -48 ) 
4 595 596 (-824 376 -160 ) (-776 376 -160 ) (-776 376 -48 ) (-824 376 -48 ) 
4 596 601 (-840 352 -160 ) (-760 352 -160 ) (-760 352 -32 ) (-840 352 -32 ) 
4 597 718 (-912 608 -148 ) (-912 488 -148 ) (-912 488 -44 ) (-912 608 -44 ) 
4 597 717 (-912 768 -44 ) (-912 768 -148 ) (-912 672 -148 ) (-912 672 -44 ) 
4 597 599 (-872 448 -160 ) (-860 448 -160 ) (-860 448 -32 ) (-872 448 -32 ) 
4 597 598 (-860 448 -160 ) (-840 448 -160 ) (-840 448 -32 ) (-860 448 -32 ) 
4 598 600 (-844 432 -160 ) (-840 428 -160 ) (-840 428 -32 ) (-844 432 -32 ) 
4 598 599 (-860 448 -32 ) (-860 448 -160 ) (-856 444 -160 ) (-856 444 -32 ) 
4 601 614 (-848.001404 320 -160 ) (-751 320 -160 ) (-751 320 -32 ) (-848.001404 320 -32 ) 
4 601 607 (-752.800293 326.400055 -160 ) (-755.499634 335.997528 -160 ) (-755.499634 335.997528 -32 ) (-752.800293 326.400055 -32 ) 
4 601 605 (-751 320 -32 ) (-751 320 -160 ) (-752.800293 326.400055 -160 ) (-752.800293 326.400055 -32 ) 
4 601 602 (-844 336 -160 ) (-848 320 -160 ) (-848 320 -32 ) (-844 336 -32 ) 
4 602 614 (-860 320 -160 ) (-848.001404 320 -160 ) (-848.001404 320 -32 ) (-860 320 -32 ) 
4 602 603 (-856 324 -160 ) (-860 320 -160 ) (-860 320 -32 ) (-856 324 -32 ) 
4 603 614 (-872 320 -160 ) (-860 320 -160 ) (-860 320 -32 ) (-872 320 -32 ) 
4 604 614 (-697 320 -160 ) (-352 320 -160 ) (-352 320 -32 ) (-697 320 -32 ) 
4 604 610 (-368.002655 324 -160 ) (-377.601288 326.400330 -160 ) (-377.601318 326.400330 -32 ) (-368.002686 324 -32 ) 
4 604 609 (-377.601288 326.400330 -160 ) (-480 352 -160 ) (-480 352 -32 ) (-377.601318 326.400330 -32 ) 
4 604 606 (-692.500366 336 -160 ) (-697 320 -160 ) (-697 320 -32 ) (-692.500427 336 -32 ) 
4 605 614 (-751 320 -160 ) (-724 320 -160 ) (-724 320 -32 ) (-751 320 -32 ) 
4 605 607 (-742.004272 324.002136 -160 ) (-752.800537 326.401306 -160 ) (-752.800537 326.401306 -32 ) (-742.004272 324.002136 -32 ) 
4 606 614 (-710.500061 320 -160 ) (-697 320 -160 ) (-697 320 -32 ) (-710.500061 320 -32 ) 
4 606 608 (-705.998230 324 -160 ) (-710.498779 320 -160 ) (-710.498779 320 -32 ) (-705.998230 324 -32 ) 
4 608 614 (-724 320 -160 ) (-710.500061 320 -160 ) (-710.500061 320 -32 ) (-724 320 -32 ) 
4 609 610 (-377.602539 326.402344 -32 ) (-377.602539 326.402344 -160 ) (-380.001373 336 -160 ) (-380.001373 336 -32 ) 
4 611 616 (-352 192 -160 ) (-320 192 -160 ) (-320 192 -32 ) (-352 192 -32 ) 
4 611 613 (-336.008850 196.001724 -160 ) (-345.599060 198.399567 -160 ) (-345.599060 198.399567 -32 ) (-336.008850 196.001724 -32 ) 
4 611 612 (-345.599060 198.399567 -160 ) (-352 200 -160 ) (-352 200 -32 ) (-345.599060 198.399567 -32 ) 
4 611 614 (-352 200.001007 -160 ) (-352 192 -160 ) (-352 192 -32 ) (-352 200.001007 -32 ) 
4 612 613 (-345.600098 198.404297 -32 ) (-345.600098 198.404297 -160 ) (-347.996765 207.989624 -160 ) (-347.996765 207.989624 -32 ) 
4 612 614 (-352 224 -160 ) (-352 200.001007 -160 ) (-352 200.001007 -32 ) (-352 224 -32 ) 
4 614 719 (-912 308 -148 ) (-912 192 -148 ) (-912 192 -52 ) (-912 308 -52 ) 
4 614 616 (-912 192 -32 ) (-912 192 -160 ) (-352 192 -160 ) (-352 192 -32 ) 
4 615 617 (-64 176 -160 ) (0 176 -160 ) (0 176 -32 ) (-64 176 -32 ) 
4 616 719 (-912 192 -52 ) (-912 192 -148 ) (-912 188 -148 ) (-912 188 -52 ) 
4 616 629 (-824 176 -160 ) (-776 176 -160 ) (-776 176 -48 ) (-824 176 -48 ) 
4 616 627 (-160 176 -160 ) (-124 176 -160 ) (-124 176 -64 ) (-160 176 -64 ) 
4 616 626 (-704 176 -160 ) (-160 176 -160 ) (-160 176 -64 ) (-704 176 -64 ) 
4 616 624 (-660 176 -32 ) (-672 176 -32 ) (-672 176 -64 ) (-660 176 -64 ) 
4 616 623 (-124 176 -64 ) (-124 176 -32 ) (-160 176 -32 ) (-160 176 -64 ) 
4 616 622 (-160 176 -32 ) (-660 176 -32 ) (-660 176 -64 ) (-160 176 -64 ) 
4 617 619 (-64 160 -160 ) (0 160 -160 ) (0 160 -48 ) (-64 160 -48 ) 
4 617 618 (0 160 -48 ) (0 160 -32 ) (-64 160 -32 ) (-64 160 -48 ) 
4 618 621 (-64 32 -48 ) (0 32 -48 ) (0 32 -32 ) (-64 32 -32 ) 
4 618 619 (0 32 -48 ) (-80 32 -48 ) (-80 160 -48 ) (0 160 -48 ) 
4 619 621 (-64 32 -160 ) (0 32 -160 ) (0 32 -48 ) (-64 32 -48 ) 
4 619 620 (-80 52 -48 ) (-80 140 -48 ) (-80 140 -160 ) (-80 52 -160 ) 
4 620 632 (-96 140 -160 ) (-96 52 -160 ) (-96 52 -48 ) (-96 140 -48 ) 
4 622 632 (-96 144 -64 ) (-96 144 -32 ) (-628 144 -32 ) (-628 144 -64 ) 
5 622 626 (-96 144 -64 ) (-628 144 -64 ) (-660 176 -64 ) (-160 176 -64 ) (-96 160 -64 ) 
4 622 625 (-644 160 -64 ) (-628 144 -64 ) (-628 144 -32 ) (-644 160 -32 ) 
4 622 624 (-660 176 -32 ) (-660 176 -64 ) (-656 172 -64 ) (-656 172 -32 ) 
4 622 623 (-112 164 -64 ) (-160 176 -64 ) (-160 176 -32 ) (-112 164 -32 ) 
3 623 627 (-160 176 -64 ) (-124 176 -64 ) (-112 164 -64 ) 
3 624 626 (-672 176 -64 ) (-660 176 -64 ) (-656 172 -64 ) 
4 625 632 (-628 144 -32 ) (-640 144 -32 ) (-640 144 -64 ) (-628 144 -64 ) 
3 625 626 (-628 144 -64 ) (-640 144 -64 ) (-644 160 -64 ) 
4 626 635 (-672 144 -160 ) (-640 144 -160 ) (-640 144 -64 ) (-672 144 -64 ) 
4 626 636 (-704 144 -160 ) (-672 144 -160 ) (-672 144 -64 ) (-704 144 -64 ) 
4 626 632 (-640 144 -160 ) (-96 144 -160 ) (-96 144 -64 ) (-640 144 -64 ) 
4 626 627 (-160.001892 176 -160 ) (-160.001892 176 -64 ) (-112 164 -64 ) (-112 164 -160 ) 
4 628 636 (-776 144 -160 ) (-752 144 -160 ) (-752 144 -32 ) (-776 144 -32 ) 
4 628 630 (-776 160 -160 ) (-776 144 -160 ) (-776 144 -32 ) (-776 160 -32 ) 
4 629 630 (-824 160 -48 ) (-824 160 -160 ) (-776 160 -160 ) (-776 160 -48 ) 
4 630 636 (-824 144 -160 ) (-776 144 -160 ) (-776 144 -32 ) (-824 144 -32 ) 
4 630 631 (-824 160 -160 ) (-824 144 -160 ) (-824 144 -32 ) (-824 160 -32 ) 
4 631 636 (-856 144 -160 ) (-824 144 -160 ) (-824 144 -32 ) (-856 144 -32 ) 
4 632 888 (-496 0 -32 ) (-640 0 -32 ) (-640 0 -160 ) (-496 0 -160 ) 
4 632 876 (-256 0 -32 ) (-496 0 -32 ) (-496 0 -160 ) (-256 0 -160 ) 
4 632 635 (-640 144 -64 ) (-640 144 -160 ) (-640 0 -160 ) (-640 0 -64 ) 
4 632 634 (-112.010284 27.997528 -160 ) (-96 44.007812 -160 ) (-96 44.007812 -32 ) (-112.010284 27.997528 -32 ) 
4 632 633 (-140.007812 0 -160 ) (-123.996803 16.011011 -160 ) (-123.996796 16.011013 -32 ) (-140.007812 0 -32 ) 
4 635 889 (-672 0 -64 ) (-672 0 -160 ) (-640 0 -160 ) (-640 0 -64 ) 
4 635 636 (-672 144 -64 ) (-672 144 -160 ) (-672 0 -160 ) (-672 0 -64 ) 
4 636 890 (-672 0 -32 ) (-856 0 -32 ) (-856 0 -160 ) (-672 0 -160 ) 
4 636 637 (-856 128 -160 ) (-856 96 -160 ) (-856 96 -32 ) (-856 128 -32 ) 
4 636 640 (-856 96 -160 ) (-856 0 -160 ) (-856 0 -32 ) (-856 96 -32 ) 
4 637 638 (-860 112 -160 ) (-864 96 -160 ) (-864 96 -32 ) (-860 112 -32 ) 
4 637 640 (-864 96 -160 ) (-856 96 -160 ) (-856 96 -32 ) (-864 96 -32 ) 
4 638 639 (-871.998962 100.001015 -160 ) (-876 96 -160 ) (-876 96 -32 ) (-871.998962 100.001015 -32 ) 
4 638 640 (-876 96 -160 ) (-864 96 -160 ) (-864 96 -32 ) (-876 96 -32 ) 
4 639 640 (-888.002014 96 -160 ) (-876 96 -160 ) (-876 96 -32 ) (-888.002014 96 -32 ) 
4 640 890 (-856 0 -32 ) (-912 0 -32 ) (-912 0 -160 ) (-856 0 -160 ) 
4 641 668 (-632 292 -368 ) (-632 236 -368 ) (-632 236 -256 ) (-632 292 -256 ) 
4 642 678 (-768 960 -160 ) (-768 1024 -160 ) (-768 1024 -176 ) (-768 960 -176 ) 
4 642 645 (-768 960 -176 ) (-768 1024 -176 ) (-745 1024 -176 ) (-745 960 -176 ) 
4 642 644 (-745 1024 -176 ) (-720 1024 -176 ) (-720 960 -176 ) (-745 960 -176 ) 
4 642 643 (-768 960 -160 ) (-768 960 -176 ) (-720 960 -176 ) (-720 960 -160 ) 
4 643 682 (-768 864 -160 ) (-768 896 -160 ) (-768 896 -176 ) (-768 864 -176 ) 
4 643 679 (-768 896 -160 ) (-768 900 -160 ) (-768 900 -176 ) (-768 896 -176 ) 
4 643 678 (-768 900 -160 ) (-768 960 -160 ) (-768 960 -176 ) (-768 900 -176 ) 
4 643 646 (-768 896 -176 ) (-768 900 -176 ) (-745 900 -176 ) (-745 896 -176 ) 
4 643 645 (-768 900 -176 ) (-768 960 -176 ) (-745 960 -176 ) (-745 900 -176 ) 
4 643 644 (-745 960 -176 ) (-720 960 -176 ) (-720 896 -176 ) (-745 896 -176 ) 
4 644 647 (-745 1024 -224 ) (-720 1024 -224 ) (-720 896 -224 ) (-745 896 -224 ) 
4 644 646 (-745 900 -224 ) (-745 896 -224 ) (-745 896 -176 ) (-745 900 -176 ) 
4 644 645 (-745 1024 -224 ) (-745 900 -224 ) (-745 900 -176 ) (-745 1024 -176 ) 
4 645 678 (-768 900 -176 ) (-768 1024 -176 ) (-768 1024 -224 ) (-768 900 -224 ) 
4 645 648 (-768 900 -224 ) (-768 1024 -224 ) (-745 1024 -224 ) (-745 900 -224 ) 
4 645 646 (-768 900 -224 ) (-745 900 -224 ) (-745 900 -176 ) (-768 900 -176 ) 
4 646 680 (-768 896 -176 ) (-768 900 -176 ) (-768 900 -224 ) (-768 896 -224 ) 
4 646 649 (-768 896 -224 ) (-768 900 -224 ) (-745 900 -224 ) (-745 896 -224 ) 
4 647 654 (-745 1024 -232 ) (-720 1024 -232 ) (-720 896 -232 ) (-745 896 -232 ) 
4 647 649 (-745 900 -232 ) (-745 896 -232 ) (-745 896 -224 ) (-745 900 -224 ) 
4 647 648 (-745 1024 -232 ) (-745 900 -232 ) (-745 900 -224 ) (-745 1024 -224 ) 
4 648 678 (-768 900 -224 ) (-768 1024 -224 ) (-768 1024 -232 ) (-768 900 -232 ) 
4 648 655 (-768 900 -232 ) (-768 1024 -232 ) (-745 1024 -232 ) (-745 900 -232 ) 
4 648 649 (-768 900 -232 ) (-745 900 -232 ) (-745 900 -224 ) (-768 900 -224 ) 
4 649 680 (-768 896 -224 ) (-768 900 -224 ) (-768 900 -232 ) (-768 896 -232 ) 
4 649 656 (-768 896 -232 ) (-768 900 -232 ) (-745 900 -232 ) (-745 896 -232 ) 
4 650 683 (-768 448 -224 ) (-768 464 -224 ) (-768 464 -232 ) (-768 448 -232 ) 
4 651 683 (-768 384 -224 ) (-768 400 -224 ) (-768 400 -232 ) (-768 384 -232 ) 
4 652 683 (-768 64 -224 ) (-768 80 -224 ) (-768 80 -232 ) (-768 64 -232 ) 
4 653 683 (-768 32 -224 ) (-768 48 -224 ) (-768 48 -232 ) (-768 32 -232 ) 
4 654 657 (-745 900 -336 ) (-745 896 -336 ) (-745 896 -312 ) (-745 900 -312 ) 
4 654 656 (-745 896 -312 ) (-745 896 -232 ) (-745 900 -232 ) (-745 900 -312 ) 
4 654 655 (-745 1024 -336 ) (-745 900 -336 ) (-745 900 -232 ) (-745 1024 -232 ) 
4 655 684 (-768 900 -232 ) (-768 1024 -232 ) (-768 1024 -336 ) (-768 900 -336 ) 
4 655 657 (-768 900 -336 ) (-745 900 -336 ) (-745 900 -312 ) (-768 900 -312 ) 
4 655 656 (-745 900 -312 ) (-745 900 -232 ) (-768 900 -232 ) (-768 900 -312 ) 
4 656 685 (-768 896 -312 ) (-768 896 -232 ) (-768 900 -232 ) (-768 900 -312 ) 
4 656 657 (-768 900 -312 ) (-745 900 -312 ) (-745 896 -312 ) (-768 896 -312 ) 
4 657 686 (-768 896 -336 ) (-768 896 -312 ) (-768 900 -312 ) (-768 900 -336 ) 
4 658 661 (-640 464 -240 ) (-688 464 -240 ) (-688 464 -336 ) (-640 464 -336 ) 
4 658 660 (-640 464 -336 ) (-688 464 -336 ) (-688 592 -336 ) (-640 592 -336 ) 
4 658 659 (-688 592 -336 ) (-688 464 -336 ) (-688 464 -240 ) (-688 592 -240 ) 
4 659 687 (-768 464 -336 ) (-768 464 -240 ) (-768 592 -240 ) (-768 592 -336 ) 
4 659 661 (-768 464 -240 ) (-768 464 -336 ) (-688 464 -336 ) (-688 464 -240 ) 
4 659 660 (-688 464 -336 ) (-768 464 -336 ) (-768 592 -336 ) (-688 592 -336 ) 
4 660 687 (-768 592 -368 ) (-768 464 -368 ) (-768 464 -336 ) (-768 592 -336 ) 
4 660 661 (-640 464 -336 ) (-768 464 -336 ) (-768 464 -368 ) (-640 464 -368 ) 
4 661 662 (-768 462 -240 ) (-768 462 -368 ) (-640 462 -368 ) (-640 462 -240 ) 
4 662 663 (-768 450 -240 ) (-768 450 -368 ) (-640 450 -368 ) (-640 450 -240 ) 
4 663 664 (-768 448 -240 ) (-768 448 -368 ) (-640 448 -368 ) (-640 448 -240 ) 
4 664 665 (-640 400 -240 ) (-768 400 -240 ) (-768 400 -368 ) (-640 400 -368 ) 
4 665 666 (-768 398 -240 ) (-768 398 -368 ) (-640 398 -368 ) (-640 398 -240 ) 
4 666 667 (-768 386 -240 ) (-768 386 -368 ) (-640 386 -368 ) (-640 386 -240 ) 
4 667 669 (-768 384 -240 ) (-768 384 -368 ) (-640 384 -368 ) (-640 384 -240 ) 
4 668 669 (-640 292 -256 ) (-640 292 -368 ) (-640 236 -368 ) (-640 236 -256 ) 
4 669 690 (-768 384 -368 ) (-768 80 -368 ) (-768 80 -240 ) (-768 384 -240 ) 
4 669 670 (-640 80 -240 ) (-768 80 -240 ) (-768 80 -368 ) (-640 80 -368 ) 
4 670 671 (-768 78 -240 ) (-768 78 -368 ) (-640 78 -368 ) (-640 78 -240 ) 
4 671 672 (-768 66 -240 ) (-768 66 -368 ) (-640 66 -368 ) (-640 66 -240 ) 
4 672 673 (-768 64 -240 ) (-768 64 -368 ) (-640 64 -368 ) (-640 64 -240 ) 
4 673 674 (-640 48 -240 ) (-768 48 -240 ) (-768 48 -368 ) (-640 48 -368 ) 
4 674 675 (-768 46 -240 ) (-768 46 -368 ) (-640 46 -368 ) (-640 46 -240 ) 
4 675 676 (-768 34 -240 ) (-768 34 -368 ) (-640 34 -368 ) (-640 34 -240 ) 
4 676 677 (-768 32 -240 ) (-768 32 -368 ) (-640 32 -368 ) (-640 32 -240 ) 
4 677 913 (-768 0 -240 ) (-768 0 -368 ) (-640 0 -368 ) (-640 0 -240 ) 
4 677 692 (-768 32 -368 ) (-768 0 -368 ) (-768 0 -240 ) (-768 32 -240 ) 
4 678 693 (-775 1024 -232 ) (-770 1024 -232 ) (-770 900 -232 ) (-775 900 -232 ) 
4 678 684 (-770 1024 -232 ) (-768 1024 -232 ) (-768 900 -232 ) (-770 900 -232 ) 
4 678 680 (-775 900 -176 ) (-775 900 -232 ) (-768 900 -232 ) (-768 900 -176 ) 
4 678 679 (-775 900 -160 ) (-775 900 -176 ) (-768 900 -176 ) (-768 900 -160 ) 
4 678 681 (-775 1024 -232 ) (-775 900 -232 ) (-775 900 -160 ) (-775 1024 -160 ) 
4 679 682 (-768 896 -176 ) (-768 896 -160 ) (-775 896 -160 ) (-775 896 -176 ) 
4 679 681 (-775 896 -176 ) (-775 896 -160 ) (-775 900 -160 ) (-775 900 -176 ) 
4 679 680 (-768 896 -176 ) (-775 896 -176 ) (-775 900 -176 ) (-768 900 -176 ) 
4 680 694 (-770 896 -232 ) (-775 896 -232 ) (-775 900 -232 ) (-770 900 -232 ) 
4 680 685 (-768 900 -232 ) (-768 896 -232 ) (-770 896 -232 ) (-770 900 -232 ) 
4 680 681 (-775 900 -232 ) (-775 896 -232 ) (-775 896 -176 ) (-775 900 -176 ) 
4 681 725 (-912 1024 -176 ) (-912 1024 -232 ) (-912 896 -232 ) (-912 896 -176 ) 
4 681 716 (-912 896 -160 ) (-912 1024 -160 ) (-912 1024 -176 ) (-912 896 -176 ) 
4 681 711 (-912 896 -232 ) (-912 1024 -232 ) (-784 1024 -232 ) (-784 896 -232 ) 
4 681 704 (-784 1024 -232 ) (-782 1024 -232 ) (-782 896 -232 ) (-784 896 -232 ) 
4 681 696 (-782 1024 -232 ) (-775 1024 -232 ) (-775 896 -232 ) (-782 896 -232 ) 
4 681 682 (-775 896 -176 ) (-775 896 -160 ) (-912 896 -160 ) (-912 896 -176 ) 
4 682 716 (-912 864 -160 ) (-912 896 -160 ) (-912 896 -176 ) (-912 864 -176 ) 
4 683 910 (-784 0 -232 ) (-768 0 -232 ) (-768 0 -224 ) (-784 0 -224 ) 
4 683 708 (-784 40 -232 ) (-784 72 -232 ) (-782 72 -232 ) (-782 40 -232 ) 
4 683 707 (-784 224 -232 ) (-784 240 -232 ) (-782 240 -232 ) (-782 224 -232 ) 
4 683 706 (-784 392 -232 ) (-784 456 -232 ) (-782 456 -232 ) (-782 392 -232 ) 
4 683 702 (-782 40 -232 ) (-782 72 -232 ) (-770 72 -232 ) (-770 40 -232 ) 
4 683 700 (-782 230 -232 ) (-782 234 -232 ) (-770 234 -232 ) (-770 230 -232 ) 
4 683 698 (-782 392 -232 ) (-782 456 -232 ) (-770 456 -232 ) (-770 392 -232 ) 
4 683 691 (-768 64 -232 ) (-768 48 -232 ) (-770 48 -232 ) (-770 64 -232 ) 
4 683 689 (-768 240 -232 ) (-768 224 -232 ) (-770 224 -232 ) (-770 240 -232 ) 
4 683 688 (-768 448 -232 ) (-768 400 -232 ) (-770 400 -232 ) (-770 448 -232 ) 
4 684 693 (-770 900 -232 ) (-770 1024 -232 ) (-770 1024 -336 ) (-770 900 -336 ) 
4 684 686 (-770 900 -312 ) (-770 900 -336 ) (-768 900 -336 ) (-768 900 -312 ) 
4 684 685 (-770 900 -232 ) (-770 900 -312 ) (-768 900 -312 ) (-768 900 -232 ) 
4 685 694 (-770 896 -312 ) (-770 896 -232 ) (-770 900 -232 ) (-770 900 -312 ) 
4 685 686 (-768 896 -312 ) (-770 896 -312 ) (-770 900 -312 ) (-768 900 -312 ) 
4 686 695 (-770 896 -336 ) (-770 896 -312 ) (-770 900 -312 ) (-770 900 -336 ) 
4 687 697 (-770 592 -368 ) (-770 464 -368 ) (-770 464 -240 ) (-770 592 -240 ) 
4 688 698 (-770 400 -240 ) (-770 400 -232 ) (-770 448 -232 ) (-770 448 -240 ) 
4 689 701 (-770 230 -234 ) (-770 230 -240 ) (-770 224 -240 ) (-770 224 -234 ) 
4 689 699 (-770 240 -234 ) (-770 240 -240 ) (-770 234 -240 ) (-770 234 -234 ) 
4 689 700 (-770 230 -232 ) (-770 234 -232 ) (-770 234 -240 ) (-770 230 -240 ) 
4 689 690 (-770 224 -240 ) (-770 240 -240 ) (-768 240 -240 ) (-768 224 -240 ) 
4 690 701 (-770 230 -368 ) (-770 80 -368 ) (-770 80 -240 ) (-770 230 -240 ) 
4 690 699 (-770 384 -368 ) (-770 234 -368 ) (-770 234 -240 ) (-770 384 -240 ) 
4 690 700 (-770 234 -368 ) (-770 230 -368 ) (-770 230 -240 ) (-770 234 -240 ) 
4 691 702 (-770 48 -240 ) (-770 48 -232 ) (-770 64 -232 ) (-770 64 -240 ) 
4 692 913 (-770 0 -368 ) (-768 0 -368 ) (-768 0 -240 ) (-770 0 -240 ) 
4 692 703 (-770 32 -368 ) (-770 0 -368 ) (-770 0 -240 ) (-770 32 -240 ) 
4 693 695 (-775 900 -312 ) (-775 900 -336 ) (-770 900 -336 ) (-770 900 -312 ) 
4 693 694 (-775 900 -232 ) (-775 900 -312 ) (-770 900 -312 ) (-770 900 -232 ) 
4 693 696 (-775 1024 -336 ) (-775 900 -336 ) (-775 900 -232 ) (-775 1024 -232 ) 
4 694 696 (-775 896 -312 ) (-775 896 -232 ) (-775 900 -232 ) (-775 900 -312 ) 
4 694 695 (-770 896 -312 ) (-775 896 -312 ) (-775 900 -312 ) (-770 900 -312 ) 
4 695 696 (-775 900 -336 ) (-775 896 -336 ) (-775 896 -312 ) (-775 900 -312 ) 
4 696 704 (-782 896 -336 ) (-782 896 -232 ) (-782 1024 -232 ) (-782 1024 -336 ) 
4 697 705 (-782 592 -368 ) (-782 464 -368 ) (-782 464 -240 ) (-782 592 -240 ) 
4 698 706 (-782 392 -240 ) (-782 392 -232 ) (-782 456 -232 ) (-782 456 -240 ) 
4 699 709 (-782 384 -368 ) (-782 234 -368 ) (-782 234 -240 ) (-782 384 -240 ) 
4 699 707 (-782 234 -240 ) (-782 234 -234 ) (-782 240 -234 ) (-782 240 -240 ) 
4 699 700 (-782 234 -234 ) (-782 234 -368 ) (-770 234 -368 ) (-770 234 -234 ) 
4 700 709 (-782 234 -368 ) (-782 230 -368 ) (-782 230 -240 ) (-782 234 -240 ) 
4 700 707 (-782 230 -240 ) (-782 230 -232 ) (-782 234 -232 ) (-782 234 -240 ) 
4 700 701 (-782 230 -234 ) (-782 230 -368 ) (-770 230 -368 ) (-770 230 -234 ) 
4 701 709 (-782 230 -368 ) (-782 80 -368 ) (-782 80 -240 ) (-782 230 -240 ) 
4 701 707 (-782 224 -234 ) (-782 230 -234 ) (-782 230 -240 ) (-782 224 -240 ) 
4 702 708 (-782 40 -240 ) (-782 40 -232 ) (-782 72 -232 ) (-782 72 -240 ) 
4 703 913 (-782 0 -368 ) (-770 0 -368 ) (-770 0 -240 ) (-782 0 -240 ) 
4 703 911 (-770 0 -240 ) (-770 0 -234 ) (-782 0 -234 ) (-782 0 -240 ) 
4 703 710 (-782 32 -368 ) (-782 0 -368 ) (-782 0 -240 ) (-782 32 -240 ) 
4 704 711 (-784 896 -232 ) (-784 1024 -232 ) (-784 1024 -336 ) (-784 896 -336 ) 
4 705 712 (-784 592 -368 ) (-784 464 -368 ) (-784 464 -240 ) (-784 592 -240 ) 
4 707 709 (-784 224 -240 ) (-784 240 -240 ) (-782 240 -240 ) (-782 224 -240 ) 
4 709 713 (-784 384 -368 ) (-784 80 -368 ) (-784 80 -240 ) (-784 384 -240 ) 
4 710 913 (-784 0 -368 ) (-782 0 -368 ) (-782 0 -240 ) (-784 0 -240 ) 
4 710 714 (-784 32 -368 ) (-784 0 -368 ) (-784 0 -240 ) (-784 32 -240 ) 
4 711 726 (-912 1024 -256 ) (-912 1024 -336 ) (-912 896 -336 ) (-912 896 -256 ) 
4 711 725 (-912 896 -232 ) (-912 1024 -232 ) (-912 1024 -256 ) (-912 896 -256 ) 
4 712 729 (-912 576 -368 ) (-912 480 -368 ) (-912 480 -336 ) (-912 576 -336 ) 
4 712 727 (-912 480 -256 ) (-912 576 -256 ) (-912 576 -336 ) (-912 480 -336 ) 
4 714 913 (-912 0 -240 ) (-912 0 -368 ) (-784 0 -368 ) (-784 0 -240 ) 
4 714 730 (-912 16 -368 ) (-912 0 -368 ) (-912 0 -336 ) (-912 16 -336 ) 
4 714 728 (-912 0 -336 ) (-912 0 -256 ) (-912 16 -256 ) (-912 16 -336 ) 
4 715 720 (-928 864 -48 ) (-928 864 -32 ) (-928 1024 -32 ) (-928 1024 -48 ) 
4 715 716 (-912 864 -48 ) (-928 864 -48 ) (-928 1024 -48 ) (-912 1024 -48 ) 
4 716 725 (-928 1024 -176 ) (-912 1024 -176 ) (-912 896 -176 ) (-928 896 -176 ) 
4 716 721 (-928 1024 -176 ) (-928 864 -176 ) (-928 864 -48 ) (-928 1024 -48 ) 
4 717 722 (-928 672 -148 ) (-928 672 -44 ) (-928 792 -44 ) (-928 792 -148 ) 
4 718 723 (-928 608 -148 ) (-928 488 -148 ) (-928 488 -44 ) (-928 608 -44 ) 
4 719 724 (-928 308 -148 ) (-928 188 -148 ) (-928 188 -52 ) (-928 308 -52 ) 
4 720 731 (-944 864 -32 ) (-944 1024 -32 ) (-944 1024 -48 ) (-944 864 -48 ) 
4 720 721 (-928 864 -48 ) (-944 864 -48 ) (-944 1024 -48 ) (-928 1024 -48 ) 
4 721 732 (-944 1024 -48 ) (-944 1024 -176 ) (-944 864 -176 ) (-944 864 -48 ) 
4 721 725 (-944 896 -176 ) (-944 1024 -176 ) (-928 1024 -176 ) (-928 896 -176 ) 
4 722 732 (-944 796 -48 ) (-944 796 -152 ) (-944 668 -152 ) (-944 668 -48 ) 
4 722 731 (-944 796 -40 ) (-944 796 -48 ) (-944 668 -48 ) (-944 668 -40 ) 
4 723 732 (-944 612 -152 ) (-944 484 -152 ) (-944 484 -48 ) (-944 612 -48 ) 
4 723 731 (-944 484 -48 ) (-944 484 -40 ) (-944 612 -40 ) (-944 612 -48 ) 
4 724 738 (-944 312 -48 ) (-944 312 -152 ) (-944 184 -152 ) (-944 184 -48 ) 
4 725 735 (-944 896 -176 ) (-944 1024 -176 ) (-944 1024 -256 ) (-944 896 -256 ) 
4 725 726 (-944 896 -256 ) (-944 1024 -256 ) (-912 1024 -256 ) (-912 896 -256 ) 
4 726 735 (-944 896 -256 ) (-944 1024 -256 ) (-944 1024 -336 ) (-944 896 -336 ) 
4 727 736 (-944 480 -256 ) (-944 576 -256 ) (-944 576 -336 ) (-944 480 -336 ) 
4 727 729 (-944 480 -336 ) (-944 576 -336 ) (-912 576 -336 ) (-912 480 -336 ) 
4 728 914 (-944 0 -256 ) (-944 0 -336 ) (-912 0 -336 ) (-912 0 -256 ) 
4 728 739 (-944 0 -336 ) (-944 0 -256 ) (-944 16 -256 ) (-944 16 -336 ) 
4 728 730 (-944 0 -336 ) (-944 16 -336 ) (-912 16 -336 ) (-912 0 -336 ) 
4 729 748 (-944 576 -368 ) (-944 480 -368 ) (-944 480 -336 ) (-944 576 -336 ) 
4 730 914 (-944 0 -336 ) (-944 0 -368 ) (-912 0 -368 ) (-912 0 -336 ) 
4 730 751 (-944 16 -368 ) (-944 0 -368 ) (-944 0 -336 ) (-944 16 -336 ) 
4 731 733 (-960 448 -48 ) (-960 448 -32 ) (-960 1024 -32 ) (-960 1024 -48 ) 
4 731 732 (-944 448 -48 ) (-960 448 -48 ) (-960 1024 -48 ) (-944 1024 -48 ) 
4 732 735 (-960 879.997803 -176 ) (-960 1024 -176 ) (-944 1024 -176 ) (-944 895.997803 -176 ) 
4 732 734 (-960 1024 -176 ) (-960 448 -176 ) (-960 448 -48 ) (-960 1024 -48 ) 
4 733 1423 (-1024 1024 -32 ) (-1024 1024 -48 ) (-1024 432 -48 ) (-1024 432 -32 ) 
4 733 740 (-960 432 -32 ) (-1024 432 -32 ) (-1024 432 -48 ) (-960 432 -48 ) 
4 733 734 (-1024 1024 -48 ) (-960 1024 -48 ) (-960 448 -48 ) (-1024 448 -48 ) 
4 734 1429 (-1024 1024 -144 ) (-1024 1024 -176 ) (-1024 432 -176 ) (-1024 432 -144 ) 
5 734 1427 (-1024 1024 -48 ) (-1024 1024 -144 ) (-1024 432 -144 ) (-1024 432 -64 ) (-1024 448 -48 ) 
4 734 741 (-1024 432 -144 ) (-1024 432 -176 ) (-992 432 -176 ) (-992 432 -144 ) 
4 734 735 (-976 863.997803 -176 ) (-976 1024 -176 ) (-960 1024 -176 ) (-960 879.997803 -176 ) 
4 734 737 (-976 432 -176 ) (-1024 432 -176 ) (-1024 1024 -176 ) (-976 1024 -176 ) 
4 735 737 (-976 1024 -336 ) (-976 863.997803 -336 ) (-976 863.997803 -176 ) (-976 1024 -176 ) 
4 736 748 (-944 592 -336 ) (-944 464 -336 ) (-976 464 -336 ) (-976 592 -336 ) 
4 736 737 (-976 592 -336 ) (-976 464 -336 ) (-976 464 -240 ) (-976 592 -240 ) 
4 737 1429 (-1024 1024 -176 ) (-1024 1024 -336 ) (-1024 432 -336 ) (-1024 432 -176 ) 
4 737 750 (-1016 464 -336 ) (-1024 464 -336 ) (-1024 592 -336 ) (-1016 592 -336 ) 
4 737 749 (-1000 464 -336 ) (-1016 464 -336 ) (-1016 592 -336 ) (-1000 592 -336 ) 
4 737 748 (-976 592 -336 ) (-976 464 -336 ) (-1000 464 -336 ) (-1000 592 -336 ) 
4 737 741 (-1024 432 -336 ) (-992 432 -336 ) (-992 432 -176 ) (-1024 432 -176 ) 
4 738 744 (-960 320 -176 ) (-960 80 -176 ) (-960 80 -48 ) (-960 320 -48 ) 
4 738 743 (-960 80 -48 ) (-960 80 -32 ) (-960 320 -32 ) (-960 320 -48 ) 
4 739 916 (-960 0 -240 ) (-960 0 -336 ) (-944 0 -336 ) (-944 0 -240 ) 
4 739 751 (-944 32 -336 ) (-944 0 -336 ) (-960 0 -336 ) (-960 32 -336 ) 
4 739 746 (-960 32 -336 ) (-960 0 -336 ) (-960 0 -240 ) (-960 32 -240 ) 
4 740 1425 (-1024 336 -48 ) (-1024 336 -32 ) (-1024 376 -32 ) (-1024 376 -48 ) 
4 740 1424 (-1024 376 -32 ) (-1024 392 -32 ) (-1024 392 -48 ) (-1024 376 -48 ) 
4 740 1423 (-1024 392 -32 ) (-1024 432 -32 ) (-1024 432 -48 ) (-1024 392 -48 ) 
4 740 743 (-960 336 -48 ) (-960 336 -32 ) (-1024 336 -32 ) (-1024 336 -48 ) 
4 741 1429 (-1024 432 -336 ) (-1024 416 -336 ) (-1024 416 -144 ) (-1024 432 -144 ) 
4 742 1439 (-1024 352 -336 ) (-1024 336 -336 ) (-1024 336 -144 ) (-1024 352 -144 ) 
4 742 747 (-1024 336 -336 ) (-976 336 -336 ) (-976 336 -144 ) (-1024 336 -144 ) 
4 743 1425 (-1024 0 -48 ) (-1024 0 -32 ) (-1024 336 -32 ) (-1024 336 -48 ) 
4 743 902 (-960 0 -32 ) (-1024 0 -32 ) (-1024 0 -48 ) (-960 0 -48 ) 
4 743 747 (-976 319.995972 -48 ) (-976 0 -48 ) (-1024 0 -48 ) (-1024 319.995972 -48 ) 
4 743 745 (-960 32 -48 ) (-960 0 -48 ) (-976 0 -48 ) (-976 32 -48 ) 
4 743 744 (-960 319.995972 -48 ) (-960 32 -48 ) (-976 32 -48 ) (-976 319.995972 -48 ) 
5 744 747 (-976 32 -48 ) (-976 319.995972 -48 ) (-976 336 -64.003914 ) (-976 336 -176 ) (-976 32 -176 ) 
4 744 745 (-976 32 -48 ) (-976 32 -176 ) (-960 32 -176 ) (-960 32 -48 ) 
4 745 905 (-960 0 -176 ) (-960 0 -160 ) (-976 0 -160 ) (-976 0 -176 ) 
4 745 903 (-960 0 -160 ) (-960 0 -48 ) (-976 0 -48 ) (-976 0 -160 ) 
4 745 747 (-976 0 -48 ) (-976 32 -48 ) (-976 32 -176 ) (-976 0 -176 ) 
4 746 916 (-976 0 -336 ) (-960 0 -336 ) (-960 0 -240 ) (-976 0 -240 ) 
4 746 751 (-960 0 -336 ) (-976 0 -336 ) (-976 32 -336 ) (-960 32 -336 ) 
4 746 747 (-976 32 -240 ) (-976 32 -336 ) (-976 0 -336 ) (-976 0 -240 ) 
4 747 1442 (-1024 152 -336 ) (-1024 0 -336 ) (-1024 0 -144 ) (-1024 152 -144 ) 
4 747 1440 (-1024 336 -336 ) (-1024 152 -336 ) (-1024 152 -144 ) (-1024 336 -144 ) 
5 747 1428 (-1024 0 -144 ) (-1024 0 -48 ) (-1024 319.995972 -48 ) (-1024 336 -64.003914 ) (-1024 336 -144 ) 
4 747 918 (-1024 0 -240 ) (-1024 0 -336 ) (-1016 0 -336 ) (-1016 0 -240 ) 
4 747 917 (-1016 0 -336 ) (-1000 0 -336 ) (-1000 0 -240 ) (-1016 0 -240 ) 
4 747 916 (-1000 0 -336 ) (-976 0 -336 ) (-976 0 -240 ) (-1000 0 -240 ) 
4 747 912 (-1024 0 -176 ) (-1024 0 -240 ) (-976 0 -240 ) (-976 0 -176 ) 
4 747 905 (-1024 0 -160 ) (-1024 0 -176 ) (-976 0 -176 ) (-976 0 -160 ) 
4 747 903 (-1024 0 -48 ) (-1024 0 -160 ) (-976 0 -160 ) (-976 0 -48 ) 
4 747 753 (-1016 0 -336 ) (-1024 0 -336 ) (-1024 32 -336 ) (-1016 32 -336 ) 
4 747 752 (-1000 0 -336 ) (-1016 0 -336 ) (-1016 32 -336 ) (-1000 32 -336 ) 
4 747 751 (-976 0 -336 ) (-1000 0 -336 ) (-1000 32 -336 ) (-976 32 -336 ) 
4 748 749 (-1000 592 -336 ) (-1000 592 -360 ) (-1000 464 -360 ) (-1000 464 -336 ) 
4 749 750 (-1016 592 -336 ) (-1016 592 -352 ) (-1016 464 -352 ) (-1016 464 -336 ) 
4 750 1445 (-1024 464 -352 ) (-1024 464 -336 ) (-1024 592 -336 ) (-1024 592 -352 ) 
4 751 916 (-1000 0 -368 ) (-944 0 -368 ) (-944 0 -336 ) (-1000 0 -336 ) 
4 751 752 (-1000 32 -336 ) (-1000 32 -360 ) (-1000 0 -360 ) (-1000 0 -336 ) 
4 752 917 (-1000 0 -360 ) (-1000 0 -336 ) (-1016 0 -336 ) (-1016 0 -360 ) 
4 752 753 (-1016 32 -336 ) (-1016 32 -352 ) (-1016 0 -352 ) (-1016 0 -336 ) 
4 753 1447 (-1024 0 -352 ) (-1024 0 -336 ) (-1024 32 -336 ) (-1024 32 -352 ) 
4 753 918 (-1024 0 -336 ) (-1024 0 -352 ) (-1016 0 -352 ) (-1016 0 -336 ) 
4 754 755 (928 -32 -31 ) (928 0 -31 ) (992 0 -31 ) (992 -32 -31 ) 
4 755 791 (928 0 -32 ) (992 0 -32 ) (992 -32 -32 ) (928 -32 -32 ) 
4 756 757 (640 -128 -31 ) (704 -128 -31 ) (704 -160 -31 ) (640 -160 -31 ) 
4 757 806 (704 -160 -32 ) (640 -160 -32 ) (640 -128 -32 ) (704 -128 -32 ) 
4 758 759 (928 -192 -31 ) (928 -160 -31 ) (992 -160 -31 ) (992 -192 -31 ) 
4 759 791 (992 -192 -32 ) (928 -192 -32 ) (928 -160 -32 ) (992 -160 -32 ) 
4 760 761 (928 -480 -31 ) (928 -448 -31 ) (992 -448 -31 ) (992 -480 -31 ) 
4 761 794 (992 -480 -32 ) (928 -480 -32 ) (928 -448 -32 ) (992 -448 -32 ) 
4 762 763 (768 -544 -31 ) (736 -544 -31 ) (736 -480 -31 ) (768 -480 -31 ) 
4 763 795 (736 -544 -32 ) (736 -480 -32 ) (768 -480 -32 ) (768 -544 -32 ) 
4 764 765 (704 -288 -31 ) (640 -288 -31 ) (640 -256 -31 ) (704 -256 -31 ) 
4 765 806 (640 -288 -32 ) (640 -256 -32 ) (704 -256 -32 ) (704 -288 -32 ) 
4 766 767 (544 -512 -31 ) (512 -512 -31 ) (512 -448 -31 ) (544 -448 -31 ) 
4 767 818 (544 -448 -32 ) (544 -512 -32 ) (512 -512 -32 ) (512 -448 -32 ) 
4 768 769 (320 -544 -31 ) (288 -544 -31 ) (288 -480 -31 ) (320 -480 -31 ) 
4 769 820 (320 -480 -32 ) (320 -544 -32 ) (288 -544 -32 ) (288 -480 -32 ) 
4 770 771 (128 -160 -31 ) (64 -160 -31 ) (64 -128 -31 ) (128 -128 -31 ) 
4 771 822 (128 -128 -32 ) (128 -160 -32 ) (64 -160 -32 ) (64 -128 -32 ) 
4 772 773 (128 -320 -31 ) (64 -320 -31 ) (64 -288 -31 ) (128 -288 -31 ) 
4 773 822 (128 -288 -32 ) (128 -320 -32 ) (64 -320 -32 ) (64 -288 -32 ) 
4 774 775 (96 -512 -31 ) (64 -512 -31 ) (64 -448 -31 ) (96 -448 -31 ) 
4 775 822 (64 -512 -32 ) (64 -448 -32 ) (96 -448 -32 ) (96 -512 -32 ) 
4 776 777 (928 -672 -31 ) (928 -640 -31 ) (992 -640 -31 ) (992 -672 -31 ) 
4 777 823 (992 -672 -32 ) (928 -672 -32 ) (928 -640 -32 ) (992 -640 -32 ) 
4 778 826 (160 -672 -32 ) (32 -672 -32 ) (32 -648 -32 ) (160 -648 -32 ) 
4 778 779 (32 -672 -32 ) (160 -672 -32 ) (160 -672 -16 ) (32 -672 -16 ) 
4 779 826 (160 -832 -32 ) (32 -832 -32 ) (32 -672 -32 ) (160 -672 -32 ) 
4 779 789 (32 -832 -32 ) (160 -832 -32 ) (160 -832 -16 ) (32 -832 -16 ) 
4 779 780 (32 -696 -32 ) (32 -832 -32 ) (32 -832 -16 ) (32 -696 -16 ) 
4 780 922 (0 -696 -32 ) (0 -832 -32 ) (0 -832 -16 ) (0 -696 -16 ) 
4 780 827 (32 -832 -32 ) (0 -832 -32 ) (0 -696 -32 ) (32 -696 -32 ) 
4 780 789 (0 -832 -32 ) (32 -832 -32 ) (32 -832 -16 ) (0 -832 -16 ) 
4 781 831 (784 -864 -32 ) (696 -864 -32 ) (696 -832 -32 ) (784 -832 -32 ) 
4 781 784 (696 -864 -16 ) (696 -864 -32 ) (784 -864 -32 ) (784 -864 -16 ) 
4 782 783 (928 -928 -31 ) (928 -864 -31 ) (960 -864 -31 ) (960 -928 -31 ) 
4 783 828 (960 -928 -32 ) (928 -928 -32 ) (928 -864 -32 ) (960 -864 -32 ) 
4 784 831 (784 -928 -32 ) (696 -928 -32 ) (696 -864 -32 ) (784 -864 -32 ) 
4 784 785 (696 -928 -16 ) (696 -928 -32 ) (784 -928 -32 ) (784 -928 -16 ) 
4 785 831 (784 -960 -32 ) (696 -960 -32 ) (696 -928 -32 ) (784 -928 -32 ) 
4 786 831 (680 -960 -32 ) (568 -960 -32 ) (568 -832 -32 ) (680 -832 -32 ) 
4 787 832 (480 -960 -32 ) (440 -960 -32 ) (440 -832 -32 ) (480 -832 -32 ) 
4 787 831 (552 -960 -32 ) (480 -960 -32 ) (480 -832 -32 ) (552 -832 -32 ) 
4 788 832 (424 -960 -32 ) (352 -960 -32 ) (352 -832 -32 ) (424 -832 -32 ) 
4 789 922 (0 -832 -32 ) (0 -880 -32 ) (0 -880 -16 ) (0 -832 -16 ) 
4 789 833 (0 -880 -32 ) (0 -832 -32 ) (160 -832 -32 ) (160 -880 -32 ) 
4 790 1135 (480 -1024 -16 ) (352 -1024 -16 ) (352 -1024 -32 ) (480 -1024 -32 ) 
4 790 837 (480 -1024 -32 ) (352 -1024 -32 ) (352 -992 -32 ) (480 -992 -32 ) 
4 790 832 (352 -992 -32 ) (352 -976 -32 ) (480 -976 -32 ) (480 -992 -32 ) 
4 791 793 (916 -304 -160 ) (1004 -304 -160 ) (1004 -304 -48 ) (916 -304 -48 ) 
4 792 799 (736 -304 -128 ) (736 -304 -32 ) (736 -96 -32 ) (736 -96 -128 ) 
4 793 794 (916 -320 -160 ) (1004 -320 -160 ) (1004 -320 -48 ) (916 -320 -48 ) 
4 794 823 (864 -632 -160 ) (1024 -632 -160 ) (1024 -632 -32 ) (864 -632 -32 ) 
4 794 795 (864 -400 -160 ) (864 -592 -160 ) (864 -592 -32 ) (864 -400 -32 ) 
4 795 809 (736 -400 -160 ) (736 -592 -160 ) (736 -592 -32 ) (736 -400 -32 ) 
4 796 797 (608 -48 -48 ) (608 0 -48 ) (736 0 -48 ) (736 -48 -48 ) 
4 797 798 (716 -48 -48 ) (628 -48 -48 ) (628 -48 -160 ) (716 -48 -160 ) 
4 798 806 (716 -64 -130 ) (716 -64 -48 ) (628 -64 -48 ) (628 -64 -130 ) 
4 798 807 (628 -64 -160 ) (716 -64 -160 ) (716 -64 -130 ) (628 -64 -130 ) 
3 799 805 (729.996155 -97.501419 -128 ) (736 -91.497055 -128 ) (736 -96 -128 ) 
3 799 804 (730 -302.500031 -128 ) (726.401245 -301.600311 -128 ) (725.500977 -298 -128 ) 
3 799 803 (724 -108 -128 ) (724 -103.498062 -128 ) (725.501709 -101.996246 -128 ) 
3 799 802 (724 -301 -128 ) (724 -292 -128 ) (726.401245 -301.600311 -128 ) 
4 799 801 (724 -103.498062 -128 ) (724 -64 -128 ) (736 -64 -128 ) (736 -91.497055 -128 ) 
4 799 800 (736 -336 -128 ) (724 -336 -128 ) (724 -301 -128 ) (736 -304 -128 ) 
4 799 806 (724 -64 -32 ) (724 -64 -128 ) (724 -336 -128 ) (724 -336 -32 ) 
4 800 804 (729.998779 -302.498718 -130 ) (726.401001 -301.599274 -130 ) (726.401001 -301.599274 -128 ) (729.998779 -302.498718 -128 ) 
4 800 802 (726.401001 -301.599274 -130 ) (724 -301 -130 ) (724 -301 -128 ) (726.401001 -301.599274 -128 ) 
4 800 807 (736 -336 -130 ) (724 -336 -130 ) (724 -301 -130 ) (736 -304 -130 ) 
4 800 806 (724 -301 -130 ) (724 -336 -130 ) (724 -336 -128 ) (724 -301 -128 ) 
4 801 805 (736 -91.498810 -128 ) (729.998596 -97.500809 -128 ) (729.998779 -97.500771 -130 ) (736 -91.499016 -130 ) 
4 801 803 (725.501038 -101.998825 -128 ) (724 -103.500000 -128 ) (724 -103.500000 -130 ) (725.501038 -101.998863 -130 ) 
4 801 806 (724 -64 -128 ) (724 -64 -130 ) (724 -103.498077 -130 ) (724 -103.498062 -128 ) 
4 801 807 (724 -103.498062 -130 ) (724 -64 -130 ) (736 -64 -130 ) (736 -91.497055 -130 ) 
4 802 804 (726.400635 -301.598938 -128 ) (726.400635 -301.598938 -130 ) (725.500610 -298 -130 ) (725.500610 -298 -128 ) 
3 802 807 (724 -301 -130 ) (724 -292 -130 ) (726.401245 -301.600311 -130 ) 
4 802 806 (724 -292 -130 ) (724 -301 -130 ) (724 -301 -128 ) (724 -292 -128 ) 
4 803 806 (724 -103.498077 -130 ) (724 -108 -130 ) (724 -108 -128 ) (724 -103.498062 -128 ) 
3 803 807 (724 -108 -130 ) (724 -103.498062 -130 ) (725.501709 -101.996246 -130 ) 
3 804 807 (730 -302.500031 -130 ) (726.401245 -301.600311 -130 ) (725.500977 -298 -130 ) 
3 805 807 (729.996155 -97.501419 -130 ) (736 -91.497055 -130 ) (736 -96 -130 ) 
4 806 813 (608 -304 -32 ) (608 -184 -32 ) (608 -184 -130 ) (608 -304 -130 ) 
4 806 812 (608 -184 -32 ) (608 -96 -32 ) (608 -96 -130 ) (608 -184 -130 ) 
4 806 808 (628 -336 -130 ) (716 -336 -130 ) (716 -336 -48 ) (628 -336 -48 ) 
4 806 807 (724 -336 -130 ) (608 -336 -130 ) (608 -64 -130 ) (724 -64 -130 ) 
4 807 813 (608 -184 -160 ) (608 -304 -160 ) (608 -304 -130 ) (608 -184 -130 ) 
4 807 812 (608 -96 -160 ) (608 -184 -160 ) (608 -184 -130 ) (608 -96 -130 ) 
4 807 808 (628 -336 -160 ) (716 -336 -160 ) (716 -336 -130 ) (628 -336 -130 ) 
4 808 811 (628 -352 -160 ) (640 -352 -160 ) (640 -352 -48 ) (628 -352 -48 ) 
4 808 810 (640 -352 -160 ) (672 -352 -160 ) (672 -352 -48 ) (640 -352 -48 ) 
4 808 809 (672 -352 -160 ) (716 -352 -160 ) (716 -352 -48 ) (672 -352 -48 ) 
4 809 810 (672 -352 -32 ) (672 -352 -160 ) (672 -592 -160 ) (672 -592 -32 ) 
4 810 811 (640 -352 -32 ) (640 -352 -160 ) (640 -592 -160 ) (640 -592 -32 ) 
4 811 815 (608 -400 -160 ) (608 -600 -160 ) (608 -600 -32 ) (608 -400 -32 ) 
4 812 816 (576 -116 -160 ) (576 -164 -160 ) (576 -164 -48 ) (576 -116 -48 ) 
4 812 813 (592 -184 -160 ) (608 -184 -160 ) (608 -184 -32 ) (592 -184 -32 ) 
4 813 814 (592 -216 -160 ) (592 -304 -160 ) (592 -304 -32 ) (592 -216 -32 ) 
4 814 817 (576 -236 -160 ) (576 -284 -160 ) (576 -284 -48 ) (576 -236 -48 ) 
4 815 818 (576 -400 -160 ) (576 -592 -160 ) (576 -592 -32 ) (576 -400 -32 ) 
4 818 819 (480 -400 -32 ) (480 -400 -160 ) (480 -592 -160 ) (480 -592 -32 ) 
4 819 820 (416 -400 -160 ) (416 -592 -160 ) (416 -592 -32 ) (416 -400 -32 ) 
4 820 821 (320 -592 -160 ) (384 -592 -160 ) (384 -592 -32 ) (320 -592 -32 ) 
4 820 822 (192 -400 -160 ) (192 -592 -160 ) (192 -592 -32 ) (192 -400 -32 ) 
4 822 926 (0 -400 -160 ) (0 -592 -160 ) (0 -592 -32 ) (0 -400 -32 ) 
4 822 825 (52 -632 -160 ) (140 -632 -160 ) (140 -632 -48 ) (52 -632 -48 ) 
4 823 824 (864 -800 -160 ) (1024 -800 -160 ) (1024 -800 -32 ) (864 -800 -32 ) 
4 824 828 (1024 -832 -44 ) (1024 -832 -32 ) (816 -832 -32 ) (816 -832 -44 ) 
4 824 829 (816 -832 -160 ) (1024 -832 -160 ) (1024 -832 -44 ) (816 -832 -44 ) 
4 825 826 (52 -648 -160 ) (140 -648 -160 ) (140 -648 -48 ) (52 -648 -48 ) 
4 826 845 (160 -704 -160 ) (160 -720 -160 ) (32 -720 -160 ) (32 -704 -160 ) 
4 826 846 (160 -720 -160 ) (160 -832 -160 ) (32 -832 -160 ) (32 -720 -160 ) 
4 826 844 (160 -688 -160 ) (160 -704 -160 ) (32 -704 -160 ) (32 -688 -160 ) 
4 826 834 (32 -832 -160 ) (160 -832 -160 ) (160 -832 -96 ) (32 -832 -96 ) 
4 826 833 (160 -832 -96 ) (160 -832 -32 ) (32 -832 -32 ) (32 -832 -96 ) 
4 826 827 (32 -696 -160 ) (32 -832 -160 ) (32 -832 -32 ) (32 -696 -32 ) 
4 827 928 (0 -696 -160 ) (0 -832 -160 ) (0 -832 -96 ) (0 -696 -96 ) 
4 827 927 (0 -832 -96 ) (0 -832 -32 ) (0 -696 -32 ) (0 -696 -96 ) 
4 827 848 (0 -832 -160 ) (0 -696 -160 ) (32 -696 -160 ) (32 -832 -160 ) 
4 827 835 (0 -832 -160 ) (32 -832 -160 ) (32 -832 -96 ) (0 -832 -96 ) 
4 827 833 (32 -832 -96 ) (32 -832 -32 ) (0 -832 -32 ) (0 -832 -96 ) 
4 828 830 (816 -960 -44 ) (1024 -960 -44 ) (1024 -960 -32 ) (816 -960 -32 ) 
4 828 829 (1024 -960 -44 ) (816 -960 -44 ) (816 -832 -44 ) (1024 -832 -44 ) 
4 829 831 (784 -832 -44 ) (784 -832 -160 ) (784 -960 -160 ) (784 -960 -44 ) 
4 829 830 (816 -960 -160 ) (1024 -960 -160 ) (1024 -960 -44 ) (816 -960 -44 ) 
4 830 836 (1024 -992 -152 ) (1024 -992 -40 ) (824 -992 -40 ) (824 -992 -152 ) 
4 831 840 (480 -832 -160 ) (672 -832 -160 ) (672 -960 -160 ) (480 -960 -160 ) 
4 831 839 (672 -832 -160 ) (688 -832 -160 ) (688 -960 -160 ) (672 -960 -160 ) 
4 831 832 (480 -832 -32 ) (480 -832 -160 ) (480 -960 -160 ) (480 -960 -32 ) 
4 832 843 (480 -960 -160 ) (480 -992 -160 ) (352 -992 -160 ) (352 -960 -160 ) 
4 832 840 (352 -832 -160 ) (480 -832 -160 ) (480 -960 -160 ) (352 -960 -160 ) 
4 832 837 (352 -992 -160 ) (480 -992 -160 ) (480 -992 -32 ) (352 -992 -32 ) 
4 833 927 (0 -880 -32 ) (0 -832 -32 ) (0 -832 -96 ) (0 -880 -96 ) 
4 833 835 (0 -832 -96 ) (32 -832 -96 ) (32 -880 -96 ) (0 -880 -96 ) 
4 833 834 (32 -832 -96 ) (160 -832 -96 ) (160 -880 -96 ) (32 -880 -96 ) 
4 834 846 (32 -832 -160 ) (160 -832 -160 ) (160 -992 -160 ) (32 -992 -160 ) 
4 834 838 (32 -992 -160 ) (160 -992 -160 ) (160 -992 -96 ) (32 -992 -96 ) 
4 834 835 (32 -904 -96 ) (32 -832 -96 ) (32 -832 -160 ) (32 -904 -160 ) 
4 835 928 (0 -832 -160 ) (0 -904 -160 ) (0 -904 -96 ) (0 -832 -96 ) 
4 835 848 (0 -904 -160 ) (0 -832 -160 ) (32 -832 -160 ) (32 -904 -160 ) 
4 836 1062 (1024 -1024 -152 ) (1024 -1024 -40 ) (824 -1024 -40 ) (824 -1024 -152 ) 
4 837 1143 (480 -1024 -32 ) (352 -1024 -32 ) (352 -1024 -160 ) (480 -1024 -160 ) 
4 837 843 (480 -1024 -160 ) (352 -1024 -160 ) (352 -992 -160 ) (480 -992 -160 ) 
4 838 1147 (32 -1024 -160 ) (160 -1024 -160 ) (160 -1024 -96 ) (32 -1024 -96 ) 
4 838 846 (160 -1024 -160 ) (32 -1024 -160 ) (32 -992 -160 ) (160 -992 -160 ) 
4 839 840 (672 -832 -160 ) (672 -832 -168 ) (672 -960 -168 ) (672 -960 -160 ) 
4 840 843 (352 -960 -176 ) (480 -960 -176 ) (480 -960 -160 ) (352 -960 -160 ) 
4 840 842 (640 -960 -176 ) (352 -960 -176 ) (352 -832 -176 ) (640 -832 -176 ) 
4 840 841 (656 -960 -176 ) (640 -960 -176 ) (640 -832 -176 ) (656 -832 -176 ) 
4 841 842 (640 -960 -184 ) (640 -960 -176 ) (640 -832 -176 ) (640 -832 -184 ) 
4 842 852 (576 -960 -192 ) (352 -960 -192 ) (352 -832 -192 ) (576 -832 -192 ) 
4 842 851 (592 -960 -192 ) (576 -960 -192 ) (576 -832 -192 ) (592 -832 -192 ) 
4 842 850 (608 -960 -192 ) (592 -960 -192 ) (592 -832 -192 ) (608 -832 -192 ) 
4 842 849 (624 -960 -192 ) (608 -960 -192 ) (608 -832 -192 ) (624 -832 -192 ) 
4 842 843 (352 -960 -192 ) (480 -960 -192 ) (480 -960 -176 ) (352 -960 -176 ) 
4 843 1170 (364 -1024 -160 ) (352 -1024 -160 ) (352 -1024 -192 ) (364 -1024 -192 ) 
4 843 1169 (368 -1024 -160 ) (364 -1024 -160 ) (364 -1024 -192 ) (368 -1024 -192 ) 
4 843 1166 (464 -1024 -160 ) (368 -1024 -160 ) (368 -1024 -192 ) (464 -1024 -192 ) 
4 843 1160 (480 -1024 -160 ) (468 -1024 -160 ) (468 -1024 -192 ) (480 -1024 -192 ) 
4 843 1161 (468 -1024 -160 ) (464 -1024 -160 ) (464 -1024 -192 ) (468 -1024 -192 ) 
4 843 853 (480 -1024 -192 ) (352 -1024 -192 ) (352 -960 -192 ) (480 -960 -192 ) 
4 844 848 (32 -704 -168 ) (32 -704 -160 ) (32 -696 -160 ) (32 -696 -168 ) 
4 844 845 (32 -704 -160 ) (32 -704 -168 ) (160 -704 -168 ) (160 -704 -160 ) 
4 845 848 (32 -720 -160 ) (32 -704 -160 ) (32 -704 -176 ) (32 -720 -176 ) 
4 845 846 (32 -720 -160 ) (32 -720 -176 ) (160 -720 -176 ) (160 -720 -160 ) 
4 846 1181 (160 -1024 -160 ) (32 -1024 -160 ) (32 -1024 -184 ) (160 -1024 -184 ) 
4 846 848 (32 -904 -160 ) (32 -720 -160 ) (32 -720 -184 ) (32 -904 -184 ) 
4 846 847 (32 -1024 -184 ) (32 -736 -184 ) (160 -736 -184 ) (160 -1024 -184 ) 
4 847 1181 (32 -1024 -184 ) (32 -1024 -192 ) (160 -1024 -192 ) (160 -1024 -184 ) 
4 847 855 (160 -768 -192 ) (160 -784 -192 ) (32 -784 -192 ) (32 -768 -192 ) 
4 847 856 (160 -784 -192 ) (160 -1024 -192 ) (32 -1024 -192 ) (32 -784 -192 ) 
4 847 854 (160 -752 -192 ) (160 -768 -192 ) (32 -768 -192 ) (32 -752 -192 ) 
4 847 848 (32 -736 -192 ) (32 -904 -192 ) (32 -904 -184 ) (32 -736 -184 ) 
4 848 930 (0 -696 -192 ) (0 -904 -192 ) (0 -904 -160 ) (0 -696 -160 ) 
4 848 858 (32 -696 -192 ) (32 -904 -192 ) (0 -904 -192 ) (0 -696 -192 ) 
4 849 850 (608 -832 -192 ) (608 -832 -200 ) (608 -960 -200 ) (608 -960 -192 ) 
4 850 851 (592 -832 -192 ) (592 -832 -208 ) (592 -960 -208 ) (592 -960 -192 ) 
4 851 852 (576 -832 -192 ) (576 -832 -216 ) (576 -960 -216 ) (576 -960 -192 ) 
4 852 853 (352 -960 -224 ) (480 -960 -224 ) (480 -960 -192 ) (352 -960 -192 ) 
4 853 1170 (364 -1024 -192 ) (352 -1024 -192 ) (352 -1024 -224 ) (364 -1024 -224 ) 
4 853 1169 (368 -1024 -192 ) (364 -1024 -192 ) (364 -1024 -224 ) (368 -1024 -224 ) 
4 853 1166 (464 -1024 -192 ) (368 -1024 -192 ) (368 -1024 -224 ) (464 -1024 -224 ) 
4 853 1160 (480 -1024 -192 ) (468 -1024 -192 ) (468 -1024 -224 ) (480 -1024 -224 ) 
4 853 1161 (468 -1024 -192 ) (464 -1024 -192 ) (464 -1024 -224 ) (468 -1024 -224 ) 
4 854 858 (32 -768 -192 ) (32 -752 -192 ) (32 -752 -200 ) (32 -768 -200 ) 
4 854 855 (32 -768 -192 ) (32 -768 -200 ) (160 -768 -200 ) (160 -768 -192 ) 
4 855 858 (32 -784 -192 ) (32 -768 -192 ) (32 -768 -208 ) (32 -784 -208 ) 
4 855 856 (32 -784 -192 ) (32 -784 -208 ) (160 -784 -208 ) (160 -784 -192 ) 
4 856 1181 (160 -1024 -192 ) (32 -1024 -192 ) (32 -1024 -216 ) (160 -1024 -216 ) 
4 856 858 (32 -904 -192 ) (32 -784 -192 ) (32 -784 -216 ) (32 -904 -216 ) 
4 856 857 (32 -1024 -216 ) (32 -800 -216 ) (160 -800 -216 ) (160 -1024 -216 ) 
4 857 1181 (32 -1024 -216 ) (32 -1024 -224 ) (160 -1024 -224 ) (160 -1024 -216 ) 
4 857 858 (32 -800 -224 ) (32 -904 -224 ) (32 -904 -216 ) (32 -800 -216 ) 
4 858 930 (0 -696 -224 ) (0 -904 -224 ) (0 -904 -192 ) (0 -696 -192 ) 
4 858 859 (0 -904 -224 ) (0 -696 -224 ) (32 -696 -224 ) (32 -904 -224 ) 
4 859 930 (0 -696 -280 ) (0 -904 -280 ) (0 -904 -224 ) (0 -696 -224 ) 
4 860 861 (-352 -128 -31 ) (-416 -128 -31 ) (-416 -96 -31 ) (-352 -96 -31 ) 
4 861 881 (-416 -128 -32 ) (-416 -96 -32 ) (-352 -96 -32 ) (-352 -128 -32 ) 
4 862 863 (-352 -224 -31 ) (-416 -224 -31 ) (-416 -192 -31 ) (-352 -192 -31 ) 
4 863 881 (-416 -224 -32 ) (-416 -192 -32 ) (-352 -192 -32 ) (-352 -224 -32 ) 
4 864 865 (-544 -128 -31 ) (-608 -128 -31 ) (-608 -96 -31 ) (-544 -96 -31 ) 
4 865 888 (-608 -128 -32 ) (-608 -96 -32 ) (-544 -96 -32 ) (-544 -128 -32 ) 
4 866 867 (-544 -288 -31 ) (-608 -288 -31 ) (-608 -256 -31 ) (-544 -256 -31 ) 
4 867 888 (-608 -288 -32 ) (-608 -256 -32 ) (-544 -256 -32 ) (-544 -288 -32 ) 
4 868 869 (-800 -96 -31 ) (-864 -96 -31 ) (-864 -64 -31 ) (-800 -64 -31 ) 
4 869 892 (-800 -64 -32 ) (-800 -95.996979 -32 ) (-864 -79.993942 -32 ) (-864 -64 -32 ) 
4 869 891 (-800 -95.996979 -32 ) (-800 -96 -32 ) (-864 -96 -32 ) (-864 -79.993942 -32 ) 
4 870 871 (-768 -224 -31 ) (-768 -160 -31 ) (-736 -160 -31 ) (-736 -224 -31 ) 
4 871 899 (-768 -160 -32 ) (-736 -160 -32 ) (-736 -224 -32 ) (-768 -224 -32 ) 
4 872 1456 (-1024 -73.411743 144 ) (-1024 -32 144 ) (-1024 -32 48 ) (-1024 -73.411751 48 ) 
4 872 1452 (-1024 -368 48 ) (-1024 -368 144 ) (-1024 -73.411743 144 ) (-1024 -73.411751 48 ) 
4 872 1450 (-1024 -32 144 ) (-1024 0 144 ) (-1024 0 48 ) (-1024 -32 48 ) 
4 872 950 (-1024 -368 144 ) (-1024 -368 48 ) (-992 -368 48 ) (-992 -368 144 ) 
4 872 874 (-992 -304 48 ) (-992 -368 48 ) (-1024 -368 48 ) (-1024 -304 48 ) 
4 872 873 (-1024 0 48 ) (-992 0 48 ) (-992 -304 48 ) (-1024 -304 48 ) 
4 873 1456 (-1024 -73.411758 48 ) (-1024 -32 48 ) (-1024 -32 -32 ) (-1024 -73.411758 -32 ) 
4 873 1452 (-1024 -304 48 ) (-1024 -73.411758 48 ) (-1024 -73.411758 -32 ) (-1024 -304 -32 ) 
4 873 1450 (-1024 -32 48 ) (-1024 0 48 ) (-1024 0 -32 ) (-1024 -32 -32 ) 
4 873 902 (-1024 -304 -32 ) (-1024 0 -32 ) (-960 0 -32 ) (-960 -304 -32 ) 
5 873 874 (-1024 -304 -32 ) (-960 -304 -32 ) (-960 -304 16 ) (-992 -304 48 ) (-1024 -304 48 ) 
4 874 1452 (-1024 -368 -32 ) (-1024 -368 48 ) (-1024 -304 48 ) (-1024 -304 -32 ) 
4 874 960 (-1024 -368 48 ) (-1024 -368 0.001987 ) (-944.001953 -368 0.001976 ) (-992 -368 48 ) 
5 874 953 (-1024 -368 0.001987 ) (-1024 -368 -32 ) (-944 -368 -32 ) (-944 -368 0 ) (-944.001953 -368 0.001976 ) 
4 874 908 (-944 -368 -32 ) (-1024 -368 -32 ) (-1024 -336 -32 ) (-944 -336 -32 ) 
4 874 902 (-1024 -336 -32 ) (-1024 -304 -32 ) (-960 -304 -32 ) (-960 -336 -32 ) 
4 874 901 (-960 -304 -32 ) (-944 -304 -32 ) (-944 -336 -32 ) (-960 -336 -32 ) 
5 874 875 (-944 -304 0 ) (-959.998047 -304 15.998043 ) (-992 -336.001923 48 ) (-992 -368 48 ) (-944 -368 0 ) 
4 875 960 (-944 -368 0 ) (-944 -368 16 ) (-976 -368 48 ) (-992 -368 48 ) 
4 876 888 (-496 0 -160 ) (-496 -16 -160 ) (-496 -16 -32 ) (-496 0 -32 ) 
4 876 879 (-483.500031 -16 -64 ) (-475.998016 -16 -64 ) (-475.998016 -16 -32 ) (-483.500031 -16 -32 ) 
4 876 877 (-496 -16 -32 ) (-496 -16 -64 ) (-483.500031 -16 -64 ) (-483.500031 -16 -32 ) 
4 876 880 (-496 -16 -64 ) (-496 -16 -160 ) (-272 -16 -160 ) (-272 -16 -64 ) 
4 877 888 (-496 -28.499964 -32 ) (-496 -16 -32 ) (-496 -16 -64 ) (-496 -28.499962 -64 ) 
4 877 879 (-486 -18.500595 -64 ) (-483.500000 -16 -64 ) (-483.500000 -16 -32 ) (-486 -18.500597 -32 ) 
4 877 878 (-496 -28.500000 -32 ) (-496 -28.500000 -64 ) (-493.501099 -26.001106 -64 ) (-493.501099 -26.001106 -32 ) 
3 877 880 (-496 -16 -64 ) (-483.500031 -16 -64 ) (-496 -28.499964 -64 ) 
4 878 888 (-496 -36 -32 ) (-496 -28.499964 -32 ) (-496 -28.499962 -64 ) (-496 -36 -64 ) 
3 878 880 (-496 -36 -64 ) (-496 -28.499964 -64 ) (-493.501099 -26.001070 -64 ) 
3 879 880 (-483.500031 -16 -64 ) (-475.998016 -16 -64 ) (-486 -18.500608 -64 ) 
4 880 888 (-496 -16 -160 ) (-496 -48 -160 ) (-496 -48 -64 ) (-496 -16 -64 ) 
4 880 883 (-496 -48 -64 ) (-496 -48 -160 ) (-464 -48 -160 ) (-464 -48 -64 ) 
4 880 881 (-464 -48 -160 ) (-272 -48 -160 ) (-272 -48 -64 ) (-464 -48 -64 ) 
4 881 887 (-464 -200 -160 ) (-464 -216 -160 ) (-464 -216 -32 ) (-464 -200 -32 ) 
4 881 885 (-464 -152 -160 ) (-464 -200 -160 ) (-464 -200 -32 ) (-464 -152 -32 ) 
4 881 884 (-464 -136 -160 ) (-464 -152 -160 ) (-464 -152 -32 ) (-464 -136 -32 ) 
4 881 883 (-464 -48 -64 ) (-464 -48 -160 ) (-464 -80 -160 ) (-464 -80 -64 ) 
4 881 882 (-436 -224 -160 ) (-284 -224 -160 ) (-284 -224 -32 ) (-436 -224 -32 ) 
4 883 888 (-496 -48 -160 ) (-496 -80 -160 ) (-496 -80 -64 ) (-496 -48 -64 ) 
4 884 885 (-480 -152 -160 ) (-464 -152 -160 ) (-464 -152 -32 ) (-480 -152 -32 ) 
4 885 887 (-480 -200 -160 ) (-464 -200 -160 ) (-464 -200 -32 ) (-480 -200 -32 ) 
4 885 886 (-480 -152 -48 ) (-480 -152 -160 ) (-480 -200 -160 ) (-480 -200 -48 ) 
4 886 888 (-496 -152 -160 ) (-496 -200 -160 ) (-496 -200 -48 ) (-496 -152 -48 ) 
4 888 906 (-628 -336 -52 ) (-628 -336 -148 ) (-508 -336 -148 ) (-508 -336 -52 ) 
4 888 897 (-640 -112 -160 ) (-640 -272 -160 ) (-640 -272 -64 ) (-640 -112 -64 ) 
4 888 889 (-640 0 -160 ) (-640 -48 -160 ) (-640 -48 -64 ) (-640 0 -64 ) 
4 889 890 (-672 0 -160 ) (-672 -48 -160 ) (-672 -48 -64 ) (-672 0 -64 ) 
4 890 896 (-748 -48 -160 ) (-736.001953 -48 -160 ) (-736.001953 -48 -32 ) (-748 -48 -32 ) 
4 890 892 (-912 -48 -160 ) (-748 -48 -160 ) (-748 -48 -32 ) (-912 -48 -32 ) 
4 891 899 (-912 -112 -160 ) (-736 -112 -160 ) (-736 -112 -32 ) (-912 -112 -32 ) 
4 891 895 (-752.001404 -107.998627 -160 ) (-761.601746 -105.598076 -160 ) (-761.601746 -105.598076 -32 ) (-752.001404 -107.998627 -32 ) 
4 891 893 (-761.601746 -105.598076 -160 ) (-796.797485 -96.797440 -160 ) (-796.797485 -96.797432 -32 ) (-761.601746 -105.598076 -32 ) 
4 891 892 (-796.797485 -96.797440 -160 ) (-912 -67.991211 -160 ) (-912 -67.991211 -32 ) (-796.797485 -96.797432 -32 ) 
4 892 896 (-752 -52 -160 ) (-748 -48 -160 ) (-748 -48 -32 ) (-752 -52 -32 ) 
4 892 894 (-770.399597 -70.399620 -160 ) (-764 -64 -160 ) (-764 -64 -32 ) (-770.399597 -70.399620 -32 ) 
4 892 893 (-796.796875 -96.796875 -32 ) (-796.796875 -96.796875 -160 ) (-770.399597 -70.399620 -160 ) (-770.399597 -70.399620 -32 ) 
4 893 895 (-761.602356 -105.599907 -32 ) (-761.602356 -105.599907 -160 ) (-764.002441 -95.997513 -160 ) (-764.002441 -95.997505 -32 ) 
4 893 894 (-768 -80.001991 -160 ) (-770.399902 -70.402344 -160 ) (-770.399902 -70.402344 -32 ) (-768 -80.001984 -32 ) 
4 897 898 (-672 -112 -64 ) (-672 -112 -160 ) (-672 -272 -160 ) (-672 -272 -64 ) 
4 898 899 (-704 -112 -32 ) (-704 -112 -160 ) (-704 -272 -160 ) (-704 -272 -32 ) 
4 899 900 (-884 -288 -160 ) (-732 -288 -160 ) (-732 -288 -32 ) (-884 -288 -32 ) 
4 901 909 (-960 -336 -48 ) (-960 -336 -160 ) (-944 -336 -160 ) (-944 -336 -48 ) 
4 901 908 (-944 -336 -32 ) (-960 -336 -32 ) (-960 -336 -48 ) (-944 -336 -48 ) 
4 901 904 (-944 -336 -160 ) (-960 -336 -160 ) (-960 -304 -160 ) (-944 -304 -160 ) 
4 901 903 (-960 -304 -160 ) (-960 -336 -160 ) (-960 -336 -48 ) (-960 -304 -48 ) 
4 901 902 (-960 -336 -48 ) (-960 -336 -32 ) (-960 -304 -32 ) (-960 -304 -48 ) 
4 902 1456 (-1024 -73.411743 -32 ) (-1024 -32 -32 ) (-1024 -32 -48 ) (-1024 -73.411743 -48 ) 
4 902 1452 (-1024 -336 -32 ) (-1024 -73.411743 -32 ) (-1024 -73.411743 -48 ) (-1024 -336 -48 ) 
4 902 1450 (-1024 -32 -32 ) (-1024 0 -32 ) (-1024 0 -48 ) (-1024 -32 -48 ) 
4 902 908 (-960 -336 -32 ) (-1024 -336 -32 ) (-1024 -336 -48 ) (-960 -336 -48 ) 
4 902 903 (-1024 0 -48 ) (-960 0 -48 ) (-960 -336 -48 ) (-1024 -336 -48 ) 
4 903 1462 (-1024 0 -144 ) (-1024 0 -160 ) (-1024 -336 -160 ) (-1024 -336 -144 ) 
3 903 1459 (-1024 0 -48 ) (-1024 0 -80 ) (-1024 -32 -48 ) 
5 903 1457 (-1024 0 -80 ) (-1024 0 -144 ) (-1024 -336 -144 ) (-1024 -336 -48 ) (-1024 -32 -48 ) 
4 903 909 (-1024 -336 -48 ) (-1024 -336 -160 ) (-960 -336 -160 ) (-960 -336 -48 ) 
4 903 905 (-960 -336 -160 ) (-1024 -336 -160 ) (-1024 0 -160 ) (-960 0 -160 ) 
4 904 909 (-960 -336 -176 ) (-944 -336 -176 ) (-944 -336 -160 ) (-960 -336 -160 ) 
4 904 905 (-960 -304 -176 ) (-960 -336 -176 ) (-960 -336 -160 ) (-960 -304 -160 ) 
4 905 1462 (-1024 0 -160 ) (-1024 0 -176 ) (-1024 -336 -176 ) (-1024 -336 -160 ) 
4 905 921 (-1024 -336 -176 ) (-1024 -96 -176 ) (-976 -96 -176 ) (-976 -336 -176 ) 
4 905 912 (-1024 -96 -176 ) (-1024 0 -176 ) (-976 0 -176 ) (-976 -96 -176 ) 
4 905 909 (-1024 -336 -176 ) (-960 -336 -176 ) (-960 -336 -160 ) (-1024 -336 -160 ) 
4 906 907 (-628 -352 -148 ) (-508 -352 -148 ) (-508 -352 -52 ) (-628 -352 -52 ) 
4 907 954 (-632 -368 -48 ) (-632 -368 -152 ) (-504 -368 -152 ) (-504 -368 -48 ) 
4 908 1452 (-1024 -368 -48 ) (-1024 -368 -32 ) (-1024 -336 -32 ) (-1024 -336 -48 ) 
4 908 953 (-944 -368 -32 ) (-1024 -368 -32 ) (-1024 -368 -48 ) (-944 -368 -48 ) 
4 908 909 (-1024 -336 -48 ) (-944 -336 -48 ) (-944 -368 -48 ) (-1024 -368 -48 ) 
4 909 1462 (-1024 -368 -176 ) (-1024 -368 -144 ) (-1024 -336 -144 ) (-1024 -336 -176 ) 
4 909 1457 (-1024 -368 -144 ) (-1024 -368 -48 ) (-1024 -336 -48 ) (-1024 -336 -144 ) 
4 909 955 (-1024 -368 -48 ) (-1024 -368 -176 ) (-944 -368 -176 ) (-944 -368 -48 ) 
4 909 921 (-976 -368 -176 ) (-1024 -368 -176 ) (-1024 -336 -176 ) (-976 -336 -176 ) 
4 910 919 (-784 -96 -224 ) (-784 -96 -232 ) (-768 -96 -232 ) (-768 -96 -224 ) 
4 911 920 (-782 -96 -240 ) (-770 -96 -240 ) (-770 -96 -234 ) (-782 -96 -234 ) 
4 911 915 (-770 -96 -240 ) (-782 -96 -240 ) (-782 -80 -240 ) (-770 -80 -240 ) 
4 911 913 (-782 -80 -240 ) (-782 0 -240 ) (-770 0 -240 ) (-770 -80 -240 ) 
4 912 1462 (-1024 -96 -176 ) (-1024 0 -176 ) (-1024 0 -240 ) (-1024 -96 -240 ) 
4 912 921 (-976 -96 -176 ) (-1024 -96 -176 ) (-1024 -96 -240 ) (-976 -96 -240 ) 
4 912 918 (-1016 -96 -240 ) (-1024 -96 -240 ) (-1024 0 -240 ) (-1016 0 -240 ) 
4 912 917 (-1000 -96 -240 ) (-1016 -96 -240 ) (-1016 0 -240 ) (-1000 0 -240 ) 
4 912 916 (-976 -96 -240 ) (-1000 -96 -240 ) (-1000 0 -240 ) (-976 0 -240 ) 
4 913 915 (-912 -80 -368 ) (-640 -80 -368 ) (-640 -80 -240 ) (-912 -80 -240 ) 
4 913 914 (-912 0 -368 ) (-912 -80 -368 ) (-912 -80 -256 ) (-912 0 -256 ) 
4 914 916 (-944 0 -368 ) (-944 -80 -368 ) (-944 -80 -256 ) (-944 0 -256 ) 
4 915 920 (-782 -96 -368 ) (-770 -96 -368 ) (-770 -96 -240 ) (-782 -96 -240 ) 
4 916 921 (-976 -96 -240 ) (-1000 -96 -240 ) (-1000 -96 -336 ) (-976 -96 -336 ) 
4 916 917 (-1000 -96 -360 ) (-1000 -96 -240 ) (-1000 0 -240 ) (-1000 0 -360 ) 
4 917 921 (-1000 -96 -336 ) (-1000 -96 -240 ) (-1016 -96 -240 ) (-1016 -96 -336 ) 
4 917 918 (-1016 -96 -352 ) (-1016 -96 -240 ) (-1016 0 -240 ) (-1016 0 -352 ) 
4 918 1469 (-1024 0 -336 ) (-1024 0 -352 ) (-1024 -96 -352 ) (-1024 -96 -336 ) 
4 918 1462 (-1024 0 -240 ) (-1024 0 -336 ) (-1024 -96 -336 ) (-1024 -96 -240 ) 
4 918 921 (-1016 -96 -336 ) (-1016 -96 -240 ) (-1024 -96 -240 ) (-1024 -96 -336 ) 
4 921 1462 (-1024 -368 -336 ) (-1024 -368 -176 ) (-1024 -96 -176 ) (-1024 -96 -336 ) 
4 921 995 (-1024 -368 -304 ) (-1024 -368 -336 ) (-976 -368 -336 ) (-976 -368 -304 ) 
4 921 962 (-976 -368 -176 ) (-1024 -368 -176 ) (-1024 -368 -304 ) (-976 -368 -304 ) 
4 922 927 (0 -696 -32 ) (0 -880 -32 ) (-128 -880 -32 ) (-128 -696 -32 ) 
4 922 925 (-128 -696 -32 ) (-128 -880 -32 ) (-128 -880 -16 ) (-128 -696 -16 ) 
4 923 924 (-128 -544 -31 ) (-160 -544 -31 ) (-160 -480 -31 ) (-128 -480 -31 ) 
4 924 926 (-160 -544 -32 ) (-160 -480 -32 ) (-128 -480 -32 ) (-128 -544 -32 ) 
4 925 927 (-160 -880 -32 ) (-160 -696 -32 ) (-128 -696 -32 ) (-128 -880 -32 ) 
4 926 939 (-160 -400 -160 ) (-160 -592 -160 ) (-160 -592 -32 ) (-160 -400 -32 ) 
4 927 928 (-32 -696 -96 ) (0 -696 -96 ) (0 -880 -96 ) (-32 -880 -96 ) 
4 927 929 (-160 -880 -96 ) (-160 -696 -96 ) (-32 -696 -96 ) (-32 -880 -96 ) 
4 928 930 (-32 -696 -160 ) (0 -696 -160 ) (0 -904 -160 ) (-32 -904 -160 ) 
4 928 929 (-32 -904 -96 ) (-32 -696 -96 ) (-32 -696 -160 ) (-32 -904 -160 ) 
4 929 1245 (-160 -1024 -112 ) (-160 -1024 -160 ) (-32 -1024 -160 ) (-32 -1024 -112 ) 
4 929 1243 (-32 -1024 -96 ) (-160 -1024 -96 ) (-160 -1024 -112 ) (-32 -1024 -112 ) 
4 929 938 (-160 -1024 -160 ) (-160 -1008 -160 ) (-32 -1008 -160 ) (-32 -1024 -160 ) 
4 929 937 (-160 -1008 -160 ) (-160 -992 -160 ) (-32 -992 -160 ) (-32 -1008 -160 ) 
4 929 936 (-160 -992 -160 ) (-160 -976 -160 ) (-32 -976 -160 ) (-32 -992 -160 ) 
4 929 935 (-160 -976 -160 ) (-160 -960 -160 ) (-32 -960 -160 ) (-32 -976 -160 ) 
4 929 934 (-160 -960 -160 ) (-160 -944 -160 ) (-32 -944 -160 ) (-32 -960 -160 ) 
4 929 933 (-160 -944 -160 ) (-160 -928 -160 ) (-32 -928 -160 ) (-32 -944 -160 ) 
4 929 932 (-160 -928 -160 ) (-160 -912 -160 ) (-32 -912 -160 ) (-32 -928 -160 ) 
4 929 931 (-160 -912 -160 ) (-160 -696 -160 ) (-32 -696 -160 ) (-32 -912 -160 ) 
4 930 931 (-32 -696 -280 ) (-32 -904 -280 ) (-32 -904 -160 ) (-32 -696 -160 ) 
4 931 943 (-160 -728 -280 ) (-160 -856 -280 ) (-160 -856 -168 ) (-160 -728 -168 ) 
4 931 932 (-32 -912 -272 ) (-32 -912 -160 ) (-160 -912 -160 ) (-160 -912 -272 ) 
4 932 933 (-32 -928 -264 ) (-32 -928 -160 ) (-160 -928 -160 ) (-160 -928 -264 ) 
4 933 934 (-32 -944 -256 ) (-32 -944 -160 ) (-160 -944 -160 ) (-160 -944 -256 ) 
4 934 935 (-32 -960 -248 ) (-32 -960 -160 ) (-160 -960 -160 ) (-160 -960 -248 ) 
4 935 936 (-32 -976 -240 ) (-32 -976 -160 ) (-160 -976 -160 ) (-160 -976 -240 ) 
4 936 937 (-32 -992 -232 ) (-32 -992 -160 ) (-160 -992 -160 ) (-160 -992 -232 ) 
4 937 938 (-32 -1008 -224 ) (-32 -1008 -160 ) (-160 -1008 -160 ) (-160 -1008 -224 ) 
4 938 1245 (-32 -1024 -160 ) (-160 -1024 -160 ) (-160 -1024 -224 ) (-32 -1024 -224 ) 
4 939 946 (-256 -412 -148 ) (-256 -580 -148 ) (-256 -580 -44 ) (-256 -412 -44 ) 
4 940 948 (-256 -728 -152 ) (-256 -696 -152 ) (-256 -696 -168 ) (-256 -728 -168 ) 
4 940 942 (-256 -728 -168 ) (-256 -696 -168 ) (-232 -696 -168 ) (-232 -728 -168 ) 
4 940 941 (-256 -728 -168 ) (-232 -728 -168 ) (-232 -728 -152 ) (-256 -728 -152 ) 
4 941 948 (-256 -856 -152 ) (-256 -728 -152 ) (-256 -728 -168 ) (-256 -856 -168 ) 
4 941 944 (-232 -856 -152 ) (-256 -856 -152 ) (-256 -856 -168 ) (-232 -856 -168 ) 
4 941 943 (-232 -856 -168 ) (-256 -856 -168 ) (-256 -728 -168 ) (-232 -728 -168 ) 
4 942 948 (-256 -696 -168 ) (-256 -696 -280 ) (-256 -728 -280 ) (-256 -728 -168 ) 
4 942 943 (-256 -728 -280 ) (-232 -728 -280 ) (-232 -728 -168 ) (-256 -728 -168 ) 
4 943 948 (-256 -728 -280 ) (-256 -856 -280 ) (-256 -856 -168 ) (-256 -728 -168 ) 
4 943 945 (-256 -856 -280 ) (-232 -856 -280 ) (-232 -856 -168 ) (-256 -856 -168 ) 
4 944 948 (-256 -888 -152 ) (-256 -856 -152 ) (-256 -856 -168 ) (-256 -888 -168 ) 
4 944 945 (-232 -888 -168 ) (-256 -888 -168 ) (-256 -856 -168 ) (-232 -856 -168 ) 
4 945 948 (-256 -856 -168 ) (-256 -856 -280 ) (-256 -888 -280 ) (-256 -888 -168 ) 
4 946 947 (-272 -412 -148 ) (-272 -580 -148 ) (-272 -580 -44 ) (-272 -412 -44 ) 
4 947 957 (-288 -584 -48 ) (-288 -584 -40 ) (-288 -408 -40 ) (-288 -408 -48 ) 
4 947 958 (-288 -584 -152 ) (-288 -584 -48 ) (-288 -408 -48 ) (-288 -408 -152 ) 
4 948 965 (-288 -888 -280 ) (-288 -888 -152 ) (-288 -696 -152 ) (-288 -696 -280 ) 
4 949 957 (-320 -416 48 ) (-320 -592 48 ) (-416 -592 48 ) (-416 -416 48 ) 
4 949 956 (-416 -592 48 ) (-992 -592 48 ) (-992 -416 48 ) (-416 -416 48 ) 
4 949 951 (-992 -592 48 ) (-416 -592 48 ) (-416 -592 144 ) (-992 -592 144 ) 
4 949 950 (-992 -416 48 ) (-992 -592 48 ) (-992 -592 144 ) (-992 -416 144 ) 
4 950 1452 (-1024 -592 144 ) (-1024 -368 144 ) (-1024 -368 48 ) (-1024 -592 48 ) 
4 950 960 (-1024 -415.997986 48 ) (-1024 -368 48 ) (-992 -368 48 ) (-992 -415.997986 48 ) 
4 950 956 (-1024 -592 48 ) (-1024 -415.997986 48 ) (-992 -415.997986 48 ) (-992 -592 48 ) 
4 950 951 (-1024 -592 48 ) (-992 -592 48 ) (-992 -592 144 ) (-1024 -592 144 ) 
4 951 1452 (-1024 -1024 48 ) (-1024 -1024 144 ) (-1024 -592 144 ) (-1024 -592 48 ) 
4 951 1241 (-832 -1024 48 ) (-480 -1024 48 ) (-480 -1024 112 ) (-896 -1024 112 ) 
4 951 1240 (-1024 -1024 112 ) (-1024 -1024 48 ) (-832 -1024 48 ) (-896 -1024 112 ) 
4 951 1238 (-480 -1024 48 ) (-416 -1024 48 ) (-416 -1024 112 ) (-480 -1024 112 ) 
4 951 1233 (-416 -1024 144 ) (-1024 -1024 144 ) (-1024 -1024 112 ) (-416 -1024 112 ) 
4 951 993 (-1024 -1024 48 ) (-1024 -976 48 ) (-992 -976 48 ) (-992 -1024 48 ) 
4 951 991 (-992 -976 48 ) (-976 -976 48 ) (-976 -1024 48 ) (-992 -1024 48 ) 
4 951 987 (-416 -992 48 ) (-416 -1024 48 ) (-976 -1024 48 ) (-976 -992 48 ) 
4 951 986 (-976 -976 48 ) (-416 -976 48 ) (-416 -992 48 ) (-976 -992 48 ) 
4 951 966 (-1024 -976 48 ) (-1024 -624 48 ) (-416 -624 48 ) (-416 -976 48 ) 
4 951 956 (-1024 -624 48 ) (-1024 -592 48 ) (-416 -592 48 ) (-416 -624 48 ) 
4 952 959 (-416 -368 0 ) (-752 -368 0 ) (-752 -384 16 ) (-416 -384 16 ) 
4 952 956 (-416 -384 16 ) (-752 -384 16 ) (-752 -384 -48 ) (-416 -384 -48 ) 
4 952 954 (-416 -384 -48 ) (-752 -384 -48 ) (-752 -368 -48 ) (-416 -368 -48 ) 
4 953 1452 (-1024 -384 16.001997 ) (-1024 -368 0.001987 ) (-1024 -368 -48 ) (-1024 -384 -48 ) 
4 953 961 (-880 -368 0 ) (-928 -368 0 ) (-944 -384 16 ) (-880 -384 16 ) 
4 953 960 (-928 -368 0 ) (-1024 -368 0 ) (-1024 -384 16 ) (-944 -384 16 ) 
4 953 956 (-880 -384 16 ) (-1024 -384 16 ) (-1024 -384 -48 ) (-880 -384 -48 ) 
4 953 955 (-880 -384 -48 ) (-1024 -384 -48 ) (-1024 -368 -48 ) (-880 -368 -48 ) 
4 954 958 (-752 -384 -176 ) (-416 -384 -176 ) (-416 -384 -48 ) (-752 -384 -48 ) 
4 955 1462 (-1024 -368 -144 ) (-1024 -368 -176 ) (-1024 -384 -176 ) (-1024 -384 -144 ) 
4 955 1457 (-1024 -368 -48 ) (-1024 -368 -144 ) (-1024 -384 -144 ) (-1024 -384 -48 ) 
4 955 962 (-1024 -384 -176 ) (-1024 -368 -176 ) (-976 -368 -176 ) (-960 -384 -176 ) 
4 955 958 (-1024 -384 -176 ) (-880 -384 -176 ) (-880 -384 -48 ) (-1024 -384 -48 ) 
5 956 1452 (-1024 -624 48 ) (-1024 -415.997986 48 ) (-1024 -384 16.001997 ) (-1024 -384 -48 ) (-1024 -624 -48 ) 
5 956 966 (-416 -624 48 ) (-1024 -624 48 ) (-1024 -624 -48 ) (-384 -624 -48 ) (-384 -624 16 ) 
4 956 961 (-976 -416 48 ) (-912 -416 48 ) (-880 -384 16 ) (-944 -384 16 ) 
4 956 960 (-1024 -416 48 ) (-976 -416 48 ) (-944 -384 16 ) (-1024 -384 16 ) 
4 956 959 (-720 -416 48 ) (-448 -416 48 ) (-416 -384 16 ) (-752 -384 16 ) 
6 956 957 (-320.001953 -624 -48 ) (-320.001953 -384 -48 ) (-384.004028 -384 16.002022 ) (-416.002045 -415.997955 48 ) (-416.002045 -592 48 ) (-384.002014 -624 16 ) 
4 956 958 (-320 -624 -48 ) (-1024 -624 -48 ) (-1024 -384 -48 ) (-320 -384 -48 ) 
4 957 958 (-288 -624 -48 ) (-320 -624 -48 ) (-320 -384 -48 ) (-288 -384 -48 ) 
4 958 1462 (-1024 -384 -144 ) (-1024 -384 -176 ) (-1024 -624 -176 ) (-1024 -624 -144 ) 
4 958 1457 (-1024 -384 -48 ) (-1024 -384 -144 ) (-1024 -624 -144 ) (-1024 -624 -48 ) 
4 958 979 (-1024 -624 -152 ) (-1024 -624 -176 ) (-440 -624 -176 ) (-440 -624 -152 ) 
4 958 974 (-416 -624 -176 ) (-384 -624 -176 ) (-384 -624 -152 ) (-416 -624 -152 ) 
4 958 975 (-440 -624 -176 ) (-416 -624 -176 ) (-416 -624 -152 ) (-440 -624 -152 ) 
4 958 970 (-1024 -624 -80 ) (-1024 -624 -152 ) (-440 -624 -152 ) (-440 -624 -80 ) 
4 958 969 (-440 -624 -152 ) (-384 -624 -152 ) (-384 -624 -80 ) (-440 -624 -80 ) 
4 958 967 (-384 -624 -48 ) (-1024 -624 -48 ) (-1024 -624 -80 ) (-384 -624 -80 ) 
4 958 964 (-416 -624 -176 ) (-1024 -624 -176 ) (-1024 -592 -176 ) (-416 -592 -176 ) 
4 958 963 (-1024 -592 -176 ) (-1024 -400 -176 ) (-320 -400 -176 ) (-320 -592 -176 ) 
4 958 962 (-1024 -400 -176 ) (-1024 -384 -176 ) (-960 -384 -176 ) (-944 -400 -176 ) 
3 960 1452 (-1024 -415.997986 48 ) (-1024 -368 48 ) (-1024 -368 0.001987 ) 
4 960 961 (-976 -416 48 ) (-928 -368 0 ) (-944 -368 16 ) (-976 -400 48 ) 
4 962 1462 (-1024 -368 -176 ) (-1024 -368 -304 ) (-1024 -400 -304 ) (-1024 -400 -176 ) 
4 962 995 (-1024 -368 -304 ) (-976 -368 -304 ) (-944 -400 -304 ) (-1024 -400 -304 ) 
4 962 963 (-1024 -400 -304 ) (-944 -400 -304 ) (-944 -400 -176 ) (-1024 -400 -176 ) 
4 963 1462 (-1024 -400 -304 ) (-1024 -592 -304 ) (-1024 -592 -176 ) (-1024 -400 -176 ) 
4 963 996 (-1024 -592 -304 ) (-1024 -400 -304 ) (-320 -400 -304 ) (-320 -592 -304 ) 
4 963 964 (-1024 -592 -304 ) (-416 -592 -304 ) (-416 -592 -176 ) (-1024 -592 -176 ) 
4 964 1462 (-1024 -592 -304 ) (-1024 -624 -304 ) (-1024 -624 -176 ) (-1024 -592 -176 ) 
4 964 997 (-416 -624 -304 ) (-1024 -624 -304 ) (-1024 -592 -304 ) (-416 -592 -304 ) 
4 964 979 (-1024 -624 -304 ) (-440 -624 -304 ) (-440 -624 -176 ) (-1024 -624 -176 ) 
4 964 975 (-440 -624 -304 ) (-416 -624 -304 ) (-416 -624 -176 ) (-440 -624 -176 ) 
4 965 976 (-384 -888 -280 ) (-384 -888 -152 ) (-384 -696 -152 ) (-384 -696 -280 ) 
4 966 1452 (-1024 -976 48 ) (-1024 -624 48 ) (-1024 -624 -48 ) (-1024 -976 -48 ) 
4 966 993 (-992 -976 48 ) (-1024 -976 48 ) (-1024 -976 -48 ) (-992 -976 -48 ) 
4 966 991 (-976 -976 48 ) (-992 -976 48 ) (-992 -976 -48 ) (-976 -976 -48 ) 
5 966 986 (-384 -976 -48 ) (-384 -976 16 ) (-416 -976 48 ) (-976 -976 48 ) (-976 -976 -48 ) 
4 966 968 (-1008 -976 -48 ) (-1024 -976 -48 ) (-1024 -960 -48 ) (-1008 -960 -48 ) 
4 966 967 (-1024 -960 -48 ) (-1024 -624 -48 ) (-384 -624 -48 ) (-384 -960 -48 ) 
5 967 1461 (-1024 -816 -80 ) (-1024 -976 -80 ) (-1024 -976 -64 ) (-1024 -960 -48 ) (-1024 -816 -48 ) 
3 967 1458 (-1024 -816 -80 ) (-1024 -816 -48 ) (-1024 -784 -48 ) 
4 967 1457 (-1024 -624 -48 ) (-1024 -624 -80 ) (-1024 -816 -80 ) (-1024 -784 -48 ) 
4 967 994 (-992 -976 -64 ) (-1024 -976 -64 ) (-1024 -976 -80 ) (-992 -976 -80 ) 
4 967 973 (-1024 -944 -80 ) (-1024 -928 -80 ) (-455.986938 -928 -80 ) (-455.986908 -944 -80 ) 
4 967 972 (-384 -976 -80 ) (-1024 -976 -80 ) (-1024 -944 -80 ) (-384 -944 -80 ) 
4 967 971 (-1024 -928 -80 ) (-1024 -640 -80 ) (-455.986877 -640 -80 ) (-455.986908 -928 -80 ) 
4 967 970 (-1024 -640 -80 ) (-1024 -624 -80 ) (-440 -624 -80 ) (-440 -640 -80 ) 
4 967 969 (-440 -624 -80 ) (-384 -624 -80 ) (-384 -640 -80 ) (-440 -640 -80 ) 
4 967 968 (-1024 -976 -64.001984 ) (-992 -976 -64.001984 ) (-1008 -959.998047 -48 ) (-1024 -959.998047 -48 ) 
3 968 1461 (-1024 -976 -64 ) (-1024 -976 -48 ) (-1024 -960 -48 ) 
4 968 994 (-1008 -976 -48 ) (-1024 -976 -48 ) (-1024 -976 -64 ) (-992.001892 -976 -64 ) 
4 969 974 (-416 -624 -152 ) (-384 -624 -152 ) (-384 -656 -152 ) (-416 -656 -152 ) 
4 969 975 (-440 -624 -152 ) (-416 -624 -152 ) (-416 -656 -152 ) (-440 -656 -152 ) 
5 969 970 (-440 -624 -152 ) (-440 -656 -152 ) (-440 -656 -96 ) (-440 -640 -80 ) (-440 -624 -80 ) 
4 970 1462 (-1024 -624 -144 ) (-1024 -624 -152 ) (-1024 -712 -152 ) (-1024 -704 -144 ) 
4 970 1457 (-1024 -624 -80 ) (-1024 -624 -144 ) (-1024 -704 -144 ) (-1024 -640 -80 ) 
4 970 982 (-472 -696 -152 ) (-456 -696 -152 ) (-456 -712 -152 ) (-472 -712 -152 ) 
4 970 983 (-1024 -712 -152 ) (-1024 -696 -152 ) (-472 -696 -152 ) (-472 -712 -152 ) 
4 970 981 (-456 -696 -152 ) (-440 -696 -152 ) (-440 -712 -152 ) (-456 -712 -152 ) 
4 970 980 (-1024 -696 -152 ) (-1024 -664 -152 ) (-440 -664 -152 ) (-440 -696 -152 ) 
4 970 979 (-1024 -664 -152 ) (-1024 -624 -152 ) (-440 -624 -152 ) (-440 -664 -152 ) 
5 970 971 (-1024 -712 -152 ) (-440 -712 -152 ) (-440 -655.986877 -95.986893 ) (-455.986908 -640 -80 ) (-1024 -640 -80 ) 
4 971 1462 (-1024 -712 -152 ) (-1024 -928 -152 ) (-1024 -928 -144 ) (-1024 -704 -144 ) 
4 971 1461 (-1024 -928 -144 ) (-1024 -928 -80 ) (-1024 -816 -80 ) (-1024 -816 -144 ) 
4 971 1457 (-1024 -816 -80 ) (-1024 -640 -80 ) (-1024 -704 -144 ) (-1024 -816 -144 ) 
4 971 984 (-1024 -920 -152 ) (-1024 -888 -152 ) (-440 -888 -152 ) (-440 -920 -152 ) 
4 971 985 (-1024 -928 -152 ) (-1024 -920 -152 ) (-440 -920 -152 ) (-440 -928 -152 ) 
4 971 982 (-472 -712 -152 ) (-456 -712 -152 ) (-456 -888 -152 ) (-472 -888 -152 ) 
4 971 983 (-1024 -888 -152 ) (-1024 -712 -152 ) (-472 -712 -152 ) (-472 -888 -152 ) 
4 971 981 (-456 -712 -152 ) (-440 -712 -152 ) (-440 -888 -152 ) (-456 -888 -152 ) 
5 971 973 (-440 -928 -96 ) (-440 -928 -95.986893 ) (-455.986908 -928 -80 ) (-1024 -928 -80 ) (-1024 -928 -96 ) 
4 971 972 (-1024 -928 -152 ) (-440 -928 -152 ) (-440 -928 -96 ) (-1024 -928 -96 ) 
4 972 1462 (-1024 -928 -152 ) (-1024 -976 -152 ) (-1024 -976 -144 ) (-1024 -928 -144 ) 
5 972 1461 (-1024 -976 -144 ) (-1024 -976 -80 ) (-1024 -944 -80 ) (-1024 -928 -96 ) (-1024 -928 -144 ) 
4 972 994 (-992 -976 -80 ) (-1024 -976 -80 ) (-1024 -976 -152 ) (-992 -976 -152 ) 
4 972 988 (-424 -976 -144 ) (-952 -976 -144 ) (-952 -976 -152 ) (-424 -976 -152 ) 
4 972 985 (-440 -976 -152 ) (-1024 -976 -152 ) (-1024 -928 -152 ) (-440 -928 -152 ) 
4 972 977 (-384 -976 -152 ) (-416 -976 -152 ) (-416 -928 -152 ) (-384 -928 -152 ) 
4 972 978 (-416 -976 -152 ) (-440 -976 -152 ) (-440 -928 -152 ) (-416 -928 -152 ) 
4 972 973 (-439.986908 -928 -96 ) (-1024 -928 -96 ) (-1024 -944 -80 ) (-455.986938 -944 -80 ) 
3 973 1461 (-1024 -944 -80 ) (-1024 -928 -80 ) (-1024 -928 -96 ) 
4 974 975 (-416 -656 -176 ) (-416 -656 -152 ) (-416 -624 -152 ) (-416 -624 -176 ) 
4 975 997 (-440 -624 -304 ) (-416 -624 -304 ) (-416 -656 -304 ) (-440 -656 -304 ) 
4 975 979 (-440 -656 -152 ) (-440 -624 -152 ) (-440 -624 -304 ) (-440 -656 -304 ) 
4 976 981 (-440 -888 -152 ) (-440 -696 -152 ) (-440 -696 -280 ) (-440 -888 -280 ) 
4 977 978 (-416 -928 -152 ) (-416 -928 -176 ) (-416 -976 -176 ) (-416 -976 -152 ) 
4 978 1005 (-416 -976 -304 ) (-440 -976 -304 ) (-440 -928 -304 ) (-416 -928 -304 ) 
4 978 990 (-440 -976 -304 ) (-424 -976 -304 ) (-424 -976 -212 ) (-440 -976 -212 ) 
4 978 988 (-424 -976 -152 ) (-440 -976 -152 ) (-440 -976 -212 ) (-424 -976 -212 ) 
4 978 985 (-440 -976 -304 ) (-440 -976 -152 ) (-440 -928 -152 ) (-440 -928 -304 ) 
4 979 1462 (-1024 -624 -152 ) (-1024 -624 -304 ) (-1024 -664 -304 ) (-1024 -664 -152 ) 
4 979 998 (-544 -656 -304 ) (-440 -656 -304 ) (-440 -664 -304 ) (-544 -664 -304 ) 
4 979 1000 (-1024 -664 -304 ) (-1024 -656 -304 ) (-544 -656 -304 ) (-544 -664 -304 ) 
4 979 997 (-1024 -656 -304 ) (-1024 -624 -304 ) (-440 -624 -304 ) (-440 -656 -304 ) 
5 979 980 (-1024 -664 -304 ) (-503.997925 -664 -304 ) (-440 -664 -272.001038 ) (-440 -664 -152 ) (-1024 -664 -152 ) 
4 980 1462 (-1024 -664 -304 ) (-1024 -696 -304 ) (-1024 -696 -152 ) (-1024 -664 -152 ) 
4 980 999 (-544 -664 -304 ) (-503.997925 -664 -304 ) (-503.997925 -696 -304 ) (-544 -696 -304 ) 
4 980 1000 (-1024 -696 -304 ) (-1024 -664 -304 ) (-544 -664 -304 ) (-544 -696 -304 ) 
4 980 982 (-472 -696 -288.001038 ) (-456 -696 -280.001038 ) (-456 -696 -152 ) (-472 -696 -152 ) 
5 980 983 (-1024 -696 -304 ) (-503.997925 -696 -304 ) (-472 -696 -288.001038 ) (-472 -696 -152 ) (-1024 -696 -152 ) 
4 980 981 (-456 -696 -280.001038 ) (-440 -696 -272.001038 ) (-440 -696 -152 ) (-456 -696 -152 ) 
4 981 984 (-440 -888 -272.001038 ) (-440 -888 -152 ) (-456 -888 -152 ) (-456 -888 -280.001007 ) 
4 981 982 (-456 -696 -152 ) (-456 -696 -288 ) (-456 -888 -288 ) (-456 -888 -152 ) 
4 982 984 (-456 -888 -280.001007 ) (-456 -888 -152 ) (-472 -888 -152 ) (-472 -888 -288.001007 ) 
4 982 983 (-472 -696 -152 ) (-472 -696 -296 ) (-472 -888 -296 ) (-472 -888 -152 ) 
4 983 1462 (-1024 -696 -304 ) (-1024 -888 -304 ) (-1024 -888 -152 ) (-1024 -696 -152 ) 
4 983 1003 (-536 -696 -304 ) (-520 -696 -304 ) (-520 -888 -304 ) (-536 -888 -304 ) 
4 983 1004 (-1024 -888 -304 ) (-1024 -696 -304 ) (-536 -696 -304 ) (-536 -888 -304 ) 
4 983 1002 (-520 -696 -304 ) (-504 -696 -304 ) (-504 -888 -304 ) (-520 -888 -304 ) 
4 983 1001 (-504 -696 -304 ) (-488 -696 -304 ) (-488 -888 -304 ) (-504 -888 -304 ) 
5 983 984 (-1024 -888 -304 ) (-503.997925 -888 -304 ) (-472 -888 -288.001007 ) (-472 -888 -152 ) (-1024 -888 -152 ) 
4 984 1462 (-1024 -888 -304 ) (-1024 -920 -304 ) (-1024 -920 -152 ) (-1024 -888 -152 ) 
4 984 1006 (-544 -888 -304 ) (-503.997925 -888 -304 ) (-503.997925 -920 -304 ) (-544 -920 -304 ) 
4 984 1008 (-1024 -920 -304 ) (-1024 -888 -304 ) (-544 -888 -304 ) (-544 -920 -304 ) 
5 984 985 (-1024 -920 -304 ) (-503.997925 -920 -304 ) (-440 -920 -272.001038 ) (-440 -920 -152 ) (-1024 -920 -152 ) 
4 985 1462 (-1024 -920 -304 ) (-1024 -976 -304 ) (-1024 -976 -152 ) (-1024 -920 -152 ) 
4 985 1007 (-544 -920 -304 ) (-440 -920 -304 ) (-440 -976 -304 ) (-544 -976 -304 ) 
4 985 1008 (-1024 -976 -304 ) (-1024 -920 -304 ) (-544 -920 -304 ) (-544 -976 -304 ) 
4 985 994 (-1024 -976 -304 ) (-992 -976 -304 ) (-992 -976 -152 ) (-1024 -976 -152 ) 
4 985 990 (-952 -976 -304 ) (-440 -976 -304 ) (-440 -976 -212 ) (-952 -976 -212 ) 
4 985 988 (-440 -976 -212 ) (-440 -976 -152 ) (-952 -976 -152 ) (-952 -976 -212 ) 
4 986 991 (-976 -976 48 ) (-976 -976 -48 ) (-976 -992 -48 ) (-976 -992 48 ) 
5 986 987 (-976 -992 48 ) (-976 -992 -48 ) (-384 -992 -48 ) (-384 -992 16 ) (-416 -992 48 ) 
4 987 1241 (-480 -1024 48 ) (-832 -1024 48 ) (-736 -1024 -48 ) (-480 -1024 -48 ) 
4 987 1240 (-832 -1024 48 ) (-976 -1024 48 ) (-976 -1024 -48 ) (-736 -1024 -48 ) 
4 987 1238 (-416 -1024 48 ) (-480 -1024 48 ) (-480 -1024 -48 ) (-416 -1024 -48 ) 
4 987 1237 (-416 -1024 48 ) (-416 -1024 -48 ) (-384 -1024 -48 ) (-384 -1024 16 ) 
4 987 991 (-976 -1024 -48 ) (-976 -1024 48 ) (-976 -992 48 ) (-976 -992 -48 ) 
4 988 990 (-952 -976 -212 ) (-424 -976 -212 ) (-424 -992 -212 ) (-952 -992 -212 ) 
4 988 989 (-792 -992 -212 ) (-552 -992 -212 ) (-552 -992 -144 ) (-792 -992 -144 ) 
4 989 1246 (-792 -1024 -212 ) (-552 -1024 -212 ) (-552 -1024 -140 ) (-792 -1024 -140 ) 
4 990 1009 (-952 -976 -304 ) (-424 -976 -304 ) (-424 -992 -304 ) (-952 -992 -304 ) 
4 991 1240 (-976 -1024 48 ) (-992 -1024 48 ) (-992 -1024 -48 ) (-976 -1024 -48 ) 
4 991 993 (-992 -976 48 ) (-992 -976 -48 ) (-992 -1024 -48 ) (-992 -1024 48 ) 
4 992 1252 (-992 -1024 -224 ) (-992 -1024 -304 ) (-976 -1024 -304 ) (-976 -1024 -224 ) 
4 992 1251 (-992 -1024 -160 ) (-992 -1024 -224 ) (-976 -1024 -224 ) (-976 -1024 -160 ) 
4 992 1250 (-992 -1024 -144 ) (-992 -1024 -160 ) (-976 -1024 -160 ) (-976 -1024 -144 ) 
4 992 1010 (-976 -1024 -304 ) (-992 -1024 -304 ) (-992 -1000 -304 ) (-976 -1000 -304 ) 
4 992 994 (-992 -1000 -304 ) (-992 -1024 -304 ) (-992 -1024 -144 ) (-992 -1000 -144 ) 
4 993 1452 (-1024 -1024 -48 ) (-1024 -1024 48 ) (-1024 -976 48 ) (-1024 -976 -48 ) 
4 993 1240 (-992 -1024 48 ) (-1024 -1024 48 ) (-1024 -1024 -48 ) (-992 -1024 -48 ) 
4 993 994 (-1024 -1024 -48 ) (-1024 -976 -48 ) (-1008 -976 -48 ) (-1008 -1024 -48 ) 
4 994 1462 (-1024 -1024 -304 ) (-1024 -1024 -144 ) (-1024 -976 -144 ) (-1024 -976 -304 ) 
4 994 1461 (-1024 -1024 -144 ) (-1024 -1024 -48 ) (-1024 -976 -48 ) (-1024 -976 -144 ) 
4 994 1252 (-1024 -1024 -224 ) (-1024 -1024 -304 ) (-992 -1024 -304 ) (-992 -1024 -224 ) 
4 994 1251 (-1024 -1024 -160 ) (-1024 -1024 -224 ) (-992 -1024 -224 ) (-992 -1024 -160 ) 
4 994 1250 (-1024 -1024 -144 ) (-1024 -1024 -160 ) (-992 -1024 -160 ) (-992 -1024 -144 ) 
4 994 1249 (-1024 -1024 -112 ) (-1024 -1024 -144 ) (-992 -1024 -144 ) (-992 -1024 -112 ) 
5 994 1244 (-1024 -1024 -48 ) (-1024 -1024 -112 ) (-992 -1024 -112 ) (-992 -1024 -64.001923 ) (-1008 -1024 -48 ) 
4 994 1011 (-992 -1024 -304 ) (-1024 -1024 -304 ) (-1024 -976 -304 ) (-992 -976 -304 ) 
4 995 1462 (-1024 -400 -304 ) (-1024 -368 -304 ) (-1024 -368 -336 ) (-1024 -400 -336 ) 
4 995 996 (-1024 -400 -336 ) (-944 -400 -336 ) (-944 -400 -304 ) (-1024 -400 -304 ) 
4 996 1462 (-1024 -592 -304 ) (-1024 -400 -304 ) (-1024 -400 -336 ) (-1024 -592 -336 ) 
4 996 997 (-1024 -592 -336 ) (-416 -592 -336 ) (-416 -592 -304 ) (-1024 -592 -304 ) 
4 997 1462 (-1024 -656 -304 ) (-1024 -592 -304 ) (-1024 -592 -336 ) (-1024 -656 -336 ) 
4 997 998 (-544 -656 -336 ) (-440 -656 -336 ) (-440 -656 -304 ) (-544 -656 -304 ) 
4 997 1000 (-1024 -656 -336 ) (-544 -656 -336 ) (-544 -656 -304 ) (-1024 -656 -304 ) 
3 998 999 (-544 -664 -304 ) (-544 -664 -324.001038 ) (-503.997925 -664 -304 ) 
4 998 1000 (-544 -656 -304 ) (-544 -656 -336 ) (-544 -664 -336 ) (-544 -664 -304 ) 
4 999 1003 (-520 -696 -304 ) (-536 -696 -304 ) (-536 -696 -320.001038 ) (-520 -696 -312.001038 ) 
4 999 1004 (-536 -696 -304 ) (-544 -696 -304 ) (-544 -696 -324.001038 ) (-536 -696 -320.001038 ) 
3 999 1002 (-503.997925 -696 -304 ) (-520 -696 -304 ) (-520 -696 -312.001038 ) 
4 999 1000 (-544 -696 -324.001038 ) (-544 -696 -304 ) (-544 -664 -304 ) (-544 -664 -324.001038 ) 
4 1000 1462 (-1024 -696 -304 ) (-1024 -656 -304 ) (-1024 -656 -336 ) (-1024 -696 -336 ) 
4 1000 1004 (-1024 -696 -336 ) (-544 -696 -336 ) (-544 -696 -304 ) (-1024 -696 -304 ) 
4 1001 1002 (-504 -696 -304 ) (-504 -696 -312 ) (-504 -888 -312 ) (-504 -888 -304 ) 
3 1002 1006 (-504 -888 -304 ) (-520 -888 -304 ) (-520 -888 -312.001038 ) 
4 1002 1003 (-520 -696 -304 ) (-520 -696 -320 ) (-520 -888 -320 ) (-520 -888 -304 ) 
4 1003 1006 (-520 -888 -312.001038 ) (-520 -888 -304 ) (-536 -888 -304 ) (-536 -888 -320.001038 ) 
4 1003 1004 (-536 -696 -304 ) (-536 -696 -328 ) (-536 -888 -328 ) (-536 -888 -304 ) 
4 1004 1462 (-1024 -888 -304 ) (-1024 -696 -304 ) (-1024 -696 -336 ) (-1024 -888 -336 ) 
4 1004 1006 (-536 -888 -320.001038 ) (-536 -888 -304 ) (-544 -888 -304 ) (-544 -888 -324.001038 ) 
4 1004 1008 (-1024 -888 -336 ) (-544 -888 -336 ) (-544 -888 -304 ) (-1024 -888 -304 ) 
4 1005 1009 (-440 -976 -336 ) (-424 -976 -336 ) (-424 -976 -304 ) (-440 -976 -304 ) 
4 1005 1007 (-440 -928 -336 ) (-440 -976 -336 ) (-440 -976 -304 ) (-440 -928 -304 ) 
3 1006 1007 (-544 -920 -304 ) (-544 -920 -324.001038 ) (-503.997925 -920 -304 ) 
4 1006 1008 (-544 -888 -304 ) (-544 -888 -324.001038 ) (-544 -920 -324.001038 ) (-544 -920 -304 ) 
4 1007 1009 (-544 -976 -336 ) (-440 -976 -336 ) (-440 -976 -304 ) (-544 -976 -304 ) 
4 1007 1008 (-544 -920 -336 ) (-544 -976 -336 ) (-544 -976 -304 ) (-544 -920 -304 ) 
4 1008 1462 (-1024 -976 -304 ) (-1024 -888 -304 ) (-1024 -888 -336 ) (-1024 -976 -336 ) 
4 1008 1011 (-1024 -976 -336 ) (-992 -976 -336 ) (-992 -976 -304 ) (-1024 -976 -304 ) 
4 1008 1009 (-952 -976 -336 ) (-544 -976 -336 ) (-544 -976 -304 ) (-952 -976 -304 ) 
4 1010 1252 (-976 -1024 -304 ) (-992 -1024 -304 ) (-992 -1024 -336 ) (-976 -1024 -336 ) 
4 1010 1011 (-992 -1000 -336 ) (-992 -1024 -336 ) (-992 -1024 -304 ) (-992 -1000 -304 ) 
4 1011 1462 (-1024 -1024 -336 ) (-1024 -1024 -304 ) (-1024 -976 -304 ) (-1024 -976 -336 ) 
4 1011 1252 (-992 -1024 -304 ) (-1024 -1024 -304 ) (-1024 -1024 -336 ) (-992 -1024 -336 ) 
4 1012 1014 (2048 -1264 -48 ) (2080 -1296 -48 ) (2080 -1296 48 ) (2048 -1264 16 ) 
4 1012 1013 (2080 -1296 48 ) (2080 -1296 144 ) (2048 -1264 144 ) (2048 -1264 48 ) 
4 1013 1018 (2048 -1296 112 ) (2048 -1296 48 ) (2048 -1420 48 ) (2048 -1420 112 ) 
4 1013 1015 (2048 -1420 144 ) (2048 -1296 144 ) (2048 -1296 112 ) (2048 -1420 112 ) 
3 1013 1014 (2080 -1296 48 ) (2048 -1420 48 ) (2048 -1296 48 ) 
5 1014 1019 (2048 -1420 48 ) (2048 -1296 48 ) (2048 -1264 16 ) (2048 -1264 -48 ) (2048 -1420 -48 ) 
6 1015 1018 (1920 -1760 112 ) (1920 -1296 112 ) (2048 -1296 112 ) (2048 -1420 112 ) (1963.130493 -1748.869507 112 ) (1952 -1760 112 ) 
3 1015 1017 (1952 -1792 112 ) (1920 -1792 112 ) (1963.130493 -1748.869507 112 ) 
4 1015 1016 (1920 -1296 144 ) (1920 -1296 112 ) (1920 -1760 112 ) (1920 -1760 144 ) 
4 1016 1025 (1408 -1760 144 ) (1408 -1296 144 ) (1408 -1296 112 ) (1408 -1760 112 ) 
4 1016 1018 (1408 -1760 112 ) (1408 -1296 112 ) (1920 -1296 112 ) (1920 -1760 112 ) 
3 1017 1019 (1952 -1792 48 ) (1920 -1792 48 ) (1963.130493 -1748.869507 48 ) 
5 1017 1018 (1963.126953 -1748.873047 112 ) (1963.126953 -1748.873047 48 ) (1920 -1792 48 ) (1920 -1792 80 ) (1952 -1760 112 ) 
4 1018 1028 (1408 -1792 80 ) (1408 -1760 112 ) (1408 -1296 112 ) (1408 -1296 80 ) 
4 1018 1027 (1408 -1296 48 ) (1408 -1792 48 ) (1408 -1792 80 ) (1408 -1296 80 ) 
6 1018 1019 (1920 -1792 48 ) (1408 -1792 48 ) (1408 -1296 48 ) (2048 -1296 48 ) (2048 -1420 48 ) (1963.130493 -1748.869507 48 ) 
4 1019 1045 (1408 -1712 -48 ) (1408 -1792 -48 ) (1408 -1792 48 ) (1408 -1712 48 ) 
5 1019 1036 (1408 -1264 16 ) (1408 -1264 -48 ) (1408 -1712 -48 ) (1408 -1712 48 ) (1408 -1296 48 ) 
4 1020 1021 (1432 -1604 -180 ) (1432 -1372 -180 ) (1432 -1372 -336 ) (1432 -1604 -336 ) 
4 1021 1023 (1424 -1368 -176 ) (1424 -1368 -336 ) (1424 -1608 -336 ) (1424 -1608 -176 ) 
4 1022 1044 (1408 -1296 -176 ) (1408 -1296 -336 ) (1408 -1336 -336 ) (1408 -1336 -176 ) 
4 1022 1042 (1408 -1336 -144 ) (1408 -1296 -144 ) (1408 -1296 -176 ) (1408 -1336 -176 ) 
4 1023 1043 (1408 -1368 -176 ) (1408 -1368 -336 ) (1408 -1608 -336 ) (1408 -1608 -176 ) 
4 1023 1042 (1408 -1608 -144 ) (1408 -1368 -144 ) (1408 -1368 -176 ) (1408 -1608 -176 ) 
4 1024 1043 (1408 -1640 -176 ) (1408 -1640 -336 ) (1408 -1712 -336 ) (1408 -1712 -176 ) 
4 1024 1042 (1408 -1712 -144 ) (1408 -1640 -144 ) (1408 -1640 -176 ) (1408 -1712 -176 ) 
4 1025 1029 (1272 -1760 144 ) (1272 -1296 144 ) (1272 -1296 112 ) (1272 -1760 112 ) 
4 1025 1028 (1376 -1296 112 ) (1408 -1296 112 ) (1408 -1760 112 ) (1376 -1760 112 ) 
4 1025 1027 (1272 -1760 112 ) (1272 -1296 112 ) (1376 -1296 112 ) (1376 -1760 112 ) 
4 1025 1026 (1272 -1760 144 ) (1272 -1760 112 ) (1376 -1760 112 ) (1376 -1760 144 ) 
4 1026 1051 (1376 -2048 144 ) (1272 -2048 144 ) (1272 -2048 112 ) (1376 -2048 112 ) 
4 1026 1029 (1272 -2048 112 ) (1272 -2048 144 ) (1272 -1760 144 ) (1272 -1760 112 ) 
4 1026 1027 (1272 -2048 112 ) (1272 -1760 112 ) (1376 -1760 112 ) (1376 -2048 112 ) 
5 1027 1052 (1408 -2048 48 ) (1408 -2048 80 ) (1376 -2048 112 ) (1272 -2048 112 ) (1272 -2048 48 ) 
4 1027 1045 (1408 -1712 48 ) (1408 -2048 48 ) (1272 -2048 48 ) (1272 -1712 48 ) 
4 1027 1038 (1368 -1712 48 ) (1288 -1712 48 ) (1288 -1296 48 ) (1368 -1296 48 ) 
4 1027 1037 (1288 -1712 48 ) (1272 -1712 48 ) (1272 -1296 48 ) (1288 -1296 48 ) 
4 1027 1036 (1408 -1296 48 ) (1408 -1712 48 ) (1368 -1712 48 ) (1368 -1296 48 ) 
4 1027 1029 (1272 -1296 48 ) (1272 -2048 48 ) (1272 -2048 112 ) (1272 -1296 112 ) 
4 1027 1028 (1408 -1792 80 ) (1408 -1296 80 ) (1376 -1296 112 ) (1376 -1760 112 ) 
4 1029 1098 (1024 -1624 48 ) (1024 -1672 48 ) (1024 -1672 144 ) (1024 -1624 144 ) 
4 1029 1099 (1024 -1672 48 ) (1024 -2048 48 ) (1024 -2048 144 ) (1024 -1672 144 ) 
4 1029 1091 (1024 -1560 48 ) (1024 -1624 48 ) (1024 -1624 144 ) (1024 -1560 144 ) 
4 1029 1085 (1024 -1520 48 ) (1024 -1560 48 ) (1024 -1560 144 ) (1024 -1520 144 ) 
4 1029 1061 (1024 -1072 48 ) (1024 -1520 48 ) (1024 -1520 144 ) (1024 -1072 144 ) 
4 1029 1052 (1024 -2048 112 ) (1024 -2048 48 ) (1272 -2048 48 ) (1272 -2048 112 ) 
4 1029 1051 (1272 -2048 144 ) (1024 -2048 144 ) (1024 -2048 112 ) (1272 -2048 112 ) 
4 1029 1046 (1024 -2048 48 ) (1024 -1712 48 ) (1264 -1712 48 ) (1264 -2048 48 ) 
4 1029 1045 (1264 -1712 48 ) (1272 -1712 48 ) (1272 -2048 48 ) (1264 -2048 48 ) 
4 1029 1037 (1024 -1712 48 ) (1024 -1248 48 ) (1272 -1248 48 ) (1272 -1712 48 ) 
4 1029 1034 (1184 -1072 48 ) (1216 -1072 48 ) (1216 -1248 48 ) (1184 -1248 48 ) 
4 1029 1033 (1024 -1248 48 ) (1024 -1072 48 ) (1184 -1072 48 ) (1184 -1248 48 ) 
4 1029 1031 (1216 -1072 48 ) (1272 -1072 48 ) (1272 -1248 48 ) (1216 -1248 48 ) 
4 1030 1040 (1304 -1248 -48 ) (1304 -1248 -176 ) (1320 -1248 -176 ) (1320 -1248 -48 ) 
4 1030 1037 (1304 -1248 32 ) (1304 -1248 -48 ) (1320 -1248 -48 ) (1320 -1248 16 ) 
5 1030 1032 (1304 -1248 15.998001 ) (1304 -1248 32 ) (1304 -1215.998047 32 ) (1304 -1200 16.003897 ) (1304 -1200 15.998027 ) 
4 1030 1031 (1304 -1200 -176 ) (1304 -1248 -176 ) (1304 -1248 15.998001 ) (1304 -1200 15.998027 ) 
4 1031 1040 (1216 -1248 -48 ) (1216 -1248 -176 ) (1304 -1248 -176 ) (1304 -1248 -48 ) 
5 1031 1037 (1272 -1248 48 ) (1216 -1248 48 ) (1216 -1248 -48 ) (1304 -1248 -48 ) (1304 -1248 15.998016 ) 
4 1031 1035 (1288 -1248 -176 ) (1216 -1248 -176 ) (1216 -1056 -176 ) (1288 -1056 -176 ) 
5 1031 1034 (1216 -1248 15.998016 ) (1216 -1248 48 ) (1216 -1072 48 ) (1216 -1040 16 ) (1216 -1040 15.997978 ) 
4 1031 1033 (1216 -1040 -176 ) (1216 -1248 -176 ) (1216 -1248 15.998016 ) (1216 -1040 15.997978 ) 
4 1031 1032 (1304 -1248 16 ) (1304 -1199.996216 16 ) (1272.001953 -1232 48 ) (1272.001953 -1248 48 ) 
4 1032 1037 (1288 -1248 48 ) (1272 -1248 48 ) (1304 -1248 15.998016 ) (1304 -1248 32 ) 
4 1033 1063 (1024 -1024 16 ) (1024 -1024 0 ) (1024 -1072 48 ) (1024 -1056 48 ) 
5 1033 1062 (1024 -1024 0 ) (1024 -1024 -176 ) (1024 -1248 -176 ) (1024 -1248 48 ) (1024 -1072 48 ) 
4 1033 1040 (1024 -1248 -48 ) (1024 -1248 -176 ) (1216 -1248 -176 ) (1216 -1248 -48 ) 
5 1033 1037 (1184 -1248 48 ) (1024 -1248 48 ) (1024 -1248 -48 ) (1216 -1248 -48 ) (1216 -1248 15.998016 ) 
4 1033 1035 (1216 -1248 -176 ) (1024 -1248 -176 ) (1024 -1056 -176 ) (1216 -1056 -176 ) 
4 1033 1034 (1184 -1248 48 ) (1216 -1248 15.998010 ) (1216 -1039.998047 15.998016 ) (1184 -1072 48 ) 
3 1034 1037 (1216 -1248 48 ) (1184 -1248 48 ) (1216 -1248 15.998016 ) 
4 1035 1067 (1024 -1056 -336 ) (1024 -1248 -336 ) (1024 -1248 -176 ) (1024 -1056 -176 ) 
4 1035 1043 (1288 -1248 -176 ) (1024 -1248 -176 ) (1024 -1248 -336 ) (1288 -1248 -336 ) 
4 1036 1045 (1408 -1712 -48 ) (1408 -1712 48 ) (1368 -1712 48 ) (1368 -1712 -48 ) 
4 1036 1042 (1368 -1696 -48 ) (1368 -1264 -48 ) (1392 -1264 -48 ) (1392 -1696 -48 ) 
5 1036 1038 (1368 -1712 -32 ) (1368 -1712 48 ) (1368 -1296 48 ) (1368 -1264 16 ) (1368 -1264 -32 ) 
4 1036 1037 (1368 -1264 -48 ) (1368 -1712 -48 ) (1368 -1712 -32 ) (1368 -1264 -32 ) 
3 1037 1101 (1024 -1672 48 ) (1024 -1624 48 ) (1024 -1624 0 ) 
5 1037 1100 (1024 -1712 -48 ) (1024 -1712 48 ) (1024 -1672 48 ) (1024 -1624 0 ) (1024 -1624 -48 ) 
4 1037 1092 (1024 -1624 48 ) (1024 -1560 48 ) (1024 -1560 -48 ) (1024 -1624 -48 ) 
4 1037 1085 (1024 -1560 48 ) (1024 -1520 48 ) (1024 -1520 -48 ) (1024 -1560 -48 ) 
4 1037 1073 (1024 -1520 48 ) (1024 -1328 48 ) (1024 -1328 -48 ) (1024 -1520 -48 ) 
4 1037 1068 (1024 -1328 48 ) (1024 -1288 48 ) (1024 -1288 -48 ) (1024 -1328 -48 ) 
4 1037 1062 (1024 -1288 48 ) (1024 -1248 48 ) (1024 -1248 -48 ) (1024 -1288 -48 ) 
4 1037 1046 (1264 -1712 48 ) (1024 -1712 48 ) (1024 -1712 -48 ) (1264 -1712 -48 ) 
5 1037 1045 (1288 -1712 48 ) (1264 -1712 48 ) (1264 -1712 -48 ) (1368 -1712 -48 ) (1368 -1712 -32 ) 
4 1037 1042 (1248 -1696 -48 ) (1248 -1264 -48 ) (1368 -1264 -48 ) (1368 -1696 -48 ) 
4 1037 1041 (1248 -1712 -48 ) (1024 -1712 -48 ) (1024 -1264 -48 ) (1248 -1264 -48 ) 
4 1037 1040 (1024 -1264 -48 ) (1024 -1248 -48 ) (1368 -1248 -48 ) (1368 -1264 -48 ) 
4 1037 1039 (1335.997925 -1248 0 ) (1319.997925 -1248 16 ) (1287.997925 -1280 48 ) (1287.997803 -1296 48 ) 
5 1037 1038 (1287.996094 -1712 48 ) (1368 -1712 -32.002003 ) (1368 -1248 -32.001987 ) (1335.997925 -1248 0 ) (1287.997803 -1296 48 ) 
3 1038 1045 (1368 -1712 48 ) (1288 -1712 48 ) (1368 -1712 -32 ) 
5 1038 1039 (1368 -1264 16 ) (1368 -1248 0 ) (1335.996094 -1248 0 ) (1287.996094 -1296 48 ) (1336 -1296 48 ) 
4 1040 1062 (1024 -1264 -48 ) (1024 -1248 -48 ) (1024 -1248 -176 ) (1024 -1264 -176 ) 
4 1040 1043 (1024 -1264 -176 ) (1024 -1248 -176 ) (1288 -1248 -176 ) (1304 -1264 -176 ) 
3 1040 1042 (1368 -1264 -168 ) (1368 -1264 -48 ) (1248 -1264 -48 ) 
5 1040 1041 (1024 -1264 -176 ) (1368 -1264 -176 ) (1368 -1264 -168 ) (1248 -1264 -48 ) (1024 -1264 -48 ) 
4 1041 1100 (1024 -1712 -176 ) (1024 -1712 -48 ) (1024 -1624 -48 ) (1024 -1624 -176 ) 
3 1041 1095 (1024 -1560 -80 ) (1024 -1560 -96 ) (1024 -1576 -80 ) 
5 1041 1094 (1024 -1560 -96 ) (1024 -1560 -176 ) (1024 -1624 -176 ) (1024 -1624 -80 ) (1024 -1576 -80 ) 
4 1041 1092 (1024 -1624 -48 ) (1024 -1560 -48 ) (1024 -1560 -80 ) (1024 -1624 -80 ) 
4 1041 1086 (1024 -1520 -80 ) (1024 -1520 -176 ) (1024 -1560 -176 ) (1024 -1560 -80 ) 
4 1041 1085 (1024 -1560 -48 ) (1024 -1520 -48 ) (1024 -1520 -80 ) (1024 -1560 -80 ) 
4 1041 1073 (1024 -1520 -48 ) (1024 -1328 -48 ) (1024 -1328 -176 ) (1024 -1520 -176 ) 
4 1041 1068 (1024 -1328 -48 ) (1024 -1288 -48 ) (1024 -1288 -176 ) (1024 -1328 -176 ) 
4 1041 1062 (1024 -1288 -48 ) (1024 -1264 -48 ) (1024 -1264 -176 ) (1024 -1288 -176 ) 
4 1041 1050 (1024 -1712 -144 ) (1024 -1712 -176 ) (1264 -1712 -176 ) (1264 -1712 -144 ) 
4 1041 1048 (1296 -1712 -176 ) (1376 -1712 -176 ) (1344 -1712 -144 ) (1296 -1712 -144 ) 
5 1041 1047 (1248 -1712 -48 ) (1024 -1712 -48 ) (1024 -1712 -144 ) (1264 -1712 -144 ) (1264 -1712 -64 ) 
3 1041 1044 (1376 -1280 -176 ) (1376 -1336 -176 ) (1320 -1280 -176 ) 
5 1041 1043 (1376 -1712 -176 ) (1024 -1712 -176 ) (1024 -1264 -176 ) (1304 -1264 -176 ) (1376 -1336 -176 ) 
5 1041 1042 (1376 -1712 -176 ) (1376 -1264 -176 ) (1248 -1264 -48 ) (1248 -1696 -48 ) (1264 -1712 -64 ) 
4 1042 1048 (1408 -1712 -176 ) (1408 -1712 -144 ) (1344 -1712 -144 ) (1376 -1712 -176 ) 
4 1042 1044 (1376 -1336 -176 ) (1376 -1280 -176 ) (1408 -1280 -176 ) (1408 -1368 -176 ) 
4 1042 1043 (1408 -1712 -176 ) (1376 -1712 -176 ) (1376 -1336 -176 ) (1408 -1368 -176 ) 
4 1043 1105 (1024 -1656 -176 ) (1024 -1624 -176 ) (1024 -1624 -336 ) (1024 -1656 -336 ) 
4 1043 1106 (1024 -1712 -336 ) (1024 -1712 -176 ) (1024 -1656 -176 ) (1024 -1656 -336 ) 
4 1043 1097 (1024 -1624 -176 ) (1024 -1560 -176 ) (1024 -1560 -336 ) (1024 -1624 -336 ) 
4 1043 1086 (1024 -1560 -176 ) (1024 -1520 -176 ) (1024 -1520 -336 ) (1024 -1560 -336 ) 
4 1043 1073 (1024 -1520 -176 ) (1024 -1328 -176 ) (1024 -1328 -336 ) (1024 -1520 -336 ) 
4 1043 1068 (1024 -1328 -176 ) (1024 -1288 -176 ) (1024 -1288 -336 ) (1024 -1328 -336 ) 
4 1043 1067 (1024 -1288 -176 ) (1024 -1248 -176 ) (1024 -1248 -336 ) (1024 -1288 -336 ) 
4 1043 1050 (1264 -1712 -176 ) (1024 -1712 -176 ) (1024 -1712 -336 ) (1264 -1712 -336 ) 
4 1043 1048 (1408 -1712 -336 ) (1408 -1712 -176 ) (1296 -1712 -176 ) (1296 -1712 -336 ) 
4 1043 1044 (1408 -1368 -336 ) (1320 -1280 -336 ) (1320.003906 -1280 -176 ) (1408 -1367.996094 -176 ) 
4 1045 1052 (1408 -2048 -48 ) (1408 -2048 48 ) (1264 -2048 48 ) (1264 -2048 -48 ) 
4 1045 1046 (1264 -1712 48 ) (1264 -1712 -48 ) (1264 -2048 -48 ) (1264 -2048 48 ) 
4 1046 1100 (1024 -2048 -48 ) (1024 -2048 48 ) (1024 -1712 48 ) (1024 -1712 -48 ) 
4 1046 1052 (1264 -2048 48 ) (1024 -2048 48 ) (1024 -2048 -48 ) (1264 -2048 -48 ) 
4 1046 1047 (1024 -1712 -48 ) (1248 -1712 -48 ) (1248 -2048 -48 ) (1024 -2048 -48 ) 
4 1047 1100 (1024 -2048 -144 ) (1024 -2048 -48 ) (1024 -1712 -48 ) (1024 -1712 -144 ) 
5 1047 1055 (1024 -2048 -48 ) (1024 -2048 -144 ) (1264 -2048 -144 ) (1264 -2048 -64 ) (1248 -2048 -48 ) 
4 1047 1050 (1024 -1712 -144 ) (1264 -1712 -144 ) (1264 -2048 -144 ) (1024 -2048 -144 ) 
4 1049 1056 (1280 -2048 -336 ) (1280 -2048 -144 ) (1264 -2048 -144 ) (1264 -2048 -336 ) 
4 1049 1050 (1264 -1744 -336 ) (1264 -2048 -336 ) (1264 -2048 -144 ) (1264 -1744 -144 ) 
4 1050 1106 (1024 -2048 -336 ) (1024 -2048 -176 ) (1024 -1712 -176 ) (1024 -1712 -336 ) 
4 1050 1100 (1024 -2048 -176 ) (1024 -2048 -144 ) (1024 -1712 -144 ) (1024 -1712 -176 ) 
4 1050 1057 (1264 -2048 -144 ) (1024 -2048 -144 ) (1024 -2048 -336 ) (1264 -2048 -336 ) 
4 1051 1383 (1024 -2048 144 ) (1024 -2048 112 ) (1024 -2056 112 ) (1024 -2056 144 ) 
4 1051 1052 (1024 -2056 112 ) (1024 -2048 112 ) (1376 -2048 112 ) (1376 -2056 112 ) 
4 1052 1383 (1024 -2056 112 ) (1024 -2048 112 ) (1024 -2048 -48 ) (1024 -2056 -48 ) 
4 1052 1055 (1024 -2056 -48 ) (1024 -2048 -48 ) (1248 -2048 -48 ) (1248 -2056 -48 ) 
5 1052 1053 (1264 -2056 -48 ) (1408 -2056 -48 ) (1408 -2056 80 ) (1376 -2056 112 ) (1264 -2056 112 ) 
4 1053 1054 (1376.002197 -2207.997559 111.997833 ) (1376.003906 -2208 111.996094 ) (1408 -2208 80 ) (1408 -2176 80 ) 
5 1055 1384 (1024 -2056 -48 ) (1024 -2048 -48 ) (1024 -2048 -144 ) (1024 -2072 -144 ) (1024 -2072 -64 ) 
4 1055 1057 (1024 -2072 -144 ) (1024 -2048 -144 ) (1264 -2048 -144 ) (1264 -2072 -144 ) 
4 1056 1057 (1264 -2048 -336 ) (1264 -2056 -336 ) (1264 -2056 -144 ) (1264 -2048 -144 ) 
4 1057 1384 (1024 -2072 -336 ) (1024 -2072 -144 ) (1024 -2048 -144 ) (1024 -2048 -336 ) 
4 1057 1058 (1248 -2072 -144 ) (1024 -2072 -144 ) (1024 -2072 -336 ) (1248 -2072 -336 ) 
4 1058 1385 (1024 -2088 -336 ) (1024 -2088 -144 ) (1024 -2072 -144 ) (1024 -2072 -336 ) 
4 1058 1059 (1208 -2088 -144 ) (1024 -2088 -144 ) (1024 -2088 -216 ) (1208 -2088 -216 ) 
4 1059 1387 (1024 -2096 -216 ) (1024 -2096 -144 ) (1024 -2088 -144 ) (1024 -2088 -216 ) 
4 1059 1060 (1024 -2096 -148 ) (1024 -2096 -212 ) (1204 -2096 -212 ) (1204 -2096 -148 ) 
4 1060 1389 (1024 -2100 -148 ) (1024 -2096 -148 ) (1024 -2096 -212 ) (1024 -2100 -212 ) 
4 1061 1089 (752 -1520 144 ) (744 -1520 144 ) (744 -1520 48 ) (752 -1520 48 ) 
4 1061 1085 (1024 -1520 48 ) (1024 -1520 144 ) (752 -1520 144 ) (752 -1520 48 ) 
4 1061 1081 (752 -1520 48 ) (744 -1520 48 ) (744 -1328 48 ) (752 -1328 48 ) 
4 1061 1078 (784 -1520 48 ) (752 -1520 48 ) (752 -1328 48 ) (784 -1328 48 ) 
4 1061 1077 (800 -1520 48 ) (784 -1520 48 ) (784 -1328 48 ) (800 -1328 48 ) 
4 1061 1076 (816 -1520 48 ) (800 -1520 48 ) (800 -1328 48 ) (816 -1328 48 ) 
4 1061 1075 (832 -1520 48 ) (816 -1520 48 ) (816 -1328 48 ) (832 -1328 48 ) 
4 1061 1074 (848 -1520 48 ) (832 -1520 48 ) (832 -1328 48 ) (848 -1328 48 ) 
4 1061 1073 (1024 -1520 48 ) (848 -1520 48 ) (848 -1328 48 ) (1024 -1328 48 ) 
4 1061 1072 (744 -1328 48 ) (744 -1288 48 ) (752 -1288 48 ) (752 -1328 48 ) 
4 1061 1069 (752 -1288 48 ) (856 -1288 48 ) (856 -1328 48 ) (752 -1328 48 ) 
4 1061 1068 (856 -1288 48 ) (1024 -1288 48 ) (1024 -1328 48 ) (856 -1328 48 ) 
4 1061 1064 (744 -1288 48 ) (744 -1072 48 ) (800 -1072 48 ) (800 -1288 48 ) 
4 1061 1062 (800 -1072 48 ) (1024 -1072 48 ) (1024 -1288 48 ) (800 -1288 48 ) 
4 1062 1070 (800 -1288 -80 ) (800 -1288 -176 ) (856 -1288 -176 ) (856 -1288 -80 ) 
4 1062 1069 (856 -1288 48 ) (800 -1288 48 ) (800 -1288 -80 ) (856 -1288 -80 ) 
4 1062 1068 (1024 -1288 48 ) (856 -1288 48 ) (856 -1288 -176 ) (1024 -1288 -176 ) 
4 1062 1067 (1024 -1288 -176 ) (800 -1288 -176 ) (800 -1056 -176 ) (1024 -1056 -176 ) 
3 1062 1066 (800 -1288 -96 ) (800 -1288 -80 ) (800 -1272 -80 ) 
5 1062 1065 (800 -1040 -176 ) (800 -1288 -176 ) (800 -1288 -96 ) (800 -1272 -80 ) (800 -1040 -80 ) 
5 1062 1064 (800 -1288 -80 ) (800 -1288 48 ) (800 -1072 48 ) (800 -1040 16 ) (800 -1040 -80 ) 
5 1062 1063 (800 -1024 -0.003906 ) (800 -1040.004028 16 ) (832 -1072.003906 48 ) (1024 -1072.003906 48 ) (1024 -1024 -0.003906 ) 
5 1064 1072 (752 -1288 48 ) (744 -1288 48 ) (712 -1288 16 ) (712 -1288 -80 ) (752 -1288 -80 ) 
4 1064 1069 (800 -1288 48 ) (752 -1288 48 ) (752 -1288 -80 ) (800 -1288 -80 ) 
4 1064 1066 (800 -1272 -80 ) (800 -1288 -80 ) (768.002014 -1288 -80 ) (768.002014 -1272 -80 ) 
4 1064 1065 (800 -1040 -80 ) (800 -1272 -80 ) (712 -1272 -80 ) (712 -1040 -80 ) 
4 1065 1070 (752 -1288 -176 ) (800 -1288 -176 ) (800 -1288 -96 ) (752 -1288 -96 ) 
4 1065 1067 (800 -1288 -176 ) (728 -1288 -176 ) (728 -1056 -176 ) (800 -1056 -176 ) 
4 1065 1066 (752 -1288 -96.001625 ) (800 -1288 -96.001625 ) (800 -1271.998047 -80 ) (768.002014 -1271.998047 -80 ) 
4 1066 1070 (752.002014 -1288 -96 ) (800 -1288 -96 ) (800 -1288 -80 ) (768.002014 -1288 -80 ) 
4 1067 1071 (752 -1288 -336 ) (856 -1288 -336 ) (856 -1288 -324 ) (752 -1288 -272 ) 
4 1067 1070 (856 -1288 -324 ) (856 -1288 -176 ) (752 -1288 -176 ) (752 -1288 -272 ) 
4 1067 1068 (856 -1288 -336 ) (1024 -1288 -336 ) (1024 -1288 -176 ) (856 -1288 -176 ) 
4 1068 1073 (1024 -1328 48 ) (856 -1328 48 ) (856 -1328 -336 ) (1024 -1328 -336 ) 
4 1068 1071 (856 -1288 -324 ) (856 -1288 -336 ) (856 -1296 -336 ) (856 -1296 -324 ) 
4 1068 1070 (856 -1288 -80 ) (856 -1288 -324 ) (856 -1328 -324 ) (856 -1328 -80 ) 
4 1068 1069 (856 -1288 48 ) (856 -1288 -80 ) (856 -1328 -80 ) (856 -1328 48 ) 
4 1069 1078 (784 -1328 48 ) (752 -1328 48 ) (752 -1328 -80 ) (784 -1328 -80 ) 
4 1069 1077 (800 -1328 48 ) (784 -1328 48 ) (784 -1328 -80 ) (800 -1328 -80 ) 
4 1069 1076 (816 -1328 48 ) (800 -1328 48 ) (800 -1328 -80 ) (816 -1328 -80 ) 
4 1069 1075 (832 -1328 48 ) (816 -1328 48 ) (816 -1328 -80 ) (832 -1328 -80 ) 
4 1069 1074 (848 -1328 48 ) (832 -1328 48 ) (832 -1328 -80 ) (848 -1328 -80 ) 
4 1069 1073 (856 -1328 48 ) (848 -1328 48 ) (848 -1328 -80 ) (856 -1328 -80 ) 
4 1069 1072 (752 -1288 48 ) (752 -1288 -80 ) (752 -1328 -80 ) (752 -1328 48 ) 
4 1069 1070 (768.002075 -1288 -80 ) (856 -1288 -80 ) (856 -1328 -80 ) (768.002075 -1328 -80 ) 
5 1070 1079 (752 -1328 -96.002090 ) (752 -1328 -272 ) (784 -1328 -288 ) (784 -1328 -80 ) (768.002075 -1328 -80 ) 
4 1070 1077 (784 -1328 -288 ) (800 -1328 -296 ) (800 -1328 -80 ) (784 -1328 -80 ) 
4 1070 1076 (800 -1328 -296 ) (816 -1328 -304 ) (816 -1328 -80 ) (800 -1328 -80 ) 
4 1070 1075 (816 -1328 -304 ) (832 -1328 -312 ) (832 -1328 -80 ) (816 -1328 -80 ) 
4 1070 1074 (832 -1328 -312 ) (848 -1328 -320 ) (848 -1328 -80 ) (832 -1328 -80 ) 
4 1070 1073 (848 -1328 -320 ) (856 -1328 -324 ) (856 -1328 -80 ) (848 -1328 -80 ) 
4 1070 1071 (752 -1296 -272 ) (752 -1288 -272 ) (856 -1288 -324 ) (856 -1296 -324 ) 
5 1072 1081 (752 -1328 48 ) (744 -1328 48 ) (712 -1328 16 ) (712 -1328 -80 ) (752 -1328 -80 ) 
4 1073 1087 (856 -1520 -324 ) (856 -1520 -80 ) (848 -1520 -80 ) (848 -1520 -320 ) 
4 1073 1086 (856 -1520 -336 ) (1024 -1520 -336 ) (1024 -1520 -80 ) (856 -1520 -80 ) 
4 1073 1085 (1024 -1520 -80 ) (1024 -1520 48 ) (848 -1520 48 ) (848 -1520 -80 ) 
4 1073 1074 (848 -1328 48 ) (848 -1328 -328 ) (848 -1520 -328 ) (848 -1520 48 ) 
4 1074 1087 (848 -1520 -320 ) (848 -1520 -80 ) (832 -1520 -80 ) (832 -1520 -312 ) 
4 1074 1085 (848 -1520 -80 ) (848 -1520 48 ) (832 -1520 48 ) (832 -1520 -80 ) 
4 1074 1075 (832 -1328 48 ) (832 -1328 -320 ) (832 -1520 -320 ) (832 -1520 48 ) 
4 1075 1087 (832 -1520 -312 ) (832 -1520 -80 ) (816 -1520 -80 ) (816 -1520 -304 ) 
4 1075 1085 (832 -1520 -80 ) (832 -1520 48 ) (816 -1520 48 ) (816 -1520 -80 ) 
4 1075 1076 (816 -1328 48 ) (816 -1328 -312 ) (816 -1520 -312 ) (816 -1520 48 ) 
4 1076 1087 (816 -1520 -304 ) (816 -1520 -80 ) (800 -1520 -80 ) (800 -1520 -296 ) 
4 1076 1085 (816 -1520 -80 ) (816 -1520 48 ) (800 -1520 48 ) (800 -1520 -80 ) 
4 1076 1077 (800 -1328 48 ) (800 -1328 -304 ) (800 -1520 -304 ) (800 -1520 48 ) 
4 1077 1087 (800 -1520 -296 ) (800 -1520 -80 ) (784 -1520 -80 ) (784 -1520 -288 ) 
4 1077 1085 (800 -1520 -80 ) (800 -1520 48 ) (784 -1520 48 ) (784 -1520 -80 ) 
4 1077 1080 (784 -1328 -288 ) (784 -1328 -296 ) (784 -1520 -296 ) (784 -1520 -288 ) 
4 1077 1079 (784 -1328 -80 ) (784 -1328 -288 ) (784 -1520 -288 ) (784 -1520 -80 ) 
4 1077 1078 (784 -1328 48 ) (784 -1328 -80 ) (784 -1520 -80 ) (784 -1520 48 ) 
4 1078 1085 (784 -1520 -80 ) (784 -1520 48 ) (752 -1520 48 ) (752 -1520 -80 ) 
4 1078 1081 (752 -1328 48 ) (752 -1328 -80 ) (752 -1520 -80 ) (752 -1520 48 ) 
4 1078 1079 (768.002075 -1328 -80 ) (784 -1328 -80 ) (784 -1520 -80 ) (768.002075 -1520 -80 ) 
5 1079 1087 (784 -1520 -288 ) (784 -1520 -80 ) (768.002075 -1520 -80 ) (752 -1520 -96.002090 ) (752 -1520 -272 ) 
4 1079 1082 (752 -1328 -152 ) (752 -1328 -280 ) (752 -1520 -280 ) (752 -1520 -152 ) 
4 1079 1080 (768 -1328 -288 ) (784 -1328 -288 ) (784 -1520 -288 ) (768 -1520 -288 ) 
5 1081 1090 (752 -1520 -80 ) (752 -1520 48 ) (744 -1520 48 ) (712 -1520 16 ) (712 -1520 -80 ) 
4 1082 1083 (712 -1520 -280 ) (712 -1520 -152 ) (712 -1328 -152 ) (712 -1328 -280 ) 
4 1083 1084 (544 -1360 -168 ) (544 -1360 -280 ) (544 -1488 -280 ) (544 -1488 -168 ) 
4 1084 1190 (480 -1488 -280 ) (480 -1488 -224 ) (480 -1360 -224 ) (480 -1360 -280 ) 
4 1084 1162 (480 -1488 -224 ) (480 -1488 -168 ) (480 -1360 -168 ) (480 -1360 -224 ) 
4 1085 1092 (1024 -1560 -80 ) (1024 -1560 48 ) (752 -1560 48 ) (752 -1560 -80 ) 
4 1085 1091 (1024 -1560 48 ) (1024 -1560 144 ) (752 -1560 144 ) (752 -1560 48 ) 
4 1085 1090 (752 -1520 48 ) (752 -1520 -80 ) (752 -1560 -80 ) (752 -1560 48 ) 
4 1085 1089 (752 -1520 144 ) (752 -1520 48 ) (752 -1560 48 ) (752 -1560 144 ) 
4 1085 1087 (768.002075 -1552 -80 ) (768.002075 -1520 -80 ) (856 -1520 -80 ) (856 -1552 -80 ) 
4 1085 1088 (856 -1560 -80 ) (768.002075 -1560 -80 ) (768.002075 -1552 -80 ) (856 -1552 -80 ) 
4 1085 1086 (1024 -1560 -80 ) (856 -1560 -80 ) (856 -1520 -80 ) (1024 -1520 -80 ) 
4 1086 1097 (856 -1560 -336 ) (1024 -1560 -336 ) (1024 -1560 -176 ) (856 -1560 -176 ) 
4 1086 1095 (1024 -1560 -96 ) (1024 -1560 -80 ) (856 -1560 -80 ) (856 -1560 -96 ) 
4 1086 1094 (1024 -1560 -176 ) (1024 -1560 -96 ) (856 -1560 -96 ) (856 -1560 -176 ) 
4 1086 1087 (856 -1552 -80 ) (856 -1520 -80 ) (856 -1520 -324 ) (856 -1552 -324 ) 
4 1086 1088 (856 -1560 -336 ) (856 -1560 -80 ) (856 -1552 -80 ) (856 -1552 -336 ) 
5 1087 1088 (856 -1552 -324 ) (856 -1552 -80 ) (768.003906 -1552 -80 ) (752 -1552 -96.003906 ) (752 -1552 -272 ) 
4 1088 1097 (752 -1560 -336 ) (856 -1560 -336 ) (856 -1560 -176 ) (752 -1560 -176 ) 
4 1088 1095 (856 -1560 -96 ) (856 -1560 -80 ) (768.002075 -1560 -80 ) (752.002075 -1560 -96 ) 
5 1088 1094 (856 -1560 -176 ) (856 -1560 -96 ) (752.002075 -1560 -96 ) (752 -1560 -96.002090 ) (752 -1560 -176 ) 
4 1089 1091 (752 -1560 48 ) (752 -1560 144 ) (744 -1560 144 ) (744 -1560 48 ) 
4 1089 1090 (744 -1520 48 ) (752 -1520 48 ) (752 -1560 48 ) (744 -1560 48 ) 
5 1090 1092 (752 -1560 -80 ) (752 -1560 48 ) (744 -1560 48 ) (712 -1560 16 ) (712 -1560 -80 ) 
4 1091 1098 (1024 -1624 48 ) (1024 -1624 144 ) (744 -1624 144 ) (744 -1624 48 ) 
4 1091 1092 (1024 -1624 48 ) (744 -1624 48 ) (744 -1560 48 ) (1024 -1560 48 ) 
5 1092 1101 (1024 -1624 0 ) (1024 -1624 48 ) (744 -1624 48 ) (712 -1624 16 ) (712 -1624 0 ) 
4 1092 1100 (1024 -1624 -80 ) (1024 -1624 0 ) (712 -1624 0 ) (712 -1624 -80 ) 
4 1092 1096 (712 -1624 -80 ) (712 -1624 16 ) (712 -1576 16 ) (712 -1576 -80 ) 
4 1092 1095 (768.002075 -1560 -80 ) (1024 -1560 -80 ) (1024 -1576 -80 ) (768.002075 -1576 -80 ) 
4 1092 1094 (1024 -1624 -80 ) (712 -1624 -80 ) (712 -1576 -80 ) (1024 -1576 -80 ) 
4 1092 1093 (712 -1576 16 ) (712 -1624 16 ) (744 -1624 48 ) (744 -1608 48 ) 
4 1093 1101 (744 -1624 48 ) (728 -1624 48 ) (712 -1624 32 ) (712 -1624 16 ) 
4 1093 1096 (712 -1624 16 ) (712 -1624 32 ) (712 -1592 32 ) (712 -1576 16 ) 
4 1094 1100 (1024 -1624 -176 ) (1024 -1624 -80 ) (712 -1624 -80 ) (712 -1624 -176 ) 
4 1094 1097 (1024 -1624 -176 ) (728 -1624 -176 ) (728 -1560 -176 ) (1024 -1560 -176 ) 
4 1094 1096 (712 -1576 -176 ) (712 -1624 -176 ) (712 -1624 -80 ) (712 -1576 -80 ) 
4 1094 1095 (1024 -1560 -95.998375 ) (752.003662 -1560 -95.998367 ) (768.002075 -1575.998047 -80 ) (1024 -1575.998047 -80 ) 
4 1096 1101 (696 -1624 16 ) (696 -1624 0 ) (712 -1624 0 ) (712 -1624 32 ) 
4 1096 1100 (696 -1624 0 ) (696 -1624 -176 ) (712 -1624 -176 ) (712 -1624 0 ) 
4 1097 1105 (728 -1624 -336 ) (1024 -1624 -336 ) (1024 -1624 -176 ) (728 -1624 -176 ) 
4 1098 1101 (744 -1624 48 ) (1024 -1624 48 ) (1024 -1672 48 ) (744 -1672 48 ) 
4 1098 1099 (744 -1672 48 ) (1024 -1672 48 ) (1024 -1672 144 ) (744 -1672 144 ) 
4 1099 1383 (1024 -2048 48 ) (1024 -2048 144 ) (616 -2048 144 ) (616 -2048 48 ) 
4 1099 1108 (616 -1672 48 ) (616 -2048 48 ) (616 -2048 144 ) (616 -1672 144 ) 
4 1099 1103 (640 -2048 48 ) (616 -2048 48 ) (616 -1672 48 ) (640 -1672 48 ) 
4 1099 1100 (1024 -2048 48 ) (640 -2048 48 ) (640 -1672 48 ) (1024 -1672 48 ) 
4 1100 1384 (1024 -2048 -176 ) (1024 -2048 -48 ) (640 -2048 -48 ) (640 -2048 -176 ) 
4 1100 1383 (1024 -2048 -48 ) (1024 -2048 48 ) (640 -2048 48 ) (640 -2048 -48 ) 
4 1100 1105 (728 -1624 -176 ) (1024 -1624 -176 ) (1024 -1656 -176 ) (696 -1656 -176 ) 
4 1100 1106 (1024 -1656 -176 ) (1024 -2048 -176 ) (640 -2048 -176 ) (640 -1656 -176 ) 
4 1100 1104 (640 -1640 -176 ) (640 -2048 -176 ) (640 -2048 -48 ) (640 -1640 -48 ) 
5 1100 1103 (640 -2048 -48 ) (640 -2048 48 ) (640 -1672 48 ) (640 -1640 16 ) (640 -1640 -48 ) 
5 1100 1102 (680 -1624 0 ) (640 -1624 0 ) (640 -1640 16 ) (672 -1672 48 ) (728 -1672 48 ) 
4 1100 1101 (1024 -1624 0 ) (680 -1624 0 ) (728 -1672 48 ) (1024 -1672 48 ) 
4 1101 1102 (679.996094 -1624 -0.003906 ) (728 -1672.003906 48 ) (728 -1656 48 ) (695.998169 -1624 15.998146 ) 
4 1103 1383 (640 -2048 48 ) (616 -2048 48 ) (616 -2048 -48 ) (640 -2048 -48 ) 
4 1103 1108 (616 -2048 -48 ) (616 -2048 48 ) (616 -1672 48 ) (616 -1672 -48 ) 
4 1103 1107 (616 -1672 48 ) (616 -1640 16 ) (616 -1640 -48 ) (616 -1672 -48 ) 
4 1103 1104 (632 -1640 -48 ) (640 -1640 -48 ) (640 -2048 -48 ) (632 -2048 -48 ) 
5 1104 1384 (616 -2048 -64 ) (616 -2048 -176 ) (640 -2048 -176 ) (640 -2048 -48 ) (632 -2048 -48 ) 
4 1104 1110 (616 -1752 -176 ) (616 -1992 -176 ) (616 -1992 -144 ) (616 -1752 -144 ) 
4 1104 1111 (616 -2024 -176 ) (616 -2048 -176 ) (616 -2048 -144 ) (616 -2024 -144 ) 
4 1104 1109 (616 -1656 -176 ) (616 -1720 -176 ) (616 -1720 -144 ) (616 -1656 -144 ) 
4 1104 1106 (616 -2048 -176 ) (616 -1656 -176 ) (640 -1656 -176 ) (640 -2048 -176 ) 
4 1105 1106 (1024 -1656 -176 ) (696 -1656 -176 ) (696 -1656 -336 ) (1024 -1656 -336 ) 
4 1106 1384 (1024 -2048 -336 ) (1024 -2048 -176 ) (616 -2048 -176 ) (616 -2048 -336 ) 
4 1106 1110 (616 -1752 -336 ) (616 -1992 -336 ) (616 -1992 -176 ) (616 -1752 -176 ) 
4 1106 1111 (616 -2024 -336 ) (616 -2048 -336 ) (616 -2048 -176 ) (616 -2024 -176 ) 
4 1106 1109 (616 -1656 -336 ) (616 -1720 -336 ) (616 -1720 -176 ) (616 -1656 -176 ) 
4 1107 1112 (600 -1640 -48 ) (600 -1672 -48 ) (600 -1672 48 ) (600 -1640 16 ) 
4 1107 1108 (600 -1672 -48 ) (616 -1672 -48 ) (616 -1672 48 ) (600 -1672 48 ) 
4 1108 1391 (607.833496 -2048 -48 ) (616 -2048 -48 ) (616 -2048 144 ) (607.833496 -2048 144 ) 
4 1108 1120 (600 -1992 -48 ) (600 -2040.326416 -48 ) (600 -2040.326416 144 ) (600 -1992 144 ) 
4 1108 1115 (600 -1752 -48 ) (600 -1992 -48 ) (600 -1992 144 ) (600 -1752 144 ) 
4 1108 1114 (600 -1720 -48 ) (600 -1752 -48 ) (600 -1752 144 ) (600 -1720 144 ) 
4 1108 1113 (600 -1672 -48 ) (600 -1720 -48 ) (600 -1720 144 ) (600 -1672 144 ) 
4 1110 1116 (600 -1752 -336 ) (600 -1992 -336 ) (600 -1992 -176 ) (600 -1752 -176 ) 
4 1111 1397 (600 -2048 -160 ) (600 -2048 -336 ) (616 -2048 -336 ) (616 -2048 -160 ) 
4 1111 1392 (600 -2048 -144 ) (600 -2048 -160 ) (616 -2048 -160 ) (616 -2048 -144 ) 
4 1112 1121 (568 -1640 -48 ) (568 -1672 -48 ) (568 -1672 48 ) (568 -1640 16 ) 
4 1112 1113 (568 -1672 48 ) (568 -1672 -48 ) (600 -1672 -48 ) (600 -1672 48 ) 
4 1113 1122 (568 -1672 -48 ) (568 -1720 -48 ) (568 -1720 144 ) (568 -1672 144 ) 
4 1113 1114 (568 -1720 144 ) (568 -1720 -48 ) (600 -1720 -48 ) (600 -1720 144 ) 
4 1114 1122 (568 -1752 -48 ) (568 -1752 144 ) (568 -1720 144 ) (568 -1720 -48 ) 
4 1114 1118 (568 -1752 144 ) (568 -1752 -48 ) (576 -1752 -48 ) (576 -1752 144 ) 
4 1114 1115 (576 -1752 -48 ) (600 -1752 -48 ) (600 -1752 144 ) (576 -1752 144 ) 
4 1115 1120 (600 -1992 -48 ) (600 -1992 144 ) (576 -1992 144 ) (576 -1992 -48 ) 
4 1115 1118 (576 -1752 144 ) (576 -1752 -48 ) (576 -1992 -48 ) (576 -1992 144 ) 
4 1116 1117 (592 -1756 -180 ) (592 -1756 -336 ) (592 -1988 -336 ) (592 -1988 -180 ) 
4 1117 1119 (576 -1756 -336 ) (576 -1988 -336 ) (576 -1988 -180 ) (576 -1756 -180 ) 
4 1118 1122 (568 -1992 -48 ) (568 -1992 144 ) (568 -1752 144 ) (568 -1752 -48 ) 
4 1118 1120 (568 -1992 144 ) (568 -1992 -48 ) (576 -1992 -48 ) (576 -1992 144 ) 
4 1119 1130 (568 -1752 -336 ) (568 -1992 -336 ) (568 -1992 -328 ) (568 -1752 -328 ) 
4 1119 1127 (568 -1992 -328 ) (568 -1992 -176 ) (568 -1752 -176 ) (568 -1752 -328 ) 
4 1120 1122 (568 -2008.979492 144 ) (568 -1992 144 ) (568 -1992 -48 ) (568 -2008.979492 -48 ) 
4 1121 1148 (480 -1640 -32 ) (480 -1640 -48 ) (480 -1672 -48 ) (480 -1672 -32 ) 
4 1121 1142 (480 -1640 -16 ) (480 -1640 -32 ) (480 -1672 -32 ) (480 -1672 -16 ) 
4 1121 1132 (480 -1640 16 ) (480 -1640 -16 ) (480 -1672 -16 ) (480 -1672 48 ) 
4 1121 1122 (480 -1672 -48 ) (568 -1672 -48 ) (568 -1672 48 ) (480 -1672 48 ) 
4 1122 1148 (480 -1672 -32 ) (480 -1672 -48 ) (480 -1922.775391 -48 ) (480 -1922.775391 -32 ) 
4 1122 1142 (480 -1672 -16 ) (480 -1672 -32 ) (480 -1922.775391 -32 ) (480 -1922.775391 -16 ) 
4 1122 1134 (480 -1922.775391 144 ) (480 -1672 144 ) (480 -1672 -16 ) (480 -1922.775391 -16 ) 
4 1123 1127 (480 -1832 -160 ) (480 -1720 -160 ) (568 -1720 -160 ) (568 -1832 -160 ) 
4 1124 1127 (480 -1960 -160 ) (480 -1848 -160 ) (568 -1848 -160 ) (568 -1960 -160 ) 
4 1125 1127 (480 -2024 -160 ) (480 -1976 -160 ) (568 -1976 -160 ) (568 -2024 -160 ) 
4 1126 1200 (480 -1720 -328 ) (480 -1720 -224 ) (480 -1716 -224 ) (480 -1716 -328 ) 
4 1126 1163 (480 -1720 -224 ) (480 -1720 -160 ) (480 -1716 -160 ) (480 -1716 -224 ) 
4 1126 1127 (496 -1720 -160 ) (480 -1720 -160 ) (480 -1720 -328 ) (496 -1720 -328 ) 
4 1127 1201 (480 -1992.015991 -328 ) (480 -2024 -328 ) (480 -2024 -224 ) (480 -1992.015991 -224 ) 
4 1127 1200 (480 -1720 -224 ) (480 -1720 -328 ) (480 -1992.015991 -328 ) (480 -1992.015991 -224 ) 
4 1127 1163 (480 -2024 -160 ) (480 -1720 -160 ) (480 -1720 -224 ) (480 -2024 -224 ) 
3 1127 1131 (480 -2020 -328 ) (480 -2016 -328 ) (496 -2016 -328 ) 
4 1127 1130 (480 -2016 -328 ) (480 -1728 -328 ) (568 -1728 -328 ) (568 -2016 -328 ) 
3 1127 1129 (480 -1728 -328 ) (480 -1724 -328 ) (496 -1728 -328 ) 
4 1127 1128 (480 -2024 -328 ) (496 -2024 -328 ) (496 -2024 -160 ) (480 -2024 -160 ) 
4 1128 1201 (480 -2024 -224 ) (480 -2024 -328 ) (480 -2028 -328 ) (480 -2028 -224 ) 
4 1128 1163 (480 -2028 -160 ) (480 -2024 -160 ) (480 -2024 -224 ) (480 -2028 -224 ) 
4 1129 1204 (480 -1724 -336 ) (480 -1727 -336 ) (480 -1727 -328 ) (480 -1724 -328 ) 
4 1129 1203 (480 -1727 -336 ) (480 -1728 -336 ) (480 -1728 -328 ) (480 -1727 -328 ) 
4 1129 1130 (496 -1728 -328 ) (480 -1728 -328 ) (480 -1728 -336 ) (496 -1728 -336 ) 
4 1130 1203 (480 -1728 -336 ) (480 -2016 -336 ) (480 -2016 -328 ) (480 -1728 -328 ) 
4 1130 1131 (496 -2016 -328 ) (480 -2016 -328 ) (480 -2016 -336 ) (496 -2016 -336 ) 
4 1131 1203 (480 -2016 -336 ) (480 -2020 -336 ) (480 -2020 -328 ) (480 -2016 -328 ) 
4 1132 1142 (480 -1640 -16 ) (480 -1672 -16 ) (224 -1672 -16 ) (224 -1640 -16 ) 
4 1132 1134 (224 -1672 -16 ) (480 -1672 -16 ) (480 -1672 48 ) (224 -1672 48 ) 
3 1132 1133 (256 -1640 16 ) (224 -1640 16 ) (224 -1672 48 ) 
3 1134 1142 (480 -1672 -16 ) (480 -1922.775391 -16 ) (224 -1672 -16 ) 
4 1135 1143 (352 -1024 -32 ) (480 -1024 -32 ) (480 -1064 -32 ) (352 -1064 -32 ) 
4 1136 1143 (480 -1080 -32 ) (480 -1096 -32 ) (352 -1096 -32 ) (352 -1080 -32 ) 
4 1137 1145 (480 -1120 -32 ) (480 -1192 -32 ) (352 -1192 -32 ) (352 -1120 -32 ) 
4 1138 1145 (480 -1208 -32 ) (480 -1296 -32 ) (352 -1296 -32 ) (352 -1208 -32 ) 
4 1138 1139 (352 -1296 -32 ) (480 -1296 -32 ) (480 -1296 -16 ) (352 -1296 -16 ) 
4 1139 1146 (272 -1296 -32 ) (352 -1296 -32 ) (352 -1320 -32 ) (272 -1320 -32 ) 
4 1139 1145 (352 -1296 -32 ) (480 -1296 -32 ) (480 -1320 -32 ) (352 -1320 -32 ) 
4 1140 1146 (352 -1448 -32 ) (272 -1448 -32 ) (272 -1336 -32 ) (352 -1336 -32 ) 
4 1140 1145 (480 -1336 -32 ) (480 -1448 -32 ) (352 -1448 -32 ) (352 -1336 -32 ) 
4 1141 1146 (352 -1520 -32 ) (272 -1520 -32 ) (272 -1464 -32 ) (352 -1464 -32 ) 
4 1141 1145 (480 -1464 -32 ) (480 -1520 -32 ) (352 -1520 -32 ) (352 -1464 -32 ) 
4 1142 1148 (224 -1640 -32 ) (480 -1640 -32 ) (480 -1922.775269 -32 ) (224 -1672 -32 ) 
4 1143 1170 (352 -1024 -160 ) (364 -1024 -160 ) (364 -1096 -160 ) (352 -1096 -160 ) 
4 1143 1169 (364 -1024 -160 ) (368 -1024 -160 ) (368 -1096 -160 ) (364 -1096 -160 ) 
4 1143 1166 (368 -1024 -160 ) (464 -1024 -160 ) (464 -1096 -160 ) (368 -1096 -160 ) 
4 1143 1160 (468 -1024 -160 ) (480 -1024 -160 ) (480 -1096 -160 ) (468 -1096 -160 ) 
4 1143 1161 (464 -1024 -160 ) (468 -1024 -160 ) (468 -1096 -160 ) (464 -1096 -160 ) 
4 1143 1144 (364 -1096 -160 ) (468 -1096 -160 ) (468 -1096 -96 ) (364 -1096 -96 ) 
4 1144 1169 (368 -1120 -160 ) (364 -1120 -160 ) (364 -1096 -160 ) (368 -1096 -160 ) 
4 1144 1166 (464 -1120 -160 ) (368 -1120 -160 ) (368 -1096 -160 ) (464 -1096 -160 ) 
4 1144 1161 (468 -1120 -160 ) (464 -1120 -160 ) (464 -1096 -160 ) (468 -1096 -160 ) 
4 1144 1145 (364 -1120 -160 ) (468 -1120 -160 ) (468 -1120 -96 ) (364 -1120 -96 ) 
4 1145 1171 (368 -1520 -160 ) (352 -1520 -160 ) (352 -1120 -160 ) (368 -1120 -160 ) 
4 1145 1166 (464 -1520 -160 ) (368 -1520 -160 ) (368 -1120 -160 ) (464 -1120 -160 ) 
4 1145 1162 (480 -1120 -160 ) (480 -1520 -160 ) (464 -1520 -160 ) (464 -1120 -160 ) 
4 1145 1146 (352 -1296 -160 ) (352 -1520 -160 ) (352 -1520 -32 ) (352 -1296 -32 ) 
4 1146 1179 (336 -1520 -160 ) (272 -1520 -160 ) (272 -1296 -160 ) (336 -1296 -160 ) 
4 1146 1175 (352 -1296 -160 ) (352 -1520 -160 ) (336 -1520 -160 ) (336 -1296 -160 ) 
4 1147 1245 (0 -1024 -112 ) (0 -1024 -160 ) (0 -1152 -160 ) (0 -1152 -112 ) 
4 1147 1243 (0 -1024 -96 ) (0 -1024 -112 ) (0 -1152 -112 ) (0 -1152 -96 ) 
4 1147 1181 (0 -1024 -160 ) (160 -1024 -160 ) (160 -1152 -160 ) (0 -1152 -160 ) 
4 1149 1168 (368 -1576 -160 ) (368 -1560 -160 ) (464 -1560 -160 ) (464 -1576 -160 ) 
4 1150 1168 (368 -1704 -160 ) (368 -1592 -160 ) (464 -1592 -160 ) (464 -1704 -160 ) 
4 1151 1168 (464 -1832 -160 ) (368 -1832 -160 ) (368 -1720 -160 ) (464 -1720 -160 ) 
4 1151 1154 (368 -1832 -160 ) (368 -1832 -144 ) (368 -1720 -144 ) (368 -1720 -160 ) 
4 1152 1274 (0 -1560 -160 ) (0 -1576 -160 ) (0 -1576 -144 ) (0 -1560 -144 ) 
4 1152 1183 (0 -1576 -160 ) (0 -1560 -160 ) (272 -1560 -160 ) (272 -1576 -160 ) 
4 1152 1180 (272 -1560 -160 ) (336 -1560 -160 ) (336 -1576 -160 ) (272 -1576 -160 ) 
4 1153 1275 (0 -1592 -160 ) (0 -1704 -160 ) (0 -1704 -144 ) (0 -1592 -144 ) 
4 1153 1183 (0 -1704 -160 ) (0 -1592 -160 ) (272 -1592 -160 ) (272 -1704 -160 ) 
4 1153 1180 (272 -1592 -160 ) (336 -1592 -160 ) (336 -1704 -160 ) (272 -1704 -160 ) 
3 1154 1172 (360 -1735.998901 -160 ) (360 -1720 -160 ) (364 -1720 -160 ) 
5 1154 1174 (368 -1832 -160 ) (360 -1832 -160 ) (360 -1735.998901 -160 ) (364 -1720 -160 ) (368 -1720 -160 ) 
4 1155 1280 (0 -1720 -160 ) (0 -1832 -160 ) (0 -1832 -144 ) (0 -1720 -144 ) 
4 1155 1183 (272 -1832 -160 ) (0 -1832 -160 ) (0 -1720 -160 ) (272 -1720 -160 ) 
4 1155 1180 (336 -1832 -160 ) (272 -1832 -160 ) (272 -1720 -160 ) (336 -1720 -160 ) 
3 1155 1177 (340 -1720 -160 ) (344 -1720 -160 ) (344 -1736 -160 ) 
5 1155 1178 (344 -1832 -160 ) (336 -1832 -160 ) (336 -1720 -160 ) (340 -1720 -160 ) (344 -1736 -160 ) 
4 1156 1174 (368 -1960 -160 ) (360 -1960 -160 ) (360 -1848 -160 ) (368 -1848 -160 ) 
4 1156 1168 (464 -1960 -160 ) (368 -1960 -160 ) (368 -1848 -160 ) (464 -1848 -160 ) 
4 1157 1284 (0 -1848 -160 ) (0 -1960 -160 ) (0 -1960 -144 ) (0 -1848 -144 ) 
4 1157 1183 (272 -1960 -160 ) (0 -1960 -160 ) (0 -1848 -160 ) (272 -1848 -160 ) 
4 1157 1180 (336 -1960 -160 ) (272 -1960 -160 ) (272 -1848 -160 ) (336 -1848 -160 ) 
4 1157 1178 (344 -1960 -160 ) (336 -1960 -160 ) (336 -1848 -160 ) (344 -1848 -160 ) 
4 1158 1393 (360 -2048 -160 ) (464 -2048 -160 ) (464 -2048 -144 ) (360 -2048 -144 ) 
4 1158 1174 (368 -2048 -160 ) (360 -2048 -160 ) (360 -1976 -160 ) (368 -1976 -160 ) 
4 1158 1168 (464 -2048 -160 ) (368 -2048 -160 ) (368 -1976 -160 ) (464 -1976 -160 ) 
4 1159 1394 (0 -2048 -144 ) (0 -2048 -160 ) (344 -2048 -160 ) (344 -2048 -144 ) 
4 1159 1288 (0 -1976 -160 ) (0 -2048 -160 ) (0 -2048 -144 ) (0 -1976 -144 ) 
4 1159 1183 (272 -2048 -160 ) (0 -2048 -160 ) (0 -1976 -160 ) (272 -1976 -160 ) 
4 1159 1180 (336 -2048 -160 ) (272 -2048 -160 ) (272 -1976 -160 ) (336 -1976 -160 ) 
4 1159 1178 (344 -2048 -160 ) (336 -2048 -160 ) (336 -1976 -160 ) (344 -1976 -160 ) 
4 1160 1161 (468 -1024 -224 ) (468 -1096 -224 ) (468 -1096 -160 ) (468 -1024 -160 ) 
4 1161 1166 (464 -1024 -224 ) (464 -1120 -224 ) (464 -1120 -160 ) (464 -1024 -160 ) 
4 1161 1162 (464 -1120 -160 ) (464 -1120 -224 ) (468 -1120 -224 ) (468 -1120 -160 ) 
4 1162 1189 (480 -1200 -224 ) (480 -1216 -224 ) (464 -1216 -224 ) (464 -1200 -224 ) 
4 1162 1190 (480 -1216 -224 ) (480 -1520 -224 ) (464 -1520 -224 ) (464 -1216 -224 ) 
4 1162 1188 (480 -1184 -224 ) (480 -1200 -224 ) (464 -1200 -224 ) (464 -1184 -224 ) 
4 1162 1187 (480 -1168 -224 ) (480 -1184 -224 ) (464 -1184 -224 ) (464 -1168 -224 ) 
4 1162 1186 (480 -1152 -224 ) (480 -1168 -224 ) (464 -1168 -224 ) (464 -1152 -224 ) 
4 1162 1185 (480 -1136 -224 ) (480 -1152 -224 ) (464 -1152 -224 ) (464 -1136 -224 ) 
4 1162 1184 (480 -1120 -224 ) (480 -1136 -224 ) (464 -1136 -224 ) (464 -1120 -224 ) 
4 1162 1166 (464 -1120 -224 ) (464 -1520 -224 ) (464 -1520 -160 ) (464 -1120 -160 ) 
3 1163 1201 (480 -1992.015869 -224 ) (480 -2028 -224 ) (468.001282 -2039.998779 -224 ) 
5 1163 1200 (480 -1716 -224 ) (480 -1992.015869 -224 ) (468.001282 -2039.998779 -224 ) (464 -2044 -224 ) (464 -1700 -224 ) 
4 1163 1168 (464 -1700 -224 ) (464 -2044 -224 ) (464 -2044 -160 ) (464 -1700 -160 ) 
4 1163 1165 (468.001862 -1704.003296 -224 ) (464 -1700.001953 -224 ) (464 -1700.001953 -160 ) (468.002014 -1704.004028 -160 ) 
4 1163 1164 (464 -2044 -160 ) (464 -2044 -224 ) (468.001343 -2039.998657 -224 ) (468.001343 -2039.998657 -160 ) 
4 1164 1398 (464 -2048 -224 ) (466 -2048 -224 ) (466 -2048 -160 ) (464 -2048 -160 ) 
4 1164 1200 (466 -2048 -224 ) (464 -2048 -224 ) (464 -2044 -224 ) (468.001282 -2039.998779 -224 ) 
4 1164 1168 (464 -2044 -224 ) (464 -2048 -224 ) (464 -2048 -160 ) (464 -2044 -160 ) 
3 1165 1202 (468.001404 -1704.001587 -224 ) (464 -1700 -224 ) (464 -1688 -224 ) 
4 1165 1168 (464 -1688 -224 ) (464 -1700 -224 ) (464 -1700 -160 ) (464 -1688 -160 ) 
4 1166 1189 (464 -1200 -224 ) (464 -1216 -224 ) (368 -1216 -224 ) (368 -1200 -224 ) 
4 1166 1190 (464 -1216 -224 ) (464 -1520 -224 ) (368 -1520 -224 ) (368 -1216 -224 ) 
4 1166 1188 (464 -1184 -224 ) (464 -1200 -224 ) (368 -1200 -224 ) (368 -1184 -224 ) 
4 1166 1187 (464 -1168 -224 ) (464 -1184 -224 ) (368 -1184 -224 ) (368 -1168 -224 ) 
4 1166 1186 (464 -1152 -224 ) (464 -1168 -224 ) (368 -1168 -224 ) (368 -1152 -224 ) 
4 1166 1185 (464 -1136 -224 ) (464 -1152 -224 ) (368 -1152 -224 ) (368 -1136 -224 ) 
4 1166 1184 (464 -1120 -224 ) (464 -1136 -224 ) (368 -1136 -224 ) (368 -1120 -224 ) 
4 1166 1171 (368 -1120 -224 ) (368 -1520 -224 ) (368 -1520 -160 ) (368 -1120 -160 ) 
4 1166 1169 (368 -1024 -224 ) (368 -1120 -224 ) (368 -1120 -160 ) (368 -1024 -160 ) 
4 1166 1167 (368 -1520 -168 ) (368 -1520 -224 ) (464 -1520 -224 ) (464 -1520 -168 ) 
4 1167 1191 (464 -1520 -224 ) (464 -1560 -224 ) (368 -1560 -224 ) (368 -1520 -224 ) 
4 1167 1168 (368 -1560 -168 ) (368 -1560 -224 ) (464 -1560 -224 ) (464 -1560 -168 ) 
4 1168 1398 (368 -2048 -224 ) (464 -2048 -224 ) (464 -2048 -160 ) (368 -2048 -160 ) 
4 1168 1209 (376 -2048 -224 ) (368 -2048 -224 ) (368 -1688 -224 ) (376 -1688 -224 ) 
3 1168 1202 (464 -1688 -224 ) (464 -1700 -224 ) (452 -1688 -224 ) 
5 1168 1200 (464 -1700 -224 ) (464 -2048 -224 ) (376 -2048 -224 ) (376 -1688 -224 ) (452 -1688 -224 ) 
4 1168 1197 (464 -1648 -224 ) (464 -1688 -224 ) (368 -1688 -224 ) (368 -1648 -224 ) 
4 1168 1196 (464 -1632 -224 ) (464 -1648 -224 ) (368 -1648 -224 ) (368 -1632 -224 ) 
4 1168 1195 (464 -1616 -224 ) (464 -1632 -224 ) (368 -1632 -224 ) (368 -1616 -224 ) 
4 1168 1194 (464 -1600 -224 ) (464 -1616 -224 ) (368 -1616 -224 ) (368 -1600 -224 ) 
4 1168 1191 (464 -1560 -224 ) (464 -1600 -224 ) (368 -1600 -224 ) (368 -1560 -224 ) 
4 1168 1174 (368 -1703.998901 -224 ) (368 -2048 -224 ) (368 -2048 -160 ) (368 -1703.998901 -160 ) 
4 1169 1171 (364 -1120 -224 ) (368 -1120 -224 ) (368 -1120 -160 ) (364 -1120 -160 ) 
4 1169 1170 (364 -1024 -224 ) (364 -1096 -224 ) (364 -1096 -160 ) (364 -1024 -160 ) 
4 1171 1189 (368 -1200 -224 ) (368 -1216 -224 ) (352 -1216 -224 ) (352 -1200 -224 ) 
4 1171 1190 (368 -1216 -224 ) (368 -1520 -224 ) (352 -1520 -224 ) (352 -1216 -224 ) 
4 1171 1188 (368 -1184 -224 ) (368 -1200 -224 ) (352 -1200 -224 ) (352 -1184 -224 ) 
4 1171 1187 (368 -1168 -224 ) (368 -1184 -224 ) (352 -1184 -224 ) (352 -1168 -224 ) 
4 1171 1186 (368 -1152 -224 ) (368 -1168 -224 ) (352 -1168 -224 ) (352 -1152 -224 ) 
4 1171 1185 (368 -1136 -224 ) (368 -1152 -224 ) (352 -1152 -224 ) (352 -1136 -224 ) 
4 1171 1184 (368 -1120 -224 ) (368 -1136 -224 ) (352 -1136 -224 ) (352 -1120 -224 ) 
4 1171 1175 (352 -1296 -224 ) (352 -1520 -224 ) (352 -1520 -160 ) (352 -1296 -160 ) 
3 1172 1212 (366 -1712.001709 -224 ) (352 -1767.998901 -224 ) (352 -1725.991699 -224 ) 
4 1172 1177 (352 -1725.991699 -224 ) (352 -1767.998901 -224 ) (352 -1767.998901 -160 ) (352 -1725.991699 -160 ) 
4 1172 1173 (360 -1718 -224 ) (352 -1725.995361 -224 ) (352 -1725.995361 -160 ) (360 -1718 -160 ) 
4 1172 1174 (352 -1768.001953 -160 ) (352 -1768.001953 -224 ) (366 -1712 -224 ) (366 -1712 -160 ) 
3 1173 1213 (359.995697 -1718.001343 -224 ) (352 -1725.991699 -224 ) (352 -1720 -224 ) 
4 1173 1176 (352 -1720 -224 ) (352 -1725.991699 -224 ) (352 -1725.991699 -160 ) (352 -1720 -160 ) 
4 1174 1398 (352 -2048 -224 ) (368 -2048 -224 ) (368 -2048 -160 ) (352 -2048 -160 ) 
4 1174 1214 (368 -1704 -224 ) (368 -2048 -224 ) (352 -2048 -224 ) (352 -1767.998901 -224 ) 
4 1174 1178 (352 -1767.998901 -224 ) (352 -2048 -224 ) (352 -2048 -160 ) (352 -1767.998901 -160 ) 
4 1175 1217 (352 -1296 -224 ) (352 -1520 -224 ) (336 -1520 -224 ) (336 -1296 -224 ) 
4 1175 1179 (336 -1296 -224 ) (336 -1520 -224 ) (336 -1520 -160 ) (336 -1296 -160 ) 
3 1176 1219 (352 -1720 -224 ) (352 -1725.998657 -224 ) (343.994446 -1717.998413 -224 ) 
4 1176 1177 (343.994110 -1717.998291 -224 ) (352 -1726 -224 ) (352 -1726 -160 ) (343.994110 -1717.998291 -160 ) 
3 1177 1220 (352 -1725.998657 -224 ) (352 -1768 -224 ) (338.002655 -1712.010620 -224 ) 
4 1177 1178 (338.002655 -1712.010620 -224 ) (352 -1768 -224 ) (352 -1768 -160 ) (338.002655 -1712.010620 -160 ) 
4 1178 1398 (336 -2048 -224 ) (352 -2048 -224 ) (352 -2048 -160 ) (336 -2048 -160 ) 
4 1178 1221 (352 -1768 -224 ) (352 -2048 -224 ) (336 -2048 -224 ) (336 -1704 -224 ) 
4 1178 1180 (336 -1704 -224 ) (336 -2048 -224 ) (336 -2048 -160 ) (336 -1704 -160 ) 
4 1179 1225 (336 -1296 -224 ) (336 -1520 -224 ) (272 -1520 -224 ) (272 -1296 -224 ) 
4 1179 1182 (272 -1312 -224 ) (272 -1368 -224 ) (272 -1368 -168 ) (272 -1312 -168 ) 
4 1180 1398 (272 -2048 -224 ) (336 -2048 -224 ) (336 -2048 -160 ) (272 -2048 -160 ) 
4 1180 1226 (336 -1560 -224 ) (336 -2048 -224 ) (272 -2048 -224 ) (272 -1560 -224 ) 
4 1180 1183 (272 -1560 -224 ) (272 -2048 -224 ) (272 -2048 -160 ) (272 -1560 -160 ) 
4 1181 1245 (0 -1024 -160 ) (0 -1024 -224 ) (0 -1152 -224 ) (0 -1152 -160 ) 
4 1182 1227 (264 -1312 -224 ) (272 -1312 -224 ) (272 -1368 -224 ) (264 -1368 -224 ) 
4 1183 1398 (0 -2048 -160 ) (0 -2048 -224 ) (272 -2048 -224 ) (272 -2048 -160 ) 
4 1183 1293 (0 -1560 -224 ) (0 -2048 -224 ) (0 -2048 -160 ) (0 -1560 -160 ) 
4 1183 1228 (0 -2048 -224 ) (0 -1560 -224 ) (272 -1560 -224 ) (272 -2048 -224 ) 
4 1184 1185 (352 -1136 -224 ) (352 -1136 -232 ) (480 -1136 -232 ) (480 -1136 -224 ) 
4 1185 1186 (352 -1152 -224 ) (352 -1152 -240 ) (480 -1152 -240 ) (480 -1152 -224 ) 
4 1186 1187 (352 -1168 -224 ) (352 -1168 -248 ) (480 -1168 -248 ) (480 -1168 -224 ) 
4 1187 1188 (352 -1184 -224 ) (352 -1184 -256 ) (480 -1184 -256 ) (480 -1184 -224 ) 
4 1188 1189 (352 -1200 -224 ) (352 -1200 -264 ) (480 -1200 -264 ) (480 -1200 -224 ) 
4 1189 1190 (352 -1216 -224 ) (352 -1216 -272 ) (480 -1216 -272 ) (480 -1216 -224 ) 
4 1190 1217 (352 -1520 -224 ) (352 -1296 -224 ) (352 -1296 -280 ) (352 -1520 -280 ) 
4 1190 1191 (368 -1520 -280 ) (464 -1520 -280 ) (464 -1520 -224 ) (368 -1520 -224 ) 
4 1191 1194 (368 -1600 -280 ) (464 -1600 -280 ) (464 -1600 -224 ) (368 -1600 -224 ) 
4 1191 1193 (464 -1600 -280 ) (368 -1600 -280 ) (368 -1584 -280 ) (464 -1584 -280 ) 
4 1191 1192 (368 -1584 -280 ) (368 -1568 -280 ) (464 -1568 -280 ) (464 -1584 -280 ) 
4 1192 1193 (368 -1584 -280 ) (368 -1584 -288 ) (464 -1584 -288 ) (464 -1584 -280 ) 
4 1193 1194 (464 -1600 -296 ) (464 -1600 -280 ) (368 -1600 -280 ) (368 -1600 -296 ) 
4 1194 1199 (368 -1600 -258 ) (368 -1600 -298 ) (368 -1616 -298 ) (368 -1616 -258 ) 
4 1194 1195 (368 -1616 -224 ) (368 -1616 -304 ) (464 -1616 -304 ) (464 -1616 -224 ) 
4 1195 1199 (368 -1632 -298 ) (368 -1632 -258 ) (368 -1616 -258 ) (368 -1616 -298 ) 
4 1195 1196 (368 -1632 -224 ) (368 -1632 -312 ) (464 -1632 -312 ) (464 -1632 -224 ) 
4 1196 1199 (368 -1648 -298 ) (368 -1648 -258 ) (368 -1632 -258 ) (368 -1632 -298 ) 
4 1196 1197 (368 -1648 -224 ) (368 -1648 -320 ) (464 -1648 -320 ) (464 -1648 -224 ) 
4 1197 1209 (376 -1688 -224 ) (368 -1688 -224 ) (368 -1688 -328 ) (376 -1688 -328 ) 
4 1197 1202 (464 -1688 -328 ) (464 -1688 -224 ) (452 -1688 -224 ) (452 -1688 -328 ) 
4 1197 1200 (452 -1688 -224 ) (376 -1688 -224 ) (376 -1688 -328 ) (452 -1688 -328 ) 
4 1197 1199 (368 -1688 -298 ) (368 -1688 -258 ) (368 -1648 -258 ) (368 -1648 -298 ) 
4 1197 1198 (456 -1664 -328 ) (456 -1688 -328 ) (376 -1688 -328 ) (376 -1664 -328 ) 
4 1198 1206 (452 -1688 -336 ) (456 -1688 -336 ) (456 -1688 -328 ) (452 -1688 -328 ) 
4 1198 1205 (441 -1688 -336 ) (452 -1688 -336 ) (452 -1688 -328 ) (441 -1688 -328 ) 
4 1198 1203 (376 -1688 -336 ) (441 -1688 -336 ) (441 -1688 -328 ) (376 -1688 -328 ) 
4 1199 1218 (352 -1688 -298 ) (352 -1688 -258 ) (352 -1600 -258 ) (352 -1600 -298 ) 
4 1200 1398 (466 -2048 -224 ) (376 -2048 -224 ) (376 -2048 -328 ) (466 -2048 -328 ) 
4 1200 1209 (376 -1688 -224 ) (376 -1688 -328 ) (376 -2048 -328 ) (376 -2048 -224 ) 
3 1200 1208 (458 -2048 -328 ) (449 -2048 -328 ) (461 -2036 -328 ) 
5 1200 1207 (376 -2048 -328 ) (376 -2046 -328 ) (472.535614 -2021.866211 -328 ) (471.669220 -2025.330933 -328 ) (449 -2048 -328 ) 
4 1200 1205 (441 -1688 -328 ) (452 -1688 -328 ) (457.333374 -1693.333496 -328 ) (461 -1708 -328 ) 
3 1200 1204 (480 -1724 -328 ) (480 -1727 -328 ) (476 -1723 -328 ) 
6 1200 1203 (376 -2046 -328 ) (376 -1688 -328 ) (441 -1688 -328 ) (480 -1727 -328 ) (480 -1992.016113 -328 ) (472.535614 -2021.866211 -328 ) 
4 1200 1202 (468.001343 -1704.001343 -328 ) (452 -1688 -328 ) (452 -1688 -224 ) (468.001343 -1704.001343 -224 ) 
4 1200 1201 (468 -2040 -328 ) (480 -1992.013428 -328 ) (480 -1992.013428 -224 ) (468 -2040 -224 ) 
3 1201 1207 (471.669220 -2025.330933 -328 ) (472.535614 -2021.866211 -328 ) (476 -2021 -328 ) 
3 1201 1203 (480 -1992.016113 -328 ) (480 -2020 -328 ) (472.535614 -2021.866211 -328 ) 
3 1202 1206 (452 -1688 -328 ) (456 -1688 -328 ) (457.333344 -1693.333496 -328 ) 
4 1203 1211 (376 -1704 -336 ) (376 -1713.005371 -336 ) (376 -1713.005371 -328 ) (376 -1704 -328 ) 
4 1203 1210 (376 -1713.005371 -336 ) (376 -2046 -336 ) (376 -2046 -328 ) (376 -1713.005371 -328 ) 
4 1203 1207 (476.001343 -2020.998657 -328 ) (376 -2046 -328 ) (376 -2046 -336 ) (476.001343 -2020.998657 -336 ) 
4 1203 1205 (441 -1688 -336 ) (441 -1688 -328 ) (461 -1708 -328 ) (460.998657 -1707.998657 -336 ) 
4 1203 1204 (476 -1723 -328 ) (480 -1727 -328 ) (480 -1727 -336 ) (476 -1723 -336 ) 
4 1205 1206 (452 -1688 -336 ) (452 -1688 -328 ) (457.333313 -1693.333374 -328 ) (457.331970 -1693.332031 -336 ) 
4 1207 1401 (376 -2048 -336 ) (449 -2048 -336 ) (449 -2048 -328 ) (376 -2048 -328 ) 
4 1207 1210 (376 -2046 -336 ) (376 -2048 -336 ) (376 -2048 -328 ) (376 -2046 -328 ) 
4 1207 1208 (461 -2036 -328 ) (449 -2048 -328 ) (449 -2048 -336 ) (461 -2036 -336 ) 
4 1208 1400 (456 -2048 -336 ) (458 -2048 -336 ) (458 -2048 -328 ) (456 -2048 -328 ) 
4 1208 1401 (449 -2048 -336 ) (456 -2048 -336 ) (456 -2048 -328 ) (449 -2048 -328 ) 
4 1209 1398 (376 -2048 -328 ) (376 -2048 -224 ) (368 -2048 -224 ) (368 -2048 -328 ) 
4 1209 1214 (368 -1703.998901 -328 ) (368 -2048 -328 ) (368 -2048 -224 ) (368 -1703.998901 -224 ) 
3 1209 1211 (376 -1704 -328 ) (376 -1713.005371 -328 ) (372.998627 -1716.005493 -328 ) 
4 1209 1210 (368 -2048 -328 ) (368 -1721.001953 -328 ) (376 -1713.005371 -328 ) (376 -2048 -328 ) 
4 1210 1401 (368 -2048 -336 ) (376 -2048 -336 ) (376 -2048 -328 ) (368 -2048 -328 ) 
4 1210 1215 (368 -1721.001953 -336 ) (368 -2048 -336 ) (368 -2048 -328 ) (368 -1721.001953 -328 ) 
4 1210 1211 (373 -1716.002930 -328 ) (376 -1713.003540 -328 ) (376 -1713.003540 -336 ) (373 -1716.002930 -336 ) 
4 1212 1220 (352 -1767.998901 -224 ) (352 -1725.991699 -224 ) (352 -1725.991699 -328 ) (352 -1767.998901 -328 ) 
4 1212 1216 (352 -1736.994629 -328 ) (352 -1728 -328 ) (362.666382 -1725.333374 -328 ) (362.333221 -1726.666016 -328 ) 
3 1212 1215 (352 -1767.998901 -328 ) (352 -1736.994629 -328 ) (362.333221 -1726.666016 -328 ) 
4 1212 1213 (360 -1718 -328 ) (352 -1725.994629 -328 ) (352 -1725.994629 -224 ) (360 -1718 -224 ) 
4 1212 1214 (352 -1768 -224 ) (352 -1768 -328 ) (366 -1712.001343 -328 ) (366 -1712.001343 -224 ) 
4 1213 1219 (352 -1725.991699 -224 ) (352 -1720 -224 ) (352 -1720 -328 ) (352 -1725.991699 -328 ) 
4 1214 1398 (368 -2048 -328 ) (368 -2048 -224 ) (352 -2048 -224 ) (352 -2048 -328 ) 
4 1214 1221 (352 -2048 -328 ) (352 -2048 -224 ) (352 -1767.998901 -224 ) (352 -1767.998901 -328 ) 
3 1214 1216 (362.333221 -1726.666016 -328 ) (362.666382 -1725.333374 -328 ) (364 -1725 -328 ) 
5 1214 1215 (352 -2048 -328 ) (352 -1767.998901 -328 ) (362.333221 -1726.666016 -328 ) (368 -1721.001831 -328 ) (368 -2048 -328 ) 
4 1215 1401 (352 -2048 -336 ) (368 -2048 -336 ) (368 -2048 -328 ) (352 -2048 -328 ) 
4 1215 1223 (352 -1768 -336 ) (352 -2048 -336 ) (352 -2048 -328 ) (352 -1768 -328 ) 
4 1215 1222 (352 -1736.994629 -336 ) (352 -1768 -336 ) (352 -1768 -328 ) (352 -1736.994629 -328 ) 
4 1215 1216 (352 -1736.992188 -336 ) (352 -1736.992188 -328 ) (363.997437 -1725 -328 ) (363.997437 -1725 -336 ) 
4 1216 1222 (352 -1728 -336 ) (352 -1736.994629 -336 ) (352 -1736.994629 -328 ) (352 -1728 -328 ) 
4 1217 1225 (336 -1520 -224 ) (336 -1296 -224 ) (336 -1296 -280 ) (336 -1520 -280 ) 
4 1218 1229 (336 -1688 -298 ) (336 -1688 -280 ) (336 -1600 -280 ) (336 -1600 -298 ) 
4 1218 1226 (336 -1688 -280 ) (336 -1688 -258 ) (336 -1600 -258 ) (336 -1600 -280 ) 
4 1219 1220 (343.994568 -1717.998413 -328 ) (352 -1725.998535 -328 ) (352 -1725.998535 -224 ) (343.994568 -1717.998413 -224 ) 
3 1220 1222 (352 -1728 -328 ) (352 -1768 -328 ) (341.333313 -1725.333252 -328 ) 
4 1220 1221 (338.002655 -1712.010620 -328 ) (352 -1768 -328 ) (352 -1768 -224 ) (338.002655 -1712.010620 -224 ) 
4 1221 1398 (352 -2048 -328 ) (352 -2048 -224 ) (336 -2048 -224 ) (336 -2048 -328 ) 
4 1221 1229 (336 -2048 -328 ) (336 -2048 -280 ) (336 -1704 -280 ) (336 -1704 -328 ) 
4 1221 1226 (336 -2048 -280 ) (336 -2048 -224 ) (336 -1704 -224 ) (336 -1704 -280 ) 
3 1221 1224 (336 -1724 -328 ) (336 -1721 -328 ) (340 -1725 -328 ) 
5 1221 1223 (336 -2048 -328 ) (336 -1724 -328 ) (341.333344 -1725.333374 -328 ) (352 -1768 -328 ) (352 -2048 -328 ) 
4 1222 1223 (352 -1768 -336 ) (352 -1768 -328 ) (341.333313 -1725.333252 -328 ) (341.333313 -1725.333252 -336 ) 
4 1223 1401 (336 -2048 -336 ) (352 -2048 -336 ) (352 -2048 -328 ) (336 -2048 -328 ) 
4 1223 1230 (336 -1724 -336 ) (336 -2048 -336 ) (336 -2048 -328 ) (336 -1724 -328 ) 
4 1223 1224 (340 -1725 -336 ) (336 -1724 -336 ) (336 -1724 -328 ) (340 -1725 -328 ) 
4 1224 1230 (336 -1721 -336 ) (336 -1724 -336 ) (336 -1724 -328 ) (336 -1721 -328 ) 
4 1225 1227 (272 -1312 -280 ) (272 -1368 -280 ) (272 -1368 -224 ) (272 -1312 -224 ) 
4 1226 1398 (272 -2048 -280 ) (336 -2048 -280 ) (336 -2048 -224 ) (272 -2048 -224 ) 
4 1226 1229 (336 -1560 -280 ) (336 -2048 -280 ) (272 -2048 -280 ) (272 -1560 -280 ) 
4 1226 1228 (272 -1560 -280 ) (272 -2048 -280 ) (272 -2048 -224 ) (272 -1560 -224 ) 
4 1228 1398 (0 -2048 -224 ) (0 -2048 -280 ) (272 -2048 -280 ) (272 -2048 -224 ) 
4 1228 1350 (0 -2016 -280 ) (0 -2048 -280 ) (0 -2048 -224 ) (0 -2016 -224 ) 
4 1228 1325 (0 -1688 -280 ) (0 -1720 -280 ) (0 -1720 -224 ) (0 -1688 -224 ) 
4 1228 1330 (0 -1720 -280 ) (0 -1728 -280 ) (0 -1728 -224 ) (0 -1720 -224 ) 
4 1228 1341 (0 -1728 -280 ) (0 -2016 -280 ) (0 -2016 -224 ) (0 -1728 -224 ) 
4 1228 1319 (0 -1568 -280 ) (0 -1688 -280 ) (0 -1688 -224 ) (0 -1568 -224 ) 
4 1228 1317 (0 -1560 -280 ) (0 -1568 -280 ) (0 -1568 -224 ) (0 -1560 -224 ) 
4 1228 1229 (272 -1560 -280 ) (272 -2048 -280 ) (0 -2048 -280 ) (0 -1560 -280 ) 
4 1229 1398 (0 -2048 -280 ) (0 -2048 -328 ) (336 -2048 -328 ) (336 -2048 -280 ) 
4 1229 1350 (0 -2016 -328 ) (0 -2048 -328 ) (0 -2048 -280 ) (0 -2016 -280 ) 
4 1229 1325 (0 -1688 -328 ) (0 -1720 -328 ) (0 -1720 -280 ) (0 -1688 -280 ) 
4 1229 1330 (0 -1720 -328 ) (0 -1728 -328 ) (0 -1728 -280 ) (0 -1720 -280 ) 
4 1229 1341 (0 -1728 -328 ) (0 -2016 -328 ) (0 -2016 -280 ) (0 -1728 -280 ) 
4 1229 1319 (0 -1568 -328 ) (0 -1688 -328 ) (0 -1688 -280 ) (0 -1568 -280 ) 
4 1229 1317 (0 -1560 -328 ) (0 -1568 -328 ) (0 -1568 -280 ) (0 -1560 -280 ) 
3 1229 1231 (331.001343 -1716.001343 -328 ) (328 -1713 -328 ) (328 -1704 -328 ) 
4 1229 1230 (336 -1721 -328 ) (336 -2048 -328 ) (328 -2048 -328 ) (328 -1713 -328 ) 
4 1229 1232 (0 -2048 -328 ) (0 -1568 -328 ) (328 -1568 -328 ) (328 -2048 -328 ) 
4 1230 1401 (328 -2048 -336 ) (336 -2048 -336 ) (336 -2048 -328 ) (328 -2048 -328 ) 
4 1230 1231 (328 -1713 -336 ) (328 -1713 -328 ) (331.001343 -1716.001343 -328 ) (331.001343 -1716.001343 -336 ) 
4 1230 1232 (328 -1713 -336 ) (328 -2048 -336 ) (328 -2048 -328 ) (328 -1713 -328 ) 
4 1231 1232 (328 -1704 -336 ) (328 -1713 -336 ) (328 -1713 -328 ) (328 -1704 -328 ) 
4 1232 1401 (0 -2048 -328 ) (0 -2048 -336 ) (328 -2048 -336 ) (328 -2048 -328 ) 
4 1232 1350 (0 -2016 -336 ) (0 -2048 -336 ) (0 -2048 -328 ) (0 -2016 -328 ) 
4 1232 1337 (0 -1720 -336 ) (0 -1728 -336 ) (0 -1728 -328 ) (0 -1720 -328 ) 
4 1232 1331 (0 -1688 -336 ) (0 -1720 -336 ) (0 -1720 -328 ) (0 -1688 -328 ) 
4 1232 1341 (0 -1728 -336 ) (0 -2016 -336 ) (0 -2016 -328 ) (0 -1728 -328 ) 
4 1232 1319 (0 -1568 -336 ) (0 -1688 -336 ) (0 -1688 -328 ) (0 -1568 -328 ) 
4 1233 1488 (-1024 -1024 144 ) (-1024 -1024 112 ) (-1024 -1052 112 ) (-1024 -1052 144 ) 
4 1233 1241 (-896 -1024 112 ) (-480 -1024 112 ) (-480 -1052 112 ) (-896 -1052 112 ) 
4 1233 1240 (-1024 -1052 112 ) (-1024 -1024 112 ) (-896 -1024 112 ) (-896 -1052 112 ) 
4 1233 1238 (-480 -1024 112 ) (-416 -1024 112 ) (-416 -1052 112 ) (-480 -1052 112 ) 
4 1233 1235 (-1024 -1052 112 ) (-896 -1052 112 ) (-896 -1052 144 ) (-1024 -1052 144 ) 
4 1233 1234 (-448 -1052 112 ) (-416 -1052 112 ) (-416 -1052 144 ) (-448 -1052 144 ) 
4 1234 1239 (-448 -1052 112 ) (-416 -1052 112 ) (-416 -1184 112 ) (-448 -1184 112 ) 
4 1234 1236 (-448 -1184 112 ) (-416 -1184 112 ) (-416 -1184 144 ) (-448 -1184 144 ) 
4 1235 1488 (-1024 -1052 112 ) (-1024 -1184 112 ) (-1024 -1184 144 ) (-1024 -1052 144 ) 
4 1235 1242 (-1024 -1184 112 ) (-1024 -1084 112 ) (-896 -1084 112 ) (-896 -1184 112 ) 
4 1235 1240 (-1024 -1084 112 ) (-1024 -1052 112 ) (-896 -1052 112 ) (-896 -1084 112 ) 
4 1236 1269 (-448 -1472 112 ) (-416 -1472 112 ) (-416 -1472 144 ) (-448 -1472 144 ) 
4 1236 1239 (-416 -1472 112 ) (-448 -1472 112 ) (-448 -1184 112 ) (-416 -1184 112 ) 
4 1237 1271 (-416 -1472 -48 ) (-384 -1472 -48 ) (-384 -1472 16 ) (-416 -1472 48 ) 
4 1237 1239 (-416 -1212.019531 -48 ) (-416 -1472 -48 ) (-416 -1472 48 ) (-416 -1116.007812 48 ) 
4 1237 1238 (-416 -1024 -48 ) (-416 -1212.019531 -48 ) (-416 -1116.007812 48 ) (-416 -1024 48 ) 
5 1238 1241 (-480 -1024 -48 ) (-480 -1084 -48 ) (-480 -1084 80.003906 ) (-480 -1052 112 ) (-480 -1024 112 ) 
5 1238 1239 (-480 -1084.005859 80.001938 ) (-480 -1212.023438 -48 ) (-416 -1212.019531 -48 ) (-416 -1052 112 ) (-448.002014 -1052.001953 112 ) 
5 1239 1271 (-480 -1472 -48 ) (-416 -1472 -48 ) (-416 -1472 112 ) (-448.002014 -1472 112 ) (-480 -1472 80.001938 ) 
4 1240 1488 (-1024 -1024 112 ) (-1024 -1024 -48 ) (-1024 -1084 -48 ) (-1024 -1084 112 ) 
4 1240 1244 (-1024 -1084 -48 ) (-1024 -1024 -48 ) (-1008 -1024 -48 ) (-1008 -1084 -48 ) 
5 1240 1242 (-1024 -1084 -48 ) (-864 -1084 -48 ) (-864 -1084 80 ) (-896 -1084 112 ) (-1024 -1084 112 ) 
5 1240 1241 (-864.003906 -1084 80.003906 ) (-736 -1084 -48 ) (-736 -1024 -48 ) (-896 -1024 112 ) (-896 -1052 112 ) 
4 1242 1490 (-1024 -1184 -48 ) (-1024 -1216 -48 ) (-1024 -1216 80 ) (-1024 -1184 112 ) 
4 1242 1488 (-1024 -1084 -48 ) (-1024 -1184 -48 ) (-1024 -1184 112 ) (-1024 -1084 112 ) 
4 1242 1244 (-1024 -1104 -48 ) (-1024 -1084 -48 ) (-1008 -1084 -48 ) (-1008 -1104 -48 ) 
4 1243 1245 (-160 -1024 -112 ) (0 -1024 -112 ) (0 -1152 -112 ) (-160 -1152 -112 ) 
5 1244 1491 (-1024 -1024 -48 ) (-1024 -1024 -112 ) (-1024 -1120 -112 ) (-1024 -1120 -64 ) (-1024 -1104 -48 ) 
4 1244 1249 (-1024 -1120 -112 ) (-1024 -1024 -112 ) (-992 -1024 -112 ) (-992 -1120 -112 ) 
4 1246 1247 (-448 -1152 -240 ) (-448 -1152 -112 ) (-912 -1152 -112 ) (-912 -1152 -240 ) 
4 1247 1248 (-584 -1232 -136 ) (-584 -1232 -240 ) (-488 -1232 -240 ) (-488 -1232 -136 ) 
4 1248 1253 (-488 -1344 -240 ) (-488 -1344 -136 ) (-584 -1344 -136 ) (-584 -1344 -240 ) 
4 1249 1491 (-1024 -1024 -112 ) (-1024 -1024 -144 ) (-1024 -1120 -144 ) (-1024 -1120 -112 ) 
4 1249 1250 (-1024 -1024 -144 ) (-992 -1024 -144 ) (-992 -1120 -144 ) (-1024 -1120 -144 ) 
4 1250 1492 (-1024 -1024 -144 ) (-1024 -1024 -160 ) (-1024 -1136 -160 ) (-1024 -1136 -144 ) 
4 1250 1251 (-1024 -1024 -160 ) (-976 -1024 -160 ) (-976 -1136 -160 ) (-1024 -1136 -160 ) 
4 1251 1513 (-1024 -1024 -160 ) (-1024 -1024 -224 ) (-1024 -1136 -224 ) (-1024 -1136 -160 ) 
4 1251 1252 (-976 -1024 -224 ) (-976 -1136 -224 ) (-1024 -1136 -224 ) (-1024 -1024 -224 ) 
4 1252 1570 (-1024 -1024 -328 ) (-1024 -1024 -336 ) (-1024 -1136 -336 ) (-1024 -1136 -328 ) 
4 1252 1532 (-1024 -1024 -224 ) (-1024 -1024 -328 ) (-1024 -1136 -328 ) (-1024 -1136 -224 ) 
4 1253 1316 (-564 -1472 -240 ) (-508 -1472 -240 ) (-508 -1472 -224 ) (-564 -1472 -224 ) 
4 1253 1307 (-564 -1472 -224 ) (-508 -1472 -224 ) (-508 -1472 -160 ) (-564 -1472 -160 ) 
4 1253 1273 (-564 -1472 -160 ) (-508 -1472 -160 ) (-508 -1472 -144 ) (-564 -1472 -144 ) 
4 1253 1272 (-564 -1472 -128 ) (-564 -1472 -144 ) (-508 -1472 -144 ) (-508 -1472 -128 ) 
4 1253 1254 (-608 -1360 -240 ) (-608 -1456 -240 ) (-608 -1456 -148 ) (-608 -1360 -148 ) 
4 1254 1255 (-632 -1360 -240 ) (-632 -1456 -240 ) (-632 -1456 -148 ) (-632 -1360 -148 ) 
4 1255 1256 (-648 -1344 -120.801003 ) (-648 -1344 -248 ) (-648 -1472 -248 ) (-648 -1472 -120.801003 ) 
4 1256 1257 (-664 -1344 -129.600998 ) (-664 -1344 -256 ) (-664 -1472 -256 ) (-664 -1472 -129.600983 ) 
4 1257 1258 (-680 -1344 -138.401016 ) (-680 -1344 -264 ) (-680 -1472 -264 ) (-680 -1472 -138.401016 ) 
4 1258 1259 (-696 -1344 -147.201019 ) (-696 -1344 -272 ) (-696 -1472 -272 ) (-696 -1472 -147.201019 ) 
4 1259 1260 (-712 -1344 -156.001007 ) (-712 -1344 -280 ) (-712 -1472 -280 ) (-712 -1472 -156.001007 ) 
4 1260 1261 (-728 -1344 -164.800995 ) (-728 -1344 -288 ) (-728 -1472 -288 ) (-728 -1472 -164.800995 ) 
4 1261 1262 (-744 -1344 -173.601044 ) (-744 -1344 -296 ) (-744 -1472 -296 ) (-744 -1472 -173.601028 ) 
4 1262 1263 (-760 -1344 -182.401031 ) (-760 -1344 -304 ) (-760 -1472 -304 ) (-760 -1472 -182.401031 ) 
4 1263 1264 (-776 -1344 -191.201019 ) (-776 -1344 -312 ) (-776 -1472 -312 ) (-776 -1472 -191.201019 ) 
4 1264 1266 (-792 -1344 -224 ) (-792 -1344 -320 ) (-792 -1472 -320 ) (-792 -1472 -224 ) 
4 1264 1265 (-792 -1344 -200.001007 ) (-792 -1344 -224 ) (-792 -1472 -224 ) (-792 -1472 -200.001007 ) 
4 1265 1266 (-976 -1344 -224 ) (-792 -1344 -224 ) (-792 -1472 -224 ) (-976 -1472 -224 ) 
4 1266 1267 (-976 -1456 -224 ) (-976 -1360 -224 ) (-976 -1360 -328 ) (-976 -1456 -328 ) 
4 1267 1268 (-1008 -1360 -328 ) (-1008 -1456 -328 ) (-1008 -1456 -224 ) (-1008 -1360 -224 ) 
4 1268 1533 (-1024 -1456 -224 ) (-1024 -1360 -224 ) (-1024 -1360 -328 ) (-1024 -1456 -328 ) 
5 1269 1271 (-448.002014 -1472 112 ) (-384 -1472 112 ) (-384 -1504 112 ) (-448 -1504 112 ) (-448.001984 -1503.998169 112 ) 
3 1269 1270 (-480 -1504 112 ) (-480 -1472 112 ) (-448 -1504 112 ) 
5 1270 1271 (-448 -1504 -48 ) (-480 -1472 -48 ) (-479.996887 -1472 80.005035 ) (-448.002014 -1503.994141 112 ) (-447.996094 -1504 112 ) 
4 1272 1273 (-564 -1472 -144 ) (-508 -1472 -144 ) (-508 -1480 -144 ) (-564 -1480 -144 ) 
4 1273 1307 (-564 -1472 -160 ) (-508 -1472 -160 ) (-508 -1480 -160 ) (-564 -1480 -160 ) 
4 1274 1293 (0 -1560 -160 ) (0 -1576 -160 ) (-64 -1576 -160 ) (-64 -1560 -160 ) 
4 1275 1293 (0 -1592 -160 ) (0 -1704 -160 ) (-64 -1704 -160 ) (-64 -1592 -160 ) 
4 1276 1308 (-672 -1560 -160 ) (-480 -1560 -160 ) (-480 -1576 -160 ) (-672 -1576 -160 ) 
4 1277 1308 (-1008 -1576 -160 ) (-1008 -1560 -160 ) (-688 -1560 -160 ) (-688 -1576 -160 ) 
4 1278 1308 (-480 -1704 -160 ) (-672 -1704 -160 ) (-672 -1592 -160 ) (-480 -1592 -160 ) 
4 1279 1308 (-688 -1704 -160 ) (-1008 -1704 -160 ) (-1008 -1592 -160 ) (-688 -1592 -160 ) 
4 1280 1293 (0 -1720 -160 ) (0 -1832 -160 ) (-64 -1832 -160 ) (-64 -1720 -160 ) 
3 1281 1306 (-459.995636 -1720 -160 ) (-448 -1720 -160 ) (-448 -1731.991699 -160 ) 
5 1281 1303 (-448 -1832 -160 ) (-464 -1832 -160 ) (-464 -1720 -160 ) (-459.995636 -1720 -160 ) (-448 -1731.991699 -160 ) 
4 1281 1302 (-96 -1832 -160 ) (-448 -1832 -160 ) (-448 -1720 -160 ) (-96 -1720 -160 ) 
3 1281 1296 (-96 -1732 -160 ) (-96 -1720 -160 ) (-84 -1720 -160 ) 
5 1281 1294 (-80 -1832 -160 ) (-96 -1832 -160 ) (-96 -1732 -160 ) (-84 -1720 -160 ) (-80 -1720 -160 ) 
4 1282 1308 (-480 -1832 -160 ) (-672 -1832 -160 ) (-672 -1720 -160 ) (-480 -1720 -160 ) 
3 1283 1314 (-1016 -1736 -160 ) (-1016 -1720 -160 ) (-1012 -1720 -160 ) 
5 1283 1315 (-1008 -1832 -160 ) (-1016 -1832 -160 ) (-1016 -1736 -160 ) (-1012 -1720 -160 ) (-1008 -1720 -160 ) 
4 1283 1308 (-688 -1832 -160 ) (-1008 -1832 -160 ) (-1008 -1720 -160 ) (-688 -1720 -160 ) 
4 1284 1293 (0 -1848 -160 ) (0 -1960 -160 ) (-64 -1960 -160 ) (-64 -1848 -160 ) 
4 1285 1303 (-448 -1960 -160 ) (-464 -1960 -160 ) (-464 -1848 -160 ) (-448 -1848 -160 ) 
4 1285 1302 (-96 -1960 -160 ) (-448 -1960 -160 ) (-448 -1848 -160 ) (-96 -1848 -160 ) 
4 1285 1294 (-80 -1960 -160 ) (-96 -1960 -160 ) (-96 -1848 -160 ) (-80 -1848 -160 ) 
4 1286 1308 (-480 -1960 -160 ) (-672 -1960 -160 ) (-672 -1848 -160 ) (-480 -1848 -160 ) 
4 1287 1315 (-1008 -1960 -160 ) (-1016 -1960 -160 ) (-1016 -1848 -160 ) (-1008 -1848 -160 ) 
4 1287 1308 (-688 -1960 -160 ) (-1008 -1960 -160 ) (-1008 -1848 -160 ) (-688 -1848 -160 ) 
4 1288 1402 (0 -2048 -160 ) (0 -2048 -144 ) (-64 -2048 -144 ) (-64 -2048 -160 ) 
4 1288 1293 (0 -1976 -160 ) (0 -2048 -160 ) (-64 -2048 -160 ) (-64 -1976 -160 ) 
4 1289 1303 (-464 -1976 -160 ) (-448 -1976 -160 ) (-448 -2024 -160 ) (-464 -2024 -160 ) 
4 1289 1302 (-448 -1976 -160 ) (-96 -1976 -160 ) (-96 -2024 -160 ) (-448 -2024 -160 ) 
4 1289 1294 (-96 -1976 -160 ) (-80 -1976 -160 ) (-80 -2024 -160 ) (-96 -2024 -160 ) 
4 1289 1290 (-464 -2024 -160 ) (-96 -2024 -160 ) (-96 -2024 -144 ) (-464 -2024 -144 ) 
4 1290 1404 (-96 -2048 -144 ) (-464 -2048 -144 ) (-464 -2048 -160 ) (-96 -2048 -160 ) 
4 1290 1303 (-448 -2048 -160 ) (-464 -2048 -160 ) (-464 -2024 -160 ) (-448 -2024 -160 ) 
4 1290 1302 (-96 -2048 -160 ) (-448 -2048 -160 ) (-448 -2024 -160 ) (-96 -2024 -160 ) 
4 1291 1308 (-672 -1976 -160 ) (-480 -1976 -160 ) (-480 -2024 -160 ) (-672 -2024 -160 ) 
4 1292 1405 (-688 -2048 -144 ) (-1016 -2048 -144 ) (-1016 -2048 -160 ) (-688 -2048 -160 ) 
4 1292 1315 (-1008 -2048 -160 ) (-1016 -2048 -160 ) (-1016 -1976 -160 ) (-1008 -1976 -160 ) 
3 1292 1312 (-688 -2048 -160 ) (-692 -2048 -160 ) (-688 -2044 -160 ) 
4 1292 1311 (-692 -2048 -160 ) (-751.994080 -2048 -160 ) (-688 -2032 -160 ) (-688 -2044 -160 ) 
5 1292 1310 (-751.994080 -2048 -160 ) (-1008 -2048 -160 ) (-1008 -2024 -160 ) (-688 -2024 -160 ) (-688 -2032 -160 ) 
4 1292 1308 (-1008 -2024 -160 ) (-1008 -1976 -160 ) (-688 -1976 -160 ) (-688 -2024 -160 ) 
4 1293 1408 (-56 -2048 -160 ) (-64 -2048 -160 ) (-64 -2048 -224 ) (-56 -2048 -224 ) 
4 1293 1407 (0 -2048 -224 ) (0 -2048 -160 ) (-56 -2048 -160 ) (-56 -2048 -224 ) 
4 1293 1351 (-56 -2048 -224 ) (-64 -2048 -224 ) (-64 -2016 -224 ) (-56 -2016 -224 ) 
4 1293 1350 (0 -2048 -224 ) (-56 -2048 -224 ) (-56 -2016 -224 ) (0 -2016 -224 ) 
3 1293 1327 (-64 -1700 -224 ) (-64 -1688 -224 ) (-52 -1688 -224 ) 
5 1293 1325 (-64 -1720 -224 ) (-64 -1700 -224 ) (-52 -1688 -224 ) (0 -1688 -224 ) (0 -1720 -224 ) 
4 1293 1330 (-64 -1728 -224 ) (-64 -1720 -224 ) (0 -1720 -224 ) (0 -1728 -224 ) 
4 1293 1341 (-64 -2016 -224 ) (-64 -1728 -224 ) (0 -1728 -224 ) (0 -2016 -224 ) 
4 1293 1320 (-64 -1688 -224 ) (-64 -1568 -224 ) (-56 -1568 -224 ) (-56 -1688 -224 ) 
4 1293 1319 (-56 -1568 -224 ) (0 -1568 -224 ) (0 -1688 -224 ) (-56 -1688 -224 ) 
4 1293 1317 (-64 -1568 -224 ) (-64 -1560 -224 ) (0 -1560 -224 ) (0 -1568 -224 ) 
4 1293 1297 (-64 -2020 -224 ) (-64 -2040.002075 -224 ) (-64 -2040.002075 -160 ) (-64 -2020 -160 ) 
4 1293 1295 (-64 -1688.002075 -224 ) (-64 -1700 -224 ) (-64 -1700 -160 ) (-64 -1688.002075 -160 ) 
4 1293 1294 (-64 -1700 -224 ) (-64 -2020 -224 ) (-64 -2020 -160 ) (-64 -1700 -160 ) 
4 1294 1354 (-96 -2028 -224 ) (-96 -2016 -224 ) (-64 -2016 -224 ) (-64 -2020 -224 ) 
3 1294 1325 (-84 -1720 -224 ) (-64 -1700 -224 ) (-64 -1720 -224 ) 
4 1294 1330 (-92 -1728 -224 ) (-84 -1720 -224 ) (-64 -1720 -224 ) (-64 -1728 -224 ) 
5 1294 1341 (-96 -2016 -224 ) (-96 -1732 -224 ) (-92 -1728 -224 ) (-64 -1728 -224 ) (-64 -2016 -224 ) 
4 1294 1302 (-96 -1732 -224 ) (-96 -2028 -224 ) (-96 -2028 -160 ) (-96 -1732 -160 ) 
4 1294 1301 (-80.001755 -2024 -224 ) (-75.200844 -2022.799316 -224 ) (-75.200844 -2022.799316 -160 ) (-80.001762 -2024 -160 ) 
4 1294 1299 (-75.200844 -2022.799316 -224 ) (-68.706825 -2021.175781 -224 ) (-68.706825 -2021.175781 -160 ) (-75.200844 -2022.799316 -160 ) 
4 1294 1298 (-96 -2028 -160 ) (-96 -2028 -224 ) (-87.998833 -2025.998779 -224 ) (-87.998840 -2025.998779 -160 ) 
4 1294 1297 (-68.706825 -2021.175781 -224 ) (-64 -2020 -224 ) (-64 -2020 -160 ) (-68.706825 -2021.175781 -160 ) 
4 1294 1296 (-79.997932 -1716 -224 ) (-96 -1732.001465 -224 ) (-96 -1732.001465 -160 ) (-79.997932 -1716 -160 ) 
4 1294 1295 (-64 -1700.001709 -160 ) (-64 -1700.001709 -224 ) (-68 -1704.001465 -224 ) (-68 -1704.001465 -160 ) 
3 1295 1327 (-64 -1688.002075 -224 ) (-64 -1700 -224 ) (-68 -1704 -224 ) 
3 1296 1329 (-96 -1720 -224 ) (-80 -1716 -224 ) (-84 -1720 -224 ) 
4 1296 1330 (-96 -1728 -224 ) (-96 -1720 -224 ) (-84 -1720 -224 ) (-92 -1728 -224 ) 
3 1296 1341 (-96 -1732 -224 ) (-96 -1728 -224 ) (-92 -1728 -224 ) 
4 1296 1302 (-96 -1720 -224 ) (-96 -1732 -224 ) (-96 -1732 -160 ) (-96 -1720 -160 ) 
3 1297 1355 (-68.706650 -2021.176514 -224 ) (-64 -2020 -224 ) (-64 -2040.002075 -224 ) 
4 1297 1299 (-68.708008 -2021.171875 -160 ) (-68.708008 -2021.171875 -224 ) (-66.001282 -2031.998535 -224 ) (-66.001282 -2031.998535 -160 ) 
3 1298 1358 (-92.799957 -2027.199951 -224 ) (-88 -2026 -224 ) (-94 -2032 -224 ) 
4 1298 1356 (-96 -2034 -224 ) (-96 -2028 -224 ) (-92.799957 -2027.199951 -224 ) (-94 -2032 -224 ) 
4 1298 1302 (-96 -2028 -224 ) (-96 -2034 -224 ) (-96 -2034 -160 ) (-96 -2028 -160 ) 
4 1298 1300 (-96 -2034 -160 ) (-96 -2034 -224 ) (-94 -2032 -224 ) (-94 -2032 -160 ) 
3 1299 1357 (-75.200180 -2022.799927 -224 ) (-68.706650 -2021.176514 -224 ) (-66 -2031.998901 -224 ) 
4 1299 1301 (-75.203125 -2022.800659 -160 ) (-75.203125 -2022.800659 -224 ) (-72.004829 -2025.998901 -224 ) (-72.004829 -2025.998901 -160 ) 
3 1300 1356 (-96 -2040 -224 ) (-96 -2034 -224 ) (-94 -2032 -224 ) 
4 1300 1302 (-96 -2034 -224 ) (-96 -2040 -224 ) (-96 -2040 -160 ) (-96 -2034 -160 ) 
3 1301 1359 (-80 -2024 -224 ) (-75.200180 -2022.799927 -224 ) (-72 -2026 -224 ) 
4 1302 1416 (-400 -2048 -160 ) (-448 -2048 -160 ) (-448 -2048 -224 ) (-400 -2048 -224 ) 
4 1302 1413 (-400 -2048 -176 ) (-400 -2048 -224 ) (-160 -2048 -224 ) (-160 -2048 -176 ) 
4 1302 1412 (-160 -2048 -160 ) (-400 -2048 -160 ) (-400 -2048 -176 ) (-160 -2048 -176 ) 
4 1302 1410 (-96 -2048 -160 ) (-104 -2048 -160 ) (-104 -2048 -224 ) (-96 -2048 -224 ) 
4 1302 1411 (-104 -2048 -160 ) (-160 -2048 -160 ) (-160 -2048 -224 ) (-104 -2048 -224 ) 
4 1302 1369 (-104 -2048 -224 ) (-448 -2048 -224 ) (-448 -2024 -224 ) (-104 -2024 -224 ) 
4 1302 1368 (-448 -2024 -224 ) (-448 -2016 -224 ) (-104 -2016 -224 ) (-104 -2024 -224 ) 
4 1302 1365 (-96 -2048 -224 ) (-104 -2048 -224 ) (-104 -2016 -224 ) (-96 -2016 -224 ) 
4 1302 1330 (-448 -1728 -224 ) (-448 -1720 -224 ) (-96 -1720 -224 ) (-96 -1728 -224 ) 
4 1302 1341 (-448 -2016 -224 ) (-448 -1728 -224 ) (-96 -1728 -224 ) (-96 -2016 -224 ) 
4 1302 1306 (-448 -1720 -224 ) (-448 -1731.991699 -224 ) (-448 -1731.991699 -160 ) (-448 -1720 -160 ) 
4 1302 1303 (-448 -1731.991699 -224 ) (-448 -2048 -224 ) (-448 -2048 -160 ) (-448 -1731.991699 -160 ) 
4 1303 1416 (-448 -2048 -160 ) (-466 -2048 -160 ) (-466 -2048 -224 ) (-448 -2048 -224 ) 
4 1303 1369 (-448 -2048 -224 ) (-466 -2048 -224 ) (-472.002014 -2024 -224 ) (-448 -2024 -224 ) 
4 1303 1368 (-472.002014 -2024 -224 ) (-474.002502 -2016 -224 ) (-448 -2016 -224 ) (-448 -2024 -224 ) 
3 1303 1324 (-480 -1720 -224 ) (-480 -1700.002197 -224 ) (-459.995544 -1720 -224 ) 
4 1303 1330 (-480 -1728 -224 ) (-480 -1720 -224 ) (-459.995544 -1720 -224 ) (-451.992889 -1728 -224 ) 
6 1303 1341 (-474.002502 -2016 -224 ) (-480 -1992.016113 -224 ) (-480 -1728 -224 ) (-451.992889 -1728 -224 ) (-448 -1731.991577 -224 ) (-448 -2016 -224 ) 
4 1303 1308 (-480 -1700.002197 -224 ) (-480 -1992.016113 -224 ) (-480 -1992.016113 -160 ) (-480 -1700.002197 -160 ) 
4 1303 1306 (-448 -1731.992676 -160 ) (-448 -1731.992676 -224 ) (-463.997711 -1716 -224 ) (-463.997742 -1716 -160 ) 
4 1303 1305 (-476 -1704.003296 -224 ) (-480 -1700.003906 -224 ) (-480 -1700.003906 -160 ) (-476 -1704.003296 -160 ) 
4 1303 1304 (-480 -1992.011475 -160 ) (-480 -1992.011475 -224 ) (-468 -2040 -224 ) (-468 -2040 -160 ) 
4 1304 1371 (-480 -2028 -224 ) (-480 -2024 -224 ) (-472.002014 -2024 -224 ) (-468.001312 -2039.998779 -224 ) 
4 1304 1368 (-480 -2024 -224 ) (-480 -2016 -224 ) (-474.002533 -2016 -224 ) (-472.002014 -2024 -224 ) 
3 1304 1341 (-480 -2016 -224 ) (-480 -1992.016113 -224 ) (-474.002533 -2016 -224 ) 
4 1304 1309 (-480 -2024 -224 ) (-480 -2028 -224 ) (-480 -2028 -160 ) (-480 -2024 -160 ) 
4 1304 1308 (-480 -1992.016113 -224 ) (-480 -2024 -224 ) (-480 -2024 -160 ) (-480 -1992.016113 -160 ) 
3 1305 1328 (-480 -1700.002197 -224 ) (-480 -1688 -224 ) (-476 -1704.001221 -224 ) 
4 1305 1308 (-480 -1688 -224 ) (-480 -1700.002197 -224 ) (-480 -1700.002197 -160 ) (-480 -1688 -160 ) 
3 1306 1326 (-448 -1720 -224 ) (-459.995544 -1720 -224 ) (-463.995911 -1716 -224 ) 
4 1306 1330 (-448 -1720 -224 ) (-448 -1728 -224 ) (-451.992889 -1728 -224 ) (-459.995544 -1720 -224 ) 
3 1306 1341 (-448 -1728 -224 ) (-448 -1731.991577 -224 ) (-451.992889 -1728 -224 ) 
4 1307 1316 (-564 -1472 -224 ) (-508 -1472 -224 ) (-508 -1480 -224 ) (-564 -1480 -224 ) 
4 1308 1368 (-1008 -2024 -224 ) (-1008 -2016 -224 ) (-480 -2016 -224 ) (-480 -2024 -224 ) 
4 1308 1342 (-1008 -2016 -224 ) (-1008 -1688 -224 ) (-1000 -1688 -224 ) (-1000 -2016 -224 ) 
3 1308 1328 (-492.006256 -1688 -224 ) (-480 -1688 -224 ) (-480 -1700.002319 -224 ) 
5 1308 1324 (-1000 -1688 -224 ) (-492.006256 -1688 -224 ) (-480 -1700.002319 -224 ) (-480 -1720 -224 ) (-1000 -1720 -224 ) 
4 1308 1330 (-480 -1720 -224 ) (-480 -1728 -224 ) (-1000 -1728 -224 ) (-1000 -1720 -224 ) 
4 1308 1341 (-480 -1728 -224 ) (-480 -2016 -224 ) (-1000 -2016 -224 ) (-1000 -1728 -224 ) 
4 1308 1321 (-1008 -1688 -224 ) (-1008 -1568 -224 ) (-480 -1568 -224 ) (-480 -1688 -224 ) 
4 1308 1318 (-1008 -1568 -224 ) (-1008 -1560 -224 ) (-480 -1560 -224 ) (-480 -1568 -224 ) 
4 1308 1315 (-1008 -1704 -224 ) (-1008 -2024 -224 ) (-1008 -2024 -160 ) (-1008 -1704 -160 ) 
4 1308 1310 (-1008 -2024 -160 ) (-1008 -2024 -224 ) (-656 -2024 -224 ) (-656 -2024 -160 ) 
4 1308 1309 (-496 -2024 -224 ) (-480 -2024 -224 ) (-480 -2024 -160 ) (-496 -2024 -160 ) 
3 1309 1373 (-496 -2024 -224 ) (-484 -2024 -224 ) (-480 -2028 -224 ) 
3 1309 1371 (-484 -2024 -224 ) (-480 -2024 -224 ) (-480 -2028 -224 ) 
4 1310 1420 (-751.994141 -2048 -160 ) (-1008 -2048 -160 ) (-1008 -2048 -224 ) (-751.994080 -2048 -224 ) 
4 1310 1370 (-751.994141 -2048 -224 ) (-1008 -2048 -224 ) (-1008 -2024 -224 ) (-656 -2024 -224 ) 
4 1310 1315 (-1008 -2024 -224 ) (-1008 -2048 -224 ) (-1008 -2048 -160 ) (-1008 -2024 -160 ) 
4 1310 1311 (-751.997925 -2048 -224 ) (-672 -2028 -224 ) (-672 -2028 -160 ) (-751.997925 -2048 -160 ) 
4 1311 1420 (-692 -2048 -160 ) (-751.994141 -2048 -160 ) (-751.994080 -2048 -224 ) (-692 -2048 -224 ) 
3 1311 1374 (-681.601807 -2030.400879 -224 ) (-672 -2028 -224 ) (-684.001343 -2040.001343 -224 ) 
4 1311 1372 (-692 -2048 -224 ) (-751.994141 -2048 -224 ) (-681.601807 -2030.400879 -224 ) (-684.001343 -2040.001343 -224 ) 
4 1311 1312 (-692 -2048 -224 ) (-684.001282 -2040.001343 -224 ) (-684.001282 -2040.001343 -160 ) (-692 -2048 -160 ) 
4 1312 1420 (-688 -2048 -160 ) (-692 -2048 -160 ) (-692 -2048 -224 ) (-688 -2048 -224 ) 
4 1312 1415 (-686 -2048 -160 ) (-688 -2048 -160 ) (-688 -2048 -224 ) (-686 -2048 -224 ) 
3 1312 1372 (-686 -2048 -224 ) (-692 -2048 -224 ) (-684.001343 -2040.001343 -224 ) 
4 1313 1520 (-1024 -1726 -160 ) (-1024 -1720 -160 ) (-1024 -1720 -224 ) (-1024 -1726 -224 ) 
3 1313 1347 (-1024 -1726 -224 ) (-1024 -1720 -224 ) (-1016 -1718 -224 ) 
4 1313 1314 (-1024 -1726 -224 ) (-1016 -1718 -224 ) (-1016 -1718 -160 ) (-1024 -1726 -160 ) 
4 1314 1521 (-1024 -1768 -160 ) (-1024 -1726 -160 ) (-1024 -1726 -224 ) (-1024 -1768 -224 ) 
4 1314 1347 (-1024 -1768 -224 ) (-1024 -1726 -224 ) (-1016 -1718 -224 ) (-1011.200073 -1716.800049 -224 ) 
3 1314 1345 (-1016 -1718 -224 ) (-1010 -1712 -224 ) (-1011.200073 -1716.800049 -224 ) 
4 1314 1315 (-1024 -1768 -224 ) (-1010 -1712 -224 ) (-1010 -1712 -160 ) (-1024 -1768.001953 -160 ) 
4 1315 1522 (-1024 -2048 -224 ) (-1024 -2048 -160 ) (-1024 -1768 -160 ) (-1024 -1768 -224 ) 
4 1315 1420 (-1008 -2048 -160 ) (-1024 -2048 -160 ) (-1024 -2048 -224 ) (-1008 -2048 -224 ) 
4 1315 1370 (-1008 -2048 -224 ) (-1024 -2048 -224 ) (-1024 -2024 -224 ) (-1008 -2024 -224 ) 
4 1315 1368 (-1024 -2024 -224 ) (-1024 -2016 -224 ) (-1008 -2016 -224 ) (-1008 -2024 -224 ) 
5 1315 1347 (-1024 -2016 -224 ) (-1024 -1768 -224 ) (-1011.200012 -1716.800049 -224 ) (-1008 -1716 -224 ) (-1008 -2016 -224 ) 
3 1315 1346 (-1011.200012 -1716.800049 -224 ) (-1008 -1704 -224 ) (-1008 -1716 -224 ) 
4 1317 1320 (-56 -1568 -224 ) (-64 -1568 -224 ) (-64 -1568 -328 ) (-56 -1568 -328 ) 
4 1317 1319 (0 -1568 -328 ) (0 -1568 -224 ) (-56 -1568 -224 ) (-56 -1568 -328 ) 
4 1318 1321 (-1008 -1568 -224 ) (-1008 -1568 -328 ) (-480 -1568 -328 ) (-480 -1568 -224 ) 
4 1319 1333 (-56 -1688 -336 ) (-52 -1688 -336 ) (-52 -1688 -328 ) (-56 -1688 -328 ) 
4 1319 1331 (-52 -1688 -336 ) (0 -1688 -336 ) (0 -1688 -328 ) (-52 -1688 -328 ) 
4 1319 1327 (-52 -1688 -224 ) (-56 -1688 -224 ) (-56 -1688 -328 ) (-52 -1688 -328 ) 
4 1319 1325 (0 -1688 -328 ) (0 -1688 -224 ) (-52 -1688 -224 ) (-52 -1688 -328 ) 
4 1319 1320 (-56 -1568 -224 ) (-56 -1568 -328 ) (-56 -1688 -328 ) (-56 -1688 -224 ) 
4 1320 1327 (-56 -1688 -328 ) (-56 -1688 -224 ) (-64 -1688 -224 ) (-64 -1688 -328 ) 
4 1321 1342 (-1000 -1688 -224 ) (-1008 -1688 -224 ) (-1008 -1688 -328 ) (-1000 -1688 -328 ) 
4 1321 1328 (-480 -1688 -328 ) (-480 -1688 -224 ) (-492.006256 -1688 -224 ) (-492.006256 -1688 -328 ) 
4 1321 1324 (-492.006256 -1688 -224 ) (-1000 -1688 -224 ) (-1000 -1688 -328 ) (-492.006256 -1688 -328 ) 
4 1321 1323 (-1008 -1688 -298 ) (-1008 -1688 -258 ) (-1008 -1600 -258 ) (-1008 -1600 -298 ) 
4 1321 1322 (-1000 -1568 -328 ) (-488 -1568 -328 ) (-488 -1688 -328 ) (-1000 -1688 -328 ) 
4 1322 1336 (-492.006287 -1688 -336 ) (-488 -1688 -336 ) (-488 -1688 -328 ) (-492.006287 -1688 -328 ) 
4 1322 1335 (-503 -1688 -336 ) (-492.006287 -1688 -336 ) (-492.006287 -1688 -328 ) (-503 -1688 -328 ) 
4 1322 1334 (-1000 -1688 -336 ) (-503 -1688 -336 ) (-503 -1688 -328 ) (-1000 -1688 -328 ) 
4 1323 1534 (-1024 -1600 -258 ) (-1024 -1600 -298 ) (-1024 -1688 -298 ) (-1024 -1688 -258 ) 
4 1324 1342 (-1000 -1688 -224 ) (-1000 -1688 -328 ) (-1000 -1720 -328 ) (-1000 -1720 -224 ) 
4 1324 1335 (-503 -1688 -328 ) (-492.006256 -1688 -328 ) (-486.665253 -1693.339233 -328 ) (-483 -1708 -328 ) 
4 1324 1334 (-1000 -1720 -328 ) (-1000 -1688 -328 ) (-503 -1688 -328 ) (-471 -1720 -328 ) 
4 1324 1328 (-476 -1704.002075 -328 ) (-492.006775 -1688 -328 ) (-492.006775 -1688 -224 ) (-476 -1704.002075 -224 ) 
4 1324 1326 (-459.996094 -1720 -224 ) (-459.996094 -1720 -328 ) (-463.996521 -1716 -328 ) (-463.996521 -1716 -224 ) 
4 1324 1330 (-1000 -1720 -224 ) (-1000 -1720 -328 ) (-459.995667 -1720 -328 ) (-459.995728 -1720 -224 ) 
3 1325 1332 (-64 -1720 -328 ) (-73 -1720 -328 ) (-61 -1708 -328 ) 
5 1325 1331 (-52 -1688 -328 ) (0 -1688 -328 ) (0 -1720 -328 ) (-64 -1720 -328 ) (-57.333359 -1693.333496 -328 ) 
4 1325 1329 (-80.004456 -1716.001221 -328 ) (-84.003128 -1720 -328 ) (-84.003128 -1720 -224 ) (-80.004448 -1716.001221 -224 ) 
4 1325 1327 (-52.003902 -1688 -224 ) (-52.003906 -1688 -328 ) (-67.998024 -1703.994507 -328 ) (-67.998016 -1703.994507 -224 ) 
4 1325 1330 (-84 -1720 -328 ) (0 -1720 -328 ) (0 -1720 -224 ) (-84 -1720 -224 ) 
4 1326 1330 (-459.995667 -1720 -328 ) (-448 -1720 -328 ) (-448 -1720 -224 ) (-459.995728 -1720 -224 ) 
3 1327 1333 (-56 -1688 -328 ) (-52 -1688 -328 ) (-57.333363 -1693.333496 -328 ) 
3 1328 1336 (-492.006256 -1688 -328 ) (-488 -1688 -328 ) (-486.665222 -1693.339355 -328 ) 
4 1329 1330 (-96 -1720 -328 ) (-84 -1720 -328 ) (-84 -1720 -224 ) (-96 -1720 -224 ) 
4 1330 1342 (-1000 -1720 -328 ) (-1000 -1728 -328 ) (-1000 -1728 -224 ) (-1000 -1720 -224 ) 
3 1330 1339 (-73 -1720 -328 ) (-64 -1720 -328 ) (-76 -1723 -328 ) 
3 1330 1338 (-468 -1723 -328 ) (-480 -1720 -328 ) (-471 -1720 -328 ) 
4 1330 1337 (0 -1728 -328 ) (-96 -1728 -328 ) (-64 -1720 -328 ) (0 -1720 -328 ) 
4 1330 1340 (-448 -1728 -328 ) (-1000 -1728 -328 ) (-1000 -1720 -328 ) (-480 -1720 -328 ) 
4 1330 1341 (-1000 -1728 -224 ) (-1000 -1728 -328 ) (0 -1728 -328 ) (0 -1728 -224 ) 
4 1331 1337 (0 -1720 -328 ) (-64 -1720 -328 ) (-64 -1720 -336 ) (0 -1720 -336 ) 
4 1331 1333 (-57.333408 -1693.333618 -328 ) (-52 -1688 -328 ) (-52 -1688 -336 ) (-57.333408 -1693.333618 -336 ) 
4 1331 1332 (-61 -1708 -336 ) (-64 -1720 -336 ) (-64 -1720 -328 ) (-61 -1708 -328 ) 
4 1332 1339 (-64 -1720 -328 ) (-73 -1720 -328 ) (-73 -1720 -336 ) (-64 -1720 -336 ) 
4 1334 1343 (-1000 -1704 -336 ) (-1000 -1720 -336 ) (-1000 -1720 -328 ) (-1000 -1704 -328 ) 
4 1334 1338 (-471 -1720 -328 ) (-480 -1720 -328 ) (-480 -1720 -336 ) (-471 -1720 -336 ) 
4 1334 1340 (-480 -1720 -328 ) (-1000 -1720 -328 ) (-1000 -1720 -336 ) (-480 -1720 -336 ) 
4 1334 1335 (-483.001434 -1707.998535 -336 ) (-503 -1688 -336 ) (-503 -1688 -328 ) (-483 -1708 -328 ) 
4 1335 1336 (-486.665619 -1693.341797 -336 ) (-492.009155 -1688 -336 ) (-492.009155 -1688 -328 ) (-486.664276 -1693.343140 -328 ) 
4 1337 1339 (-63.998066 -1720 -328 ) (-63.998066 -1720 -336 ) (-76 -1723 -336 ) (-76 -1723 -328 ) 
4 1337 1341 (-96 -1728 -336 ) (0 -1728 -336 ) (0 -1728 -328 ) (-96 -1728 -328 ) 
4 1338 1340 (-480 -1720 -328 ) (-480 -1720 -336 ) (-468 -1723 -336 ) (-468 -1723 -328 ) 
4 1340 1343 (-1000 -1720 -336 ) (-1000 -1728 -336 ) (-1000 -1728 -328 ) (-1000 -1720 -328 ) 
4 1340 1341 (-1000 -1728 -328 ) (-1000 -1728 -336 ) (-448 -1728 -336 ) (-448 -1728 -328 ) 
4 1341 1377 (-1000 -2016 -336 ) (-656 -2016 -336 ) (-656 -2016 -328 ) (-1000 -2016 -328 ) 
4 1341 1375 (-496 -2016 -336 ) (-104 -2016 -336 ) (-104 -2016 -328 ) (-496 -2016 -328 ) 
4 1341 1368 (-104 -2016 -328 ) (-104 -2016 -224 ) (-1000 -2016 -224 ) (-1000 -2016 -328 ) 
4 1341 1366 (-104 -2016 -336 ) (-96 -2016 -336 ) (-96 -2016 -328 ) (-104 -2016 -328 ) 
4 1341 1365 (-96 -2016 -328 ) (-96 -2016 -224 ) (-104 -2016 -224 ) (-104 -2016 -328 ) 
4 1341 1362 (-80 -2016 -336 ) (-71 -2016 -336 ) (-71 -2016 -328 ) (-80 -2016 -328 ) 
4 1341 1361 (-96 -2016 -336 ) (-80 -2016 -336 ) (-80 -2016 -328 ) (-96 -2016 -328 ) 
4 1341 1360 (-71 -2016 -336 ) (-64 -2016 -336 ) (-64 -2016 -328 ) (-71 -2016 -328 ) 
4 1341 1354 (-64 -2016 -328 ) (-64 -2016 -224 ) (-96 -2016 -224 ) (-96 -2016 -328 ) 
4 1341 1352 (-64 -2016 -336 ) (-56 -2016 -336 ) (-56 -2016 -328 ) (-64 -2016 -328 ) 
4 1341 1351 (-56 -2016 -328 ) (-56 -2016 -224 ) (-64 -2016 -224 ) (-64 -2016 -328 ) 
4 1341 1350 (-56 -2016 -336 ) (0 -2016 -336 ) (0 -2016 -224 ) (-56 -2016 -224 ) 
4 1341 1343 (-1000 -1728 -336 ) (-1000 -2016 -336 ) (-1000 -2016 -328 ) (-1000 -1728 -328 ) 
4 1341 1342 (-1000 -2016 -328 ) (-1000 -2016 -224 ) (-1000 -1728 -224 ) (-1000 -1728 -328 ) 
4 1342 1368 (-1000 -2016 -328 ) (-1000 -2016 -224 ) (-1008 -2016 -224 ) (-1008 -2016 -328 ) 
4 1342 1347 (-1008 -1716 -328 ) (-1008 -2016 -328 ) (-1008 -2016 -224 ) (-1008 -1716 -224 ) 
4 1342 1346 (-1008 -1704 -328 ) (-1008 -1716 -328 ) (-1008 -1716 -224 ) (-1008 -1704 -224 ) 
3 1342 1344 (-1008 -1736 -328 ) (-1008 -1721 -328 ) (-1003 -1716 -328 ) 
4 1342 1343 (-1008 -2016 -328 ) (-1008 -1736 -328 ) (-1000 -1704 -328 ) (-1000 -2016 -328 ) 
4 1343 1377 (-1008 -2016 -336 ) (-1000 -2016 -336 ) (-1000 -2016 -328 ) (-1008 -2016 -328 ) 
4 1343 1348 (-1008 -1736 -336 ) (-1008 -2016 -336 ) (-1008 -2016 -328 ) (-1008 -1736 -328 ) 
4 1343 1344 (-1008 -1736.003906 -336 ) (-1008 -1736.003906 -328 ) (-1002.998718 -1715.998657 -328 ) (-1002.998718 -1715.998657 -336 ) 
4 1344 1348 (-1008 -1721 -336 ) (-1008 -1736 -336 ) (-1008 -1736 -328 ) (-1008 -1721 -328 ) 
4 1345 1347 (-1011.199890 -1716.799438 -328 ) (-1011.199890 -1716.799438 -224 ) (-1016 -1718 -224 ) (-1016 -1718 -328 ) 
4 1345 1346 (-1011.200195 -1716.800781 -224 ) (-1011.200195 -1716.800781 -328 ) (-1010 -1712 -328 ) (-1010 -1712 -224 ) 
4 1346 1347 (-1008 -1716 -328 ) (-1008 -1716 -224 ) (-1011.199890 -1716.799438 -224 ) (-1011.199890 -1716.799438 -328 ) 
4 1347 1535 (-1024 -1726 -224 ) (-1024 -1720 -224 ) (-1024 -1720 -328 ) (-1024 -1726 -328 ) 
4 1347 1536 (-1024 -1768 -224 ) (-1024 -1726 -224 ) (-1024 -1726 -328 ) (-1024 -1768 -328 ) 
4 1347 1537 (-1024 -2016 -224 ) (-1024 -1768 -224 ) (-1024 -1768 -328 ) (-1024 -2016 -328 ) 
4 1347 1368 (-1008 -2016 -328 ) (-1008 -2016 -224 ) (-1024 -2016 -224 ) (-1024 -2016 -328 ) 
3 1347 1349 (-1012 -1725 -328 ) (-1024 -1737 -328 ) (-1024 -1728 -328 ) 
4 1347 1348 (-1008 -1721 -328 ) (-1008 -2016 -328 ) (-1024 -2016 -328 ) (-1024 -1737 -328 ) 
4 1348 1571 (-1024 -1737 -336 ) (-1024 -2016 -336 ) (-1024 -2016 -328 ) (-1024 -1737 -328 ) 
4 1348 1377 (-1024 -2016 -336 ) (-1008 -2016 -336 ) (-1008 -2016 -328 ) (-1024 -2016 -328 ) 
4 1348 1349 (-1024 -1737 -328 ) (-1012 -1725 -328 ) (-1012 -1725 -336 ) (-1024 -1737 -336 ) 
4 1349 1571 (-1024 -1728 -336 ) (-1024 -1737 -336 ) (-1024 -1737 -328 ) (-1024 -1728 -328 ) 
4 1350 1407 (0 -2048 -336 ) (0 -2048 -224 ) (-56 -2048 -224 ) (-56 -2048 -336 ) 
4 1350 1353 (-56 -2031 -336 ) (-56 -2040 -336 ) (-56 -2040 -328 ) (-56 -2031 -328 ) 
4 1350 1352 (-56 -2016 -328 ) (-56 -2016 -336 ) (-56 -2031 -336 ) (-56 -2031 -328 ) 
4 1350 1351 (-56 -2016 -224 ) (-56 -2016 -328 ) (-56 -2048 -328 ) (-56 -2048 -224 ) 
4 1351 1408 (-56 -2048 -224 ) (-64 -2048 -224 ) (-64 -2048 -328 ) (-56 -2048 -328 ) 
4 1351 1355 (-64 -2020 -328 ) (-64 -2040.002075 -328 ) (-64 -2040.002075 -224 ) (-64 -2020 -224 ) 
4 1351 1354 (-64 -2016 -224 ) (-64 -2016 -328 ) (-64 -2020 -328 ) (-64 -2020 -224 ) 
3 1351 1353 (-59 -2028 -328 ) (-56 -2031 -328 ) (-56 -2040 -328 ) 
4 1351 1352 (-64 -2023 -328 ) (-64 -2016 -328 ) (-56 -2016 -328 ) (-56 -2031 -328 ) 
4 1352 1364 (-64 -2020 -336 ) (-64 -2023 -336 ) (-64 -2023 -328 ) (-64 -2020 -328 ) 
4 1352 1360 (-64 -2016 -328 ) (-64 -2016 -336 ) (-64 -2020 -336 ) (-64 -2020 -328 ) 
4 1352 1353 (-56 -2031 -336 ) (-56 -2031 -328 ) (-59 -2028 -328 ) (-59 -2028 -336 ) 
4 1354 1365 (-96 -2016 -224 ) (-96 -2016 -328 ) (-96 -2028 -328 ) (-96 -2028 -224 ) 
3 1354 1363 (-96 -2022.998291 -328 ) (-96 -2020 -328 ) (-92 -2019 -328 ) 
3 1354 1362 (-80 -2016 -328 ) (-71 -2016 -328 ) (-68 -2019 -328 ) 
3 1354 1361 (-96 -2020 -328 ) (-96 -2016 -328 ) (-80 -2016 -328 ) 
4 1354 1360 (-71 -2016 -328 ) (-64 -2016 -328 ) (-64 -2020 -328 ) (-66.400017 -2020.599854 -328 ) 
4 1354 1359 (-80.001740 -2024 -328 ) (-75.200821 -2022.799316 -328 ) (-75.200821 -2022.799316 -224 ) (-80.001740 -2024 -224 ) 
4 1354 1358 (-92.799698 -2027.198975 -328 ) (-87.998833 -2025.998779 -328 ) (-87.998833 -2025.998779 -224 ) (-92.799698 -2027.198975 -224 ) 
4 1354 1357 (-75.200821 -2022.799316 -328 ) (-68.706825 -2021.175781 -328 ) (-68.706825 -2021.175781 -224 ) (-75.200821 -2022.799316 -224 ) 
4 1354 1356 (-96 -2028 -224 ) (-96 -2028 -328 ) (-92.799698 -2027.198975 -328 ) (-92.799698 -2027.198975 -224 ) 
4 1354 1355 (-68.706825 -2021.175781 -328 ) (-64 -2020 -328 ) (-64 -2020 -224 ) (-68.706825 -2021.175781 -224 ) 
3 1355 1364 (-66.400078 -2020.599854 -328 ) (-64 -2020 -328 ) (-64 -2023 -328 ) 
4 1355 1357 (-68.708008 -2021.171875 -224 ) (-68.708008 -2021.171875 -328 ) (-66.001152 -2031.998779 -328 ) (-66.001152 -2031.998779 -224 ) 
4 1356 1365 (-96 -2028 -328 ) (-96 -2040 -328 ) (-96 -2040 -224 ) (-96 -2028 -224 ) 
4 1356 1358 (-94 -2032 -328 ) (-92.799904 -2027.199585 -328 ) (-92.799904 -2027.199585 -224 ) (-94 -2032 -224 ) 
4 1357 1359 (-75.201477 -2022.800293 -224 ) (-75.201477 -2022.800293 -328 ) (-72.002075 -2026 -328 ) (-72.002075 -2026 -224 ) 
4 1360 1364 (-64 -2020 -336 ) (-64 -2020 -328 ) (-66.400711 -2020.599243 -328 ) (-66.400711 -2020.599243 -336 ) 
4 1360 1362 (-68 -2019 -328 ) (-71 -2016 -328 ) (-71 -2016 -336 ) (-68 -2019 -336 ) 
4 1361 1366 (-96 -2016 -328 ) (-96 -2016 -336 ) (-96 -2020 -336 ) (-96 -2020 -328 ) 
4 1361 1363 (-92 -2019 -328 ) (-96 -2020 -328 ) (-96 -2020 -336 ) (-91.994820 -2018.998657 -336 ) 
4 1363 1366 (-96 -2020 -336 ) (-96 -2023.002075 -336 ) (-96 -2022.998291 -328 ) (-96 -2020 -328 ) 
4 1365 1410 (-96 -2048 -224 ) (-104 -2048 -224 ) (-104 -2048 -328 ) (-96 -2048 -328 ) 
4 1365 1369 (-104 -2024 -328 ) (-104 -2048 -328 ) (-104 -2048 -224 ) (-104 -2024 -224 ) 
4 1365 1368 (-104 -2016 -224 ) (-104 -2016 -328 ) (-104 -2024 -328 ) (-104 -2024 -224 ) 
3 1365 1367 (-104 -2040 -328 ) (-104 -2030.994995 -328 ) (-100.998711 -2027.994995 -328 ) 
4 1365 1366 (-104 -2030.994995 -328 ) (-104 -2016 -328 ) (-96 -2016 -328 ) (-96 -2022.998413 -328 ) 
4 1366 1379 (-104 -2024 -336 ) (-104 -2030.998779 -336 ) (-104 -2030.994995 -328 ) (-104 -2024 -328 ) 
4 1366 1375 (-104 -2016 -328 ) (-104 -2016 -336 ) (-104 -2024 -336 ) (-104 -2024 -328 ) 
4 1366 1367 (-100.997955 -2027.991943 -328 ) (-104 -2030.992676 -328 ) (-104 -2030.996582 -336 ) (-101 -2027.997070 -336 ) 
4 1367 1379 (-104 -2030.998779 -336 ) (-104 -2040 -336 ) (-104 -2040 -328 ) (-104 -2030.994995 -328 ) 
4 1368 1537 (-1024 -2024 -224 ) (-1024 -2016 -224 ) (-1024 -2016 -328 ) (-1024 -2024 -328 ) 
3 1368 1378 (-679 -2024 -328 ) (-688 -2024 -328 ) (-676 -2021 -328 ) 
4 1368 1377 (-1024 -2024 -328 ) (-1024 -2016 -328 ) (-656 -2016 -328 ) (-688 -2024 -328 ) 
3 1368 1376 (-476.005035 -2020.998779 -328 ) (-464 -2024 -328 ) (-473.002960 -2024 -328 ) 
4 1368 1375 (-496 -2016 -328 ) (-104 -2016 -328 ) (-104 -2024 -328 ) (-464 -2024 -328 ) 
4 1368 1373 (-496 -2024 -328 ) (-484 -2024 -328 ) (-484 -2024 -224 ) (-496 -2024 -224 ) 
4 1368 1371 (-484 -2024 -328 ) (-472.001953 -2024 -328 ) (-472.001953 -2024 -224 ) (-484 -2024 -224 ) 
4 1368 1370 (-1024 -2024 -328 ) (-656 -2024 -328 ) (-656 -2024 -224 ) (-1024 -2024 -224 ) 
4 1368 1369 (-472.001953 -2024 -328 ) (-104 -2024 -328 ) (-104 -2024 -224 ) (-472.001953 -2024 -224 ) 
4 1369 1416 (-400 -2048 -224 ) (-466 -2048 -224 ) (-466 -2048 -328 ) (-400 -2048 -328 ) 
4 1369 1413 (-160 -2048 -224 ) (-400 -2048 -224 ) (-400 -2048 -328 ) (-160 -2048 -328 ) 
4 1369 1411 (-104 -2048 -224 ) (-160 -2048 -224 ) (-160 -2048 -328 ) (-104 -2048 -328 ) 
3 1369 1380 (-448.996735 -2048 -328 ) (-458 -2048 -328 ) (-461 -2036 -328 ) 
5 1369 1379 (-472.001953 -2024 -328 ) (-104 -2024 -328 ) (-104 -2048 -328 ) (-448.996735 -2048 -328 ) (-471.668274 -2025.334351 -328 ) 
4 1369 1371 (-472 -2024 -224 ) (-472 -2024 -328 ) (-468 -2040 -328 ) (-468 -2040 -224 ) 
4 1370 1537 (-1024 -2048 -328 ) (-1024 -2048 -224 ) (-1024 -2024 -224 ) (-1024 -2024 -328 ) 
4 1370 1420 (-751.994385 -2048 -224 ) (-1024 -2048 -224 ) (-1024 -2048 -328 ) (-751.994324 -2048 -328 ) 
4 1370 1382 (-687.998413 -2024 -328 ) (-679 -2024 -328 ) (-686.667175 -2031.667236 -328 ) (-690.132202 -2032.533569 -328 ) 
5 1370 1381 (-1024 -2048 -328 ) (-1024 -2024 -328 ) (-687.998413 -2024 -328 ) (-690.132202 -2032.533569 -328 ) (-751.994385 -2048 -328 ) 
4 1370 1374 (-681.601807 -2030.400879 -328 ) (-672 -2028 -328 ) (-672 -2028 -224 ) (-681.601746 -2030.400635 -224 ) 
4 1370 1372 (-751.992188 -2048 -328 ) (-681.601807 -2030.400879 -328 ) (-681.601746 -2030.400635 -224 ) (-751.994690 -2048 -224 ) 
3 1371 1379 (-473.003021 -2024 -328 ) (-472.001953 -2024 -328 ) (-471.668274 -2025.334351 -328 ) 
4 1371 1373 (-484 -2024 -224 ) (-484 -2024 -328 ) (-480 -2028 -328 ) (-480 -2028 -224 ) 
4 1372 1420 (-688 -2048 -224 ) (-751.994385 -2048 -224 ) (-751.994324 -2048 -328 ) (-688 -2048 -328 ) 
4 1372 1415 (-686 -2048 -224 ) (-688 -2048 -224 ) (-688 -2048 -328 ) (-686 -2048 -328 ) 
3 1372 1382 (-690.998718 -2035.998901 -328 ) (-690.132202 -2032.533447 -328 ) (-686.666992 -2031.667114 -328 ) 
3 1372 1381 (-694 -2048 -328 ) (-751.994385 -2048 -328 ) (-690.132202 -2032.533447 -328 ) 
4 1372 1374 (-684.001831 -2040.001831 -328 ) (-681.601746 -2030.399658 -328 ) (-681.601746 -2030.399658 -224 ) (-684.001648 -2040.001709 -224 ) 
4 1375 1379 (-464 -2024 -336 ) (-104 -2024 -336 ) (-104 -2024 -328 ) (-464 -2024 -328 ) 
4 1375 1376 (-463.998047 -2024 -336 ) (-463.998047 -2024 -328 ) (-476.005646 -2020.998047 -328 ) (-476 -2021 -336 ) 
4 1376 1379 (-473 -2024 -336 ) (-464 -2024 -336 ) (-464 -2024 -328 ) (-473.002960 -2024 -328 ) 
4 1377 1571 (-1024 -2024 -328 ) (-1024 -2016 -328 ) (-1024 -2016 -336 ) (-1024 -2024 -336 ) 
4 1377 1381 (-1024 -2024 -336 ) (-688 -2024 -336 ) (-688 -2024 -328 ) (-1024 -2024 -328 ) 
4 1377 1378 (-688 -2024 -328 ) (-688 -2024 -336 ) (-676 -2021 -336 ) (-676 -2021 -328 ) 
4 1378 1382 (-688 -2024 -336 ) (-679 -2024 -336 ) (-679 -2024 -328 ) (-688 -2024 -328 ) 
4 1379 1418 (-448.992645 -2048 -336 ) (-400 -2048 -336 ) (-400 -2048 -328 ) (-448.996735 -2048 -328 ) 
4 1379 1413 (-400 -2048 -336 ) (-160 -2048 -336 ) (-160 -2048 -328 ) (-400 -2048 -328 ) 
4 1379 1411 (-160 -2048 -336 ) (-104 -2048 -336 ) (-104 -2048 -328 ) (-160 -2048 -328 ) 
4 1379 1380 (-448.994415 -2048 -328 ) (-461 -2035.996826 -328 ) (-461.002136 -2035.991455 -336 ) (-448.990417 -2048 -336 ) 
4 1380 1419 (-458 -2048 -336 ) (-456 -2048 -336 ) (-456 -2048 -328 ) (-458 -2048 -328 ) 
4 1380 1418 (-456 -2048 -336 ) (-448.992645 -2048 -336 ) (-448.996735 -2048 -328 ) (-456 -2048 -328 ) 
4 1381 1571 (-1024 -2048 -336 ) (-1024 -2048 -328 ) (-1024 -2024 -328 ) (-1024 -2024 -336 ) 
4 1381 1421 (-696 -2048 -336 ) (-694 -2048 -336 ) (-694 -2048 -328 ) (-696 -2048 -328 ) 
4 1381 1422 (-1024 -2048 -328 ) (-1024 -2048 -336 ) (-696 -2048 -336 ) (-696 -2048 -328 ) 
4 1381 1382 (-690.998474 -2035.998535 -336 ) (-687.998230 -2024 -336 ) (-687.998230 -2024 -328 ) (-690.998474 -2035.998535 -328 ) 
4 1383 1391 (616 -2048 144 ) (616 -2048 -48 ) (616 -2056 -48 ) (616 -2056 144 ) 
4 1383 1384 (632 -2048 -48 ) (1024 -2048 -48 ) (1024 -2056 -48 ) (632 -2056 -48 ) 
4 1384 1397 (616 -2048 -160 ) (616 -2048 -336 ) (616 -2072 -336 ) (616 -2072 -160 ) 
4 1384 1392 (616 -2048 -144 ) (616 -2048 -160 ) (616 -2072 -160 ) (616 -2072 -144 ) 
4 1384 1385 (960 -2072 -336 ) (1024 -2072 -336 ) (1024 -2072 -144 ) (960 -2072 -144 ) 
4 1384 1386 (648 -2072 -336 ) (928 -2072 -336 ) (928 -2072 -144 ) (648 -2072 -144 ) 
4 1385 1387 (1024 -2088 -216 ) (1024 -2088 -144 ) (968 -2088 -144 ) (968 -2088 -216 ) 
4 1386 1388 (920 -2088 -144 ) (680 -2088 -144 ) (680 -2088 -216 ) (920 -2088 -216 ) 
4 1387 1389 (1024 -2096 -212 ) (1024 -2096 -148 ) (972 -2096 -148 ) (972 -2096 -212 ) 
4 1388 1390 (916 -2096 -148 ) (684 -2096 -148 ) (684 -2096 -212 ) (916 -2096 -212 ) 
4 1392 1397 (600 -2048 -160 ) (616 -2048 -160 ) (616 -2088 -160 ) (600 -2088 -160 ) 
3 1393 1399 (464 -2056 -160 ) (464 -2088 -160 ) (455.997955 -2088 -160 ) 
5 1393 1398 (360 -2048 -160 ) (464 -2048 -160 ) (464 -2056 -160 ) (455.997955 -2088 -160 ) (360 -2088 -160 ) 
4 1394 1402 (0 -2088 -144 ) (0 -2048 -144 ) (0 -2048 -160 ) (0 -2088 -160 ) 
4 1394 1398 (0 -2088 -160 ) (0 -2048 -160 ) (344 -2048 -160 ) (344 -2088 -160 ) 
4 1395 1399 (451.996979 -2104 -160 ) (464 -2104 -160 ) (464 -2184 -160 ) (431.991913 -2184 -160 ) 
4 1395 1398 (360 -2104 -160 ) (451.996979 -2104 -160 ) (431.991913 -2184 -160 ) (360 -2184 -160 ) 
4 1396 1403 (0 -2184 -144 ) (0 -2104 -144 ) (0 -2104 -160 ) (0 -2184 -160 ) 
4 1396 1398 (0 -2184 -160 ) (0 -2104 -160 ) (344 -2104 -160 ) (344 -2184 -160 ) 
4 1398 1409 (0 -2184 -160 ) (0 -2176 -160 ) (0 -2176 -328 ) (0 -2184 -328 ) 
4 1398 1407 (0 -2176 -160 ) (0 -2048 -160 ) (0 -2048 -328 ) (0 -2176 -328 ) 
3 1398 1400 (456 -2048 -328 ) (458 -2048 -328 ) (456 -2056 -328 ) 
5 1398 1401 (0 -2176 -328 ) (0 -2048 -328 ) (456 -2048 -328 ) (456 -2087.991943 -328 ) (433.992401 -2176 -328 ) 
4 1398 1399 (431.991211 -2184 -160 ) (431.991211 -2184 -328 ) (464 -2055.997070 -328 ) (464 -2055.997070 -160 ) 
3 1399 1401 (433.992401 -2176 -328 ) (456 -2087.991943 -328 ) (456 -2176 -328 ) 
4 1400 1401 (456 -2048 -336 ) (456 -2056 -336 ) (456 -2056 -328 ) (456 -2048 -328 ) 
4 1401 1407 (0 -2048 -328 ) (0 -2048 -336 ) (0 -2176 -336 ) (0 -2176 -328 ) 
4 1402 1408 (-64 -2048 -160 ) (-56 -2048 -160 ) (-56 -2088 -160 ) (-64 -2088 -160 ) 
4 1402 1407 (-56 -2048 -160 ) (0 -2048 -160 ) (0 -2088 -160 ) (-56 -2088 -160 ) 
4 1403 1409 (0 -2176 -160 ) (0 -2184 -160 ) (-64 -2184 -160 ) (-64 -2176 -160 ) 
4 1403 1408 (-56 -2176 -160 ) (-64 -2176 -160 ) (-64 -2104 -160 ) (-56 -2104 -160 ) 
4 1403 1407 (0 -2104 -160 ) (0 -2176 -160 ) (-56 -2176 -160 ) (-56 -2104 -160 ) 
3 1404 1417 (-462 -2064 -160 ) (-464 -2064 -160 ) (-464 -2056 -160 ) 
5 1404 1416 (-464 -2048 -160 ) (-400 -2048 -160 ) (-400 -2064 -160 ) (-462 -2064 -160 ) (-464 -2056 -160 ) 
4 1404 1412 (-400 -2048 -160 ) (-160 -2048 -160 ) (-160 -2064 -160 ) (-400 -2064 -160 ) 
4 1404 1410 (-104 -2048 -160 ) (-96 -2048 -160 ) (-96 -2064 -160 ) (-104 -2064 -160 ) 
4 1404 1411 (-160 -2048 -160 ) (-104 -2048 -160 ) (-104 -2064 -160 ) (-160 -2064 -160 ) 
4 1405 1420 (-1016 -2048 -160 ) (-688 -2048 -160 ) (-688 -2088 -160 ) (-1016 -2088 -160 ) 
4 1406 1420 (-688 -2104 -160 ) (-688 -2184 -160 ) (-1016 -2184 -160 ) (-1016 -2104 -160 ) 
4 1407 1409 (0 -2176 -328 ) (0 -2176 -160 ) (-56 -2176 -160 ) (-56 -2176 -328 ) 
4 1407 1408 (-56 -2176 -328 ) (-56 -2176 -160 ) (-56 -2048 -160 ) (-56 -2048 -328 ) 
4 1408 1409 (-64 -2176 -160 ) (-64 -2176 -328 ) (-56 -2176 -328 ) (-56 -2176 -160 ) 
4 1410 1411 (-104 -2064 -328 ) (-104 -2064 -160 ) (-104 -2048 -160 ) (-104 -2048 -328 ) 
4 1411 1413 (-160 -2048 -336 ) (-160 -2064 -336 ) (-160 -2064 -176 ) (-160 -2048 -176 ) 
4 1411 1412 (-160 -2064 -176 ) (-160 -2064 -160 ) (-160 -2048 -160 ) (-160 -2048 -176 ) 
4 1412 1416 (-400 -2064 -160 ) (-400 -2048 -160 ) (-400 -2048 -176 ) (-400 -2064 -176 ) 
4 1412 1413 (-400 -2064 -176 ) (-400 -2048 -176 ) (-160 -2048 -176 ) (-160 -2064 -176 ) 
4 1413 1418 (-400 -2048 -336 ) (-400 -2064 -336 ) (-400 -2064 -328 ) (-400 -2048 -328 ) 
4 1413 1416 (-400 -2064 -328 ) (-400 -2064 -176 ) (-400 -2048 -176 ) (-400 -2048 -328 ) 
4 1413 1414 (-396 -2072 -180 ) (-396 -2072 -336 ) (-164 -2072 -336 ) (-164 -2072 -180 ) 
4 1415 1420 (-688 -2056 -160 ) (-688 -2048 -160 ) (-688 -2048 -328 ) (-688 -2056 -328 ) 
3 1416 1419 (-458 -2048 -328 ) (-456 -2048 -328 ) (-456 -2056 -328 ) 
4 1416 1418 (-400 -2064 -328 ) (-456 -2064 -328 ) (-456 -2048 -328 ) (-400 -2048 -328 ) 
4 1416 1417 (-464 -2055.996582 -328 ) (-461.998627 -2064 -328 ) (-461.998627 -2064 -160 ) (-464 -2055.996582 -160 ) 
4 1418 1419 (-456 -2048 -336 ) (-456 -2056 -336 ) (-456 -2056 -328 ) (-456 -2048 -328 ) 
4 1420 1593 (-1024 -2184 -160 ) (-1024 -2048 -160 ) (-1024 -2048 -328 ) (-1024 -2184 -328 ) 
3 1420 1421 (-696 -2048 -328 ) (-694 -2048 -328 ) (-696 -2056 -328 ) 
4 1420 1422 (-1024 -2176 -328 ) (-1024 -2048 -328 ) (-696 -2048 -328 ) (-696 -2176 -328 ) 
4 1421 1422 (-696 -2048 -336 ) (-696 -2056 -336 ) (-696 -2056 -328 ) (-696 -2048 -328 ) 
4 1422 1594 (-1024 -2048 -328 ) (-1024 -2048 -336 ) (-1024 -2176 -336 ) (-1024 -2176 -328 ) 
4 1423 1427 (-1392 448 -48 ) (-1392 1024 -48 ) (-1024 1024 -48 ) (-1024 448 -48 ) 
4 1423 1424 (-1024 392 144 ) (-1064 392 144 ) (-1064 392 -48 ) (-1024 392 -48 ) 
4 1424 1425 (-1024 376 144 ) (-1064 376 144 ) (-1064 376 -48 ) (-1024 376 -48 ) 
4 1425 1450 (-1024 0 -48 ) (-1024 0 144 ) (-1376 0 144 ) (-1376 0 -48 ) 
4 1425 1428 (-1024 0 -48 ) (-1376 0 -48 ) (-1376 319.995972 -48 ) (-1024 319.995972 -48 ) 
4 1425 1426 (-1376 376 144 ) (-1376 376 -48 ) (-1376 320 -48 ) (-1376 320 144 ) 
4 1427 1430 (-1408 1024 -144 ) (-1392 1024 -144 ) (-1392 432 -144 ) (-1408 432 -144 ) 
4 1427 1429 (-1392 1024 -144 ) (-1024 1024 -144 ) (-1024 432 -144 ) (-1392 432 -144 ) 
5 1428 1459 (-1024 0 -80 ) (-1024 0 -48 ) (-1376 0 -48 ) (-1392 0 -64 ) (-1392 0 -80 ) 
4 1428 1457 (-1024 0 -144 ) (-1024 0 -80 ) (-1392 0 -80 ) (-1392 0 -144 ) 
4 1428 1442 (-1024 152 -144 ) (-1024 0 -144 ) (-1392 0 -144 ) (-1392 152 -144 ) 
4 1428 1440 (-1024 336 -144 ) (-1024 152 -144 ) (-1392 152 -144 ) (-1392 336 -144 ) 
4 1429 1449 (-1344 1024 -336 ) (-1048 1024 -336 ) (-1048 880 -336 ) (-1344 880 -336 ) 
4 1429 1446 (-1032 464 -336 ) (-1048 464 -336 ) (-1048 592 -336 ) (-1032 592 -336 ) 
4 1429 1445 (-1024 592 -336 ) (-1024 464 -336 ) (-1032 464 -336 ) (-1032 592 -336 ) 
4 1429 1444 (-1048 1024 -336 ) (-1040 1024 -336 ) (-1040 880 -336 ) (-1048 880 -336 ) 
4 1429 1435 (-1304 416 -336 ) (-1064 416 -336 ) (-1064 416 -176 ) (-1304 416 -176 ) 
4 1429 1430 (-1392 1024 -336 ) (-1392 432 -336 ) (-1392 432 -144 ) (-1392 1024 -144 ) 
4 1430 1433 (-1408 496 -336 ) (-1408 448 -336 ) (-1408 448 -144 ) (-1408 496 -144 ) 
4 1430 1431 (-1408 1008 -336 ) (-1408 976 -336 ) (-1408 976 -144 ) (-1408 1008 -144 ) 
4 1430 1432 (-1408 944 -336 ) (-1408 528 -336 ) (-1408 528 -144 ) (-1408 944 -144 ) 
4 1432 1434 (-1424 532 -212 ) (-1424 532 -148 ) (-1424 940 -148 ) (-1424 940 -212 ) 
4 1435 1436 (-1300 408 -336 ) (-1068 408 -336 ) (-1068 408 -180 ) (-1300 408 -180 ) 
4 1437 1438 (-1300 360 -336 ) (-1068 360 -336 ) (-1068 360 -180 ) (-1300 360 -180 ) 
4 1438 1439 (-1304 352 -336 ) (-1064 352 -336 ) (-1064 352 -176 ) (-1304 352 -176 ) 
4 1439 1440 (-1376 336 -336 ) (-1024 336 -336 ) (-1024 336 -144 ) (-1376 336 -144 ) 
4 1440 1442 (-1392 152 -336 ) (-1024 152 -336 ) (-1024 152 -144 ) (-1392 152 -144 ) 
4 1440 1441 (-1392 336 -144 ) (-1392 336 -336 ) (-1392 184 -336 ) (-1392 184 -144 ) 
4 1442 1462 (-1024 0 -336 ) (-1024 0 -144 ) (-1392 0 -144 ) (-1392 0 -336 ) 
4 1442 1448 (-1032 0 -336 ) (-1048 0 -336 ) (-1048 32 -336 ) (-1032 32 -336 ) 
4 1442 1447 (-1024 0 -336 ) (-1032 0 -336 ) (-1032 32 -336 ) (-1024 32 -336 ) 
4 1442 1443 (-1392 152 -144 ) (-1392 152 -336 ) (-1392 16 -336 ) (-1392 16 -144 ) 
3 1444 1449 (-1048 880 -336 ) (-1048 1024 -336 ) (-1048 1024 -370.559998 ) 
4 1445 1446 (-1032 592 -336 ) (-1032 592 -344 ) (-1032 464 -344 ) (-1032 464 -336 ) 
4 1447 1469 (-1024 0 -352 ) (-1024 0 -336 ) (-1032 0 -336 ) (-1032 0 -352 ) 
4 1447 1448 (-1032 32 -336 ) (-1032 32 -344 ) (-1032 0 -344 ) (-1032 0 -336 ) 
4 1448 1470 (-1032 0 -344 ) (-1032 0 -336 ) (-1048 0 -336 ) (-1048 0 -344 ) 
4 1450 1459 (-1376 0 -48 ) (-1024 0 -48 ) (-1024 -32 -48 ) (-1376 -32 -48 ) 
4 1450 1456 (-1376 -32 -48 ) (-1024 -32 -48 ) (-1024 -32 144 ) (-1376 -32 144 ) 
4 1450 1451 (-1376 -16 -48 ) (-1376 -32 -48 ) (-1376 -32 144 ) (-1376 -16 144 ) 
4 1451 1456 (-1392 -32 -48 ) (-1376 -32 -48 ) (-1376 -32 144 ) (-1392 -32 144 ) 
5 1452 1488 (-1024 -1024 -48 ) (-1024 -1024 144 ) (-1408 -1024 144 ) (-1472 -1024 80 ) (-1472 -1024 -48 ) 
4 1452 1472 (-1472 -896 80 ) (-1472 -864 80 ) (-1472 -864 -48 ) (-1472 -896 -48 ) 
4 1452 1471 (-1472 -864 80 ) (-1472 -442.352966 80 ) (-1472 -442.352997 -48 ) (-1472 -864 -48 ) 
4 1452 1461 (-1376 -816 -48 ) (-1024 -816 -48 ) (-1024 -1024 -48 ) (-1376 -1024 -48 ) 
4 1452 1460 (-1440 -416 -48 ) (-1392 -376.470581 -48 ) (-1392 -784 -48 ) (-1440 -784 -48 ) 
4 1452 1458 (-1024 -784 -48 ) (-1024 -816 -48 ) (-1376 -816 -48 ) (-1376 -784 -48 ) 
4 1452 1457 (-1392 -376.470581 -48 ) (-1024 -73.411751 -48 ) (-1024 -784 -48 ) (-1392 -784 -48 ) 
5 1452 1456 (-1024 -73.412918 -48 ) (-1440 -416.001160 -48 ) (-1440 -416.002228 112 ) (-1408 -389.649353 144 ) (-1024 -73.413055 144 ) 
3 1452 1455 (-1472 -864 80 ) (-1472 -896 80 ) (-1440 -864 112 ) 
4 1452 1454 (-1440 -416.006042 112 ) (-1472 -442.359009 80 ) (-1472 -864 80 ) (-1440 -864 112 ) 
4 1452 1453 (-1408 -389.652893 144 ) (-1440 -416.006042 112 ) (-1440 -1024 112 ) (-1408 -1024 144 ) 
3 1453 1489 (-1408 -1024 144 ) (-1440 -1024 144 ) (-1440 -1024 112 ) 
3 1453 1456 (-1440 -416.002472 144 ) (-1408 -389.649353 144 ) (-1440 -416.002228 112 ) 
4 1453 1454 (-1440 -416 144 ) (-1440 -416 112 ) (-1440 -864 112 ) (-1440 -864 144 ) 
4 1454 1471 (-1472 -864 144 ) (-1472 -442.352966 144 ) (-1472 -442.352966 80 ) (-1472 -864 80 ) 
3 1454 1455 (-1472 -864 80 ) (-1440 -864 112 ) (-1472 -864 112 ) 
3 1455 1472 (-1472 -864 112 ) (-1472 -864 80 ) (-1472 -896 80 ) 
4 1456 1460 (-1440 -32 -48 ) (-1392 -32 -48 ) (-1392 -376.470581 -48 ) (-1440 -416 -48 ) 
4 1456 1457 (-1392 -32 -48 ) (-1024 -32 -48 ) (-1024 -73.411751 -48 ) (-1392 -376.470581 -48 ) 
4 1457 1462 (-1392 0 -144 ) (-1024 0 -144 ) (-1024 -816 -144 ) (-1392 -816 -144 ) 
4 1457 1461 (-1392 -816 -144 ) (-1024 -816 -144 ) (-1024 -816 -80 ) (-1392 -816 -80 ) 
6 1457 1460 (-1392 -16 -144 ) (-1392 -800 -144 ) (-1392 -800 -64 ) (-1392 -784 -48 ) (-1392 -32 -48 ) (-1392 -16 -64 ) 
5 1457 1459 (-1024 0 -79.996666 ) (-1392 0 -79.996658 ) (-1392 -15.996791 -64 ) (-1376 -31.996948 -48 ) (-1024 -31.996956 -48 ) 
5 1457 1458 (-1024 -784 -48 ) (-1376 -784 -48 ) (-1392 -800 -64 ) (-1392 -816 -80 ) (-1024 -816 -80 ) 
5 1458 1461 (-1024 -816 -80 ) (-1024 -816 -48 ) (-1376 -816 -48 ) (-1392 -816 -64 ) (-1392 -816 -80 ) 
4 1460 1466 (-1408 -800 -144 ) (-1456 -800 -144 ) (-1456 -16 -144 ) (-1408 -16 -144 ) 
4 1460 1463 (-1392 -16 -144 ) (-1392 -800 -144 ) (-1408 -800 -144 ) (-1408 -16 -144 ) 
5 1461 1491 (-1024 -1024 -144 ) (-1024 -1024 -48 ) (-1376 -1024 -48 ) (-1392 -1024 -64 ) (-1392 -1024 -144 ) 
4 1461 1462 (-1392 -816 -144 ) (-1024 -816 -144 ) (-1024 -1024 -144 ) (-1392 -1024 -144 ) 
4 1462 1582 (-1344 -1024 -328 ) (-1392 -1024 -328 ) (-1392 -1024 -336 ) (-1344 -1024 -336 ) 
4 1462 1575 (-1312 -1024 -328 ) (-1344 -1024 -328 ) (-1344 -1024 -336 ) (-1312 -1024 -336 ) 
4 1462 1573 (-1040 -1024 -328 ) (-1072 -1024 -328 ) (-1072 -1024 -336 ) (-1040 -1024 -336 ) 
4 1462 1574 (-1072 -1024 -328 ) (-1312 -1024 -328 ) (-1312 -1024 -336 ) (-1072 -1024 -336 ) 
4 1462 1570 (-1024 -1024 -336 ) (-1024 -1024 -328 ) (-1040 -1024 -328 ) (-1040 -1024 -336 ) 
4 1462 1543 (-1344 -1024 -224 ) (-1392 -1024 -224 ) (-1392 -1024 -328 ) (-1344 -1024 -328 ) 
4 1462 1541 (-1312 -1024 -224 ) (-1344 -1024 -224 ) (-1344 -1024 -328 ) (-1312 -1024 -328 ) 
4 1462 1538 (-1040 -1024 -224 ) (-1072 -1024 -224 ) (-1072 -1024 -328 ) (-1040 -1024 -328 ) 
4 1462 1540 (-1072 -1024 -224 ) (-1312 -1024 -224 ) (-1312 -1024 -328 ) (-1072 -1024 -328 ) 
4 1462 1532 (-1024 -1024 -328 ) (-1024 -1024 -224 ) (-1040 -1024 -224 ) (-1040 -1024 -328 ) 
4 1462 1518 (-1344 -1024 -160 ) (-1392 -1024 -160 ) (-1392 -1024 -224 ) (-1344 -1024 -224 ) 
4 1462 1517 (-1312 -1024 -160 ) (-1344 -1024 -160 ) (-1344 -1024 -224 ) (-1312 -1024 -224 ) 
4 1462 1515 (-1072 -1024 -160 ) (-1312 -1024 -160 ) (-1312 -1024 -176 ) (-1072 -1024 -176 ) 
4 1462 1516 (-1312 -1024 -176 ) (-1312 -1024 -224 ) (-1072 -1024 -224 ) (-1072 -1024 -176 ) 
4 1462 1514 (-1040 -1024 -160 ) (-1072 -1024 -160 ) (-1072 -1024 -224 ) (-1040 -1024 -224 ) 
4 1462 1513 (-1024 -1024 -224 ) (-1024 -1024 -160 ) (-1040 -1024 -160 ) (-1040 -1024 -224 ) 
4 1462 1506 (-1344 -1024 -144 ) (-1392 -1024 -144 ) (-1392 -1024 -160 ) (-1344 -1024 -160 ) 
4 1462 1496 (-1040 -1024 -144 ) (-1344 -1024 -144 ) (-1344 -1024 -160 ) (-1040 -1024 -160 ) 
4 1462 1492 (-1024 -1024 -160 ) (-1024 -1024 -144 ) (-1040 -1024 -144 ) (-1040 -1024 -160 ) 
4 1462 1470 (-1048 0 -336 ) (-1032 0 -336 ) (-1032 -96 -336 ) (-1048 -96 -336 ) 
4 1462 1469 (-1032 0 -336 ) (-1024 0 -336 ) (-1024 -96 -336 ) (-1032 -96 -336 ) 
4 1462 1464 (-1392 -832 -336 ) (-1392 -952 -336 ) (-1392 -952 -144 ) (-1392 -832 -144 ) 
4 1462 1465 (-1392 -984 -336 ) (-1392 -1024 -336 ) (-1392 -1024 -144 ) (-1392 -984 -144 ) 
4 1462 1463 (-1392 -16 -336 ) (-1392 -800 -336 ) (-1392 -800 -144 ) (-1392 -16 -144 ) 
4 1463 1466 (-1408 -16 -336 ) (-1408 -800 -336 ) (-1408 -800 -144 ) (-1408 -16 -144 ) 
4 1465 1583 (-1408 -1024 -328 ) (-1408 -1024 -336 ) (-1392 -1024 -336 ) (-1392 -1024 -328 ) 
4 1465 1544 (-1408 -1024 -224 ) (-1408 -1024 -328 ) (-1392 -1024 -328 ) (-1392 -1024 -224 ) 
4 1465 1519 (-1408 -1024 -160 ) (-1408 -1024 -224 ) (-1392 -1024 -224 ) (-1392 -1024 -160 ) 
4 1465 1507 (-1392 -1024 -144 ) (-1408 -1024 -144 ) (-1408 -1024 -160 ) (-1392 -1024 -160 ) 
4 1466 1468 (-1456 -432 -336 ) (-1456 -800 -336 ) (-1456 -800 -144 ) (-1456 -432 -144 ) 
4 1466 1467 (-1456 -16 -336 ) (-1456 -400 -336 ) (-1456 -400 -144 ) (-1456 -16 -144 ) 
4 1467 1473 (-1472 -360 -144 ) (-1472 -120 -144 ) (-1472 -120 -216 ) (-1472 -360 -216 ) 
4 1468 1474 (-1472 -696 -144 ) (-1472 -456 -144 ) (-1472 -456 -216 ) (-1472 -696 -216 ) 
4 1469 1470 (-1032 -96 -344 ) (-1032 -96 -336 ) (-1032 0 -336 ) (-1032 0 -344 ) 
4 1471 1475 (-1504 -468.705902 -48 ) (-1504 -864 -48 ) (-1504 -864 144 ) (-1504 -468.705872 144 ) 
4 1471 1472 (-1504 -864 -48 ) (-1472 -864 -48 ) (-1472 -864 112 ) (-1504 -864 112 ) 
4 1472 1476 (-1504 -864 -48 ) (-1504 -896 -48 ) (-1504 -896 80 ) (-1504 -864 112 ) 
4 1473 1477 (-1504 -120 -216 ) (-1504 -360 -216 ) (-1504 -360 -144 ) (-1504 -120 -144 ) 
4 1474 1477 (-1504 -456 -216 ) (-1504 -696 -216 ) (-1504 -696 -144 ) (-1504 -456 -144 ) 
4 1475 1476 (-1984 -864 112 ) (-1984 -864 -48 ) (-1504 -864 -48 ) (-1504 -864 112 ) 
4 1477 1479 (-1520 -96 -240 ) (-1520 -768 -240 ) (-1520 -768 -112 ) (-1520 -96 -112 ) 
4 1478 1479 (-1520 -832 -240 ) (-1520 -952 -240 ) (-1520 -952 -112 ) (-1520 -832 -112 ) 
4 1479 1483 (-1536 -952 -112 ) (-1664 -952 -112 ) (-1664 -952 -240 ) (-1536 -952 -240 ) 
4 1479 1481 (-1680 -272 -240 ) (-1680 -952 -240 ) (-1680 -952 -112 ) (-1680 -272 -112 ) 
4 1479 1480 (-1680 -64 -240 ) (-1680 -240 -240 ) (-1680 -240 -112 ) (-1680 -64 -112 ) 
4 1480 1482 (-1696 -124 -240 ) (-1696 -180 -240 ) (-1696 -180 -128 ) (-1696 -124 -128 ) 
4 1483 1554 (-1536 -1024 -240 ) (-1536 -1024 -160 ) (-1664 -1024 -160 ) (-1664 -1024 -240 ) 
4 1483 1512 (-1536 -1024 -160 ) (-1536 -1024 -148 ) (-1664 -1024 -148 ) (-1664 -1024 -160 ) 
4 1483 1487 (-1664 -1024 -240 ) (-1664 -1016 -240 ) (-1536 -1016 -240 ) (-1536 -1024 -240 ) 
4 1483 1486 (-1664 -1016 -240 ) (-1664 -1000 -240 ) (-1536 -1000 -240 ) (-1536 -1016 -240 ) 
4 1483 1485 (-1664 -1000 -240 ) (-1664 -984 -240 ) (-1536 -984 -240 ) (-1536 -1000 -240 ) 
4 1483 1484 (-1664 -984 -240 ) (-1664 -968 -240 ) (-1536 -968 -240 ) (-1536 -984 -240 ) 
4 1484 1485 (-1536 -984 -248 ) (-1536 -984 -240 ) (-1664 -984 -240 ) (-1664 -984 -248 ) 
4 1485 1486 (-1536 -1000 -256 ) (-1536 -1000 -240 ) (-1664 -1000 -240 ) (-1664 -1000 -256 ) 
4 1486 1487 (-1536 -1016 -264 ) (-1536 -1016 -240 ) (-1664 -1016 -240 ) (-1664 -1016 -264 ) 
4 1487 1554 (-1536 -1024 -272 ) (-1536 -1024 -240 ) (-1664 -1024 -240 ) (-1664 -1024 -272 ) 
4 1488 1491 (-1376 -1024 -48 ) (-1024 -1024 -48 ) (-1024 -1104 -48 ) (-1376 -1104 -48 ) 
5 1488 1490 (-1440 -1184 112 ) (-1472 -1184 80 ) (-1472 -1184 -48 ) (-1024 -1184 -48 ) (-1024 -1184 112 ) 
4 1488 1489 (-1440 -1184 112 ) (-1408 -1184 144 ) (-1408 -1024 144 ) (-1440 -1024 112 ) 
4 1491 1506 (-1392 -1024 -144 ) (-1344 -1024 -144 ) (-1344 -1120 -144 ) (-1392 -1120 -144 ) 
4 1491 1496 (-1344 -1024 -144 ) (-1040 -1024 -144 ) (-1040 -1120 -144 ) (-1344 -1120 -144 ) 
4 1491 1492 (-1040 -1024 -144 ) (-1024 -1024 -144 ) (-1024 -1120 -144 ) (-1040 -1120 -144 ) 
4 1492 1513 (-1040 -1024 -160 ) (-1024 -1024 -160 ) (-1024 -1136 -160 ) (-1040 -1136 -160 ) 
4 1492 1496 (-1040 -1024 -160 ) (-1040 -1120 -160 ) (-1040 -1120 -144 ) (-1040 -1024 -144 ) 
3 1493 1521 (-1036 -1720 -160 ) (-1032 -1720 -160 ) (-1032 -1736 -160 ) 
5 1493 1522 (-1040 -1832 -160 ) (-1040 -1720 -160 ) (-1036 -1720 -160 ) (-1032 -1736 -160 ) (-1032 -1832 -160 ) 
4 1493 1503 (-1040 -1720 -160 ) (-1040 -1832 -160 ) (-1040 -1832 -144 ) (-1040 -1720 -144 ) 
4 1494 1522 (-1040 -1960 -160 ) (-1040 -1848 -160 ) (-1032 -1848 -160 ) (-1032 -1960 -160 ) 
4 1494 1504 (-1040 -1848 -160 ) (-1040 -1960 -160 ) (-1040 -1960 -144 ) (-1040 -1848 -144 ) 
4 1495 1591 (-1032 -2048 -144 ) (-1040 -2048 -144 ) (-1040 -2048 -160 ) (-1032 -2048 -160 ) 
4 1495 1522 (-1032 -2048 -160 ) (-1040 -2048 -160 ) (-1040 -1976 -160 ) (-1032 -1976 -160 ) 
4 1495 1505 (-1040 -1976 -160 ) (-1040 -2048 -160 ) (-1040 -2048 -144 ) (-1040 -1976 -144 ) 
4 1496 1517 (-1344 -1024 -160 ) (-1312 -1024 -160 ) (-1312 -1120 -160 ) (-1344 -1120 -160 ) 
4 1496 1515 (-1312 -1024 -160 ) (-1072 -1024 -160 ) (-1072 -1120 -160 ) (-1312 -1120 -160 ) 
4 1496 1514 (-1072 -1024 -160 ) (-1040 -1024 -160 ) (-1040 -1120 -160 ) (-1072 -1120 -160 ) 
4 1496 1506 (-1344 -1024 -160 ) (-1344 -1120 -160 ) (-1344 -1120 -144 ) (-1344 -1024 -144 ) 
4 1496 1497 (-1312 -1120 -160 ) (-1072 -1120 -160 ) (-1072 -1120 -144 ) (-1312 -1120 -144 ) 
4 1497 1515 (-1312 -1136 -160 ) (-1312 -1120 -160 ) (-1072 -1120 -160 ) (-1072 -1136 -160 ) 
4 1498 1523 (-1040 -1184 -160 ) (-1040 -1192 -160 ) (-1344 -1192 -160 ) (-1344 -1184 -160 ) 
4 1499 1523 (-1040 -1208 -160 ) (-1040 -1320 -160 ) (-1344 -1320 -160 ) (-1344 -1208 -160 ) 
4 1500 1523 (-1040 -1336 -160 ) (-1040 -1448 -160 ) (-1344 -1448 -160 ) (-1344 -1336 -160 ) 
4 1501 1523 (-1040 -1464 -160 ) (-1040 -1576 -160 ) (-1344 -1576 -160 ) (-1344 -1464 -160 ) 
4 1502 1526 (-1040 -1616 -160 ) (-1040 -1624 -160 ) (-1344 -1624 -160 ) (-1344 -1616 -160 ) 
4 1502 1528 (-1040 -1624 -160 ) (-1040 -1704 -160 ) (-1344 -1704 -160 ) (-1344 -1624 -160 ) 
4 1502 1523 (-1040 -1592 -160 ) (-1040 -1616 -160 ) (-1344 -1616 -160 ) (-1344 -1592 -160 ) 
4 1503 1528 (-1040 -1720 -160 ) (-1040 -1832 -160 ) (-1344 -1832 -160 ) (-1344 -1720 -160 ) 
4 1504 1528 (-1040 -1848 -160 ) (-1040 -1960 -160 ) (-1344 -1960 -160 ) (-1344 -1848 -160 ) 
4 1505 1591 (-1040 -2048 -144 ) (-1344 -2048 -144 ) (-1344 -2048 -160 ) (-1040 -2048 -160 ) 
4 1505 1529 (-1040 -2024 -160 ) (-1040 -2048 -160 ) (-1344 -2048 -160 ) (-1344 -2024 -160 ) 
4 1505 1528 (-1040 -1976 -160 ) (-1040 -2024 -160 ) (-1344 -2024 -160 ) (-1344 -1976 -160 ) 
4 1506 1518 (-1392 -1024 -160 ) (-1344 -1024 -160 ) (-1344 -1136 -160 ) (-1392 -1136 -160 ) 
4 1506 1507 (-1392 -1024 -160 ) (-1392 -1104 -160 ) (-1392 -1104 -144 ) (-1392 -1024 -144 ) 
4 1507 1519 (-1408 -1024 -160 ) (-1392 -1024 -160 ) (-1392 -1104 -160 ) (-1408 -1104 -160 ) 
4 1508 1567 (-1408 -1704 -160 ) (-1504 -1704 -160 ) (-1504 -1624 -160 ) (-1408 -1624 -160 ) 
4 1508 1528 (-1360 -1704 -160 ) (-1408 -1704 -160 ) (-1408 -1624 -160 ) (-1360 -1624 -160 ) 
4 1509 1567 (-1408 -1832 -160 ) (-1504 -1832 -160 ) (-1504 -1720 -160 ) (-1408 -1720 -160 ) 
4 1509 1528 (-1360 -1832 -160 ) (-1408 -1832 -160 ) (-1408 -1720 -160 ) (-1360 -1720 -160 ) 
4 1510 1567 (-1408 -1960 -160 ) (-1504 -1960 -160 ) (-1504 -1848 -160 ) (-1408 -1848 -160 ) 
4 1510 1528 (-1360 -1960 -160 ) (-1408 -1960 -160 ) (-1408 -1848 -160 ) (-1360 -1848 -160 ) 
4 1511 1567 (-1504 -2024 -160 ) (-1504 -1976 -160 ) (-1408 -1976 -160 ) (-1408 -2024 -160 ) 
4 1511 1528 (-1408 -1976 -160 ) (-1360 -1976 -160 ) (-1360 -2024 -160 ) (-1408 -2024 -160 ) 
4 1512 1555 (-1536 -1032 -160 ) (-1536 -1048 -160 ) (-1664 -1048 -160 ) (-1664 -1032 -160 ) 
4 1512 1554 (-1664 -1024 -160 ) (-1536 -1024 -160 ) (-1536 -1032 -160 ) (-1664 -1032 -160 ) 
4 1513 1532 (-1040 -1024 -224 ) (-1024 -1024 -224 ) (-1024 -1136 -224 ) (-1040 -1136 -224 ) 
4 1513 1514 (-1040 -1024 -224 ) (-1040 -1120 -224 ) (-1040 -1120 -160 ) (-1040 -1024 -160 ) 
4 1514 1538 (-1072 -1024 -224 ) (-1040 -1024 -224 ) (-1040 -1120 -224 ) (-1072 -1120 -224 ) 
4 1514 1515 (-1072 -1120 -176 ) (-1072 -1120 -160 ) (-1072 -1024 -160 ) (-1072 -1024 -176 ) 
4 1514 1516 (-1072 -1024 -224 ) (-1072 -1120 -224 ) (-1072 -1120 -176 ) (-1072 -1024 -176 ) 
4 1515 1517 (-1312 -1120 -160 ) (-1312 -1024 -160 ) (-1312 -1024 -176 ) (-1312 -1120 -176 ) 
4 1515 1516 (-1312 -1136 -176 ) (-1312 -1024 -176 ) (-1072 -1024 -176 ) (-1072 -1136 -176 ) 
4 1516 1540 (-1312 -1024 -224 ) (-1072 -1024 -224 ) (-1072 -1184 -224 ) (-1312 -1184 -224 ) 
4 1516 1523 (-1312 -1184 -224 ) (-1072 -1184 -224 ) (-1072 -1184 -176 ) (-1312 -1184 -176 ) 
4 1516 1517 (-1312 -1024 -224 ) (-1312 -1120 -224 ) (-1312 -1120 -176 ) (-1312 -1024 -176 ) 
4 1517 1541 (-1344 -1024 -224 ) (-1312 -1024 -224 ) (-1312 -1120 -224 ) (-1344 -1120 -224 ) 
4 1517 1518 (-1344 -1024 -224 ) (-1344 -1120 -224 ) (-1344 -1120 -160 ) (-1344 -1024 -160 ) 
4 1518 1543 (-1392 -1024 -224 ) (-1344 -1024 -224 ) (-1344 -1136 -224 ) (-1392 -1136 -224 ) 
4 1518 1519 (-1392 -1024 -224 ) (-1392 -1104 -224 ) (-1392 -1104 -160 ) (-1392 -1024 -160 ) 
4 1519 1544 (-1408 -1104 -224 ) (-1408 -1024 -224 ) (-1392 -1024 -224 ) (-1392 -1104 -224 ) 
3 1520 1535 (-1024 -1719.998291 -224 ) (-1024 -1726 -224 ) (-1032.002075 -1717.997803 -224 ) 
4 1520 1521 (-1032.002319 -1717.997681 -224 ) (-1024 -1726 -224 ) (-1024 -1726 -160 ) (-1032.002319 -1717.997681 -160 ) 
3 1521 1536 (-1024 -1726 -224 ) (-1024 -1768 -224 ) (-1038 -1712 -224 ) 
4 1521 1522 (-1038 -1712 -224 ) (-1024 -1767.998047 -224 ) (-1024 -1768 -160 ) (-1038 -1712 -160 ) 
4 1522 1593 (-1024 -2048 -224 ) (-1024 -2048 -160 ) (-1040 -2048 -160 ) (-1040 -2048 -224 ) 
4 1522 1537 (-1024 -2048 -224 ) (-1040 -2048 -224 ) (-1040 -1704 -224 ) (-1024 -1768 -224 ) 
4 1522 1529 (-1040 -2024 -224 ) (-1040 -2048 -224 ) (-1040 -2048 -160 ) (-1040 -2024 -160 ) 
4 1522 1528 (-1040 -1704 -224 ) (-1040 -2024 -224 ) (-1040 -2024 -160 ) (-1040 -1704 -160 ) 
4 1523 1542 (-1344 -1184 -224 ) (-1312 -1184 -224 ) (-1312 -1616 -224 ) (-1344 -1616 -224 ) 
4 1523 1539 (-1072 -1184 -224 ) (-1040 -1184 -224 ) (-1040 -1616 -224 ) (-1072 -1616 -224 ) 
4 1523 1540 (-1312 -1184 -224 ) (-1072 -1184 -224 ) (-1072 -1616 -224 ) (-1312 -1616 -224 ) 
4 1523 1526 (-1344 -1616 -224 ) (-1040 -1616 -224 ) (-1040 -1616 -160 ) (-1344 -1616 -160 ) 
4 1523 1525 (-1344 -1592 -224 ) (-1344 -1604 -224 ) (-1344 -1604 -160 ) (-1344 -1592 -160 ) 
4 1523 1524 (-1344 -1604 -224 ) (-1344 -1616 -224 ) (-1344 -1616 -160 ) (-1344 -1604 -160 ) 
3 1524 1546 (-1344 -1604 -224 ) (-1344 -1616 -224 ) (-1356 -1616 -224 ) 
4 1524 1526 (-1356 -1616 -224 ) (-1344 -1616 -224 ) (-1344 -1616 -160 ) (-1356 -1616 -160 ) 
4 1524 1525 (-1344 -1604.001953 -160 ) (-1344 -1604.001953 -224 ) (-1348 -1608.002563 -224 ) (-1348 -1608.002563 -160 ) 
3 1525 1547 (-1344 -1592 -224 ) (-1344 -1604 -224 ) (-1348 -1608 -224 ) 
4 1526 1548 (-1356 -1616 -224 ) (-1344 -1616 -224 ) (-1344 -1624 -224 ) (-1364 -1624 -224 ) 
4 1526 1542 (-1344 -1616 -224 ) (-1312 -1616 -224 ) (-1312 -1624 -224 ) (-1344 -1624 -224 ) 
4 1526 1539 (-1072 -1616 -224 ) (-1040 -1616 -224 ) (-1040 -1624 -224 ) (-1072 -1624 -224 ) 
4 1526 1540 (-1312 -1616 -224 ) (-1072 -1616 -224 ) (-1072 -1624 -224 ) (-1312 -1624 -224 ) 
4 1526 1527 (-1360 -1620 -224 ) (-1364 -1624 -224 ) (-1364 -1624 -160 ) (-1360 -1620 -160 ) 
4 1526 1528 (-1364 -1624 -224 ) (-1040 -1624 -224 ) (-1040 -1624 -160 ) (-1364 -1624 -160 ) 
3 1527 1549 (-1360 -1620 -224 ) (-1364 -1624 -224 ) (-1376 -1624 -224 ) 
4 1527 1528 (-1376 -1624 -224 ) (-1364 -1624 -224 ) (-1364 -1624 -160 ) (-1376 -1624 -160 ) 
4 1528 1567 (-1408 -2024 -160 ) (-1408 -1624 -160 ) (-1408 -1624 -224 ) (-1408 -2024 -224 ) 
4 1528 1550 (-1408 -2024 -224 ) (-1408 -1624 -224 ) (-1344 -1624 -224 ) (-1344 -2024 -224 ) 
4 1528 1542 (-1344 -1624 -224 ) (-1312 -1624 -224 ) (-1312 -2024 -224 ) (-1344 -2024 -224 ) 
4 1528 1539 (-1072 -1624 -224 ) (-1040 -1624 -224 ) (-1040 -2024 -224 ) (-1072 -2024 -224 ) 
4 1528 1540 (-1312 -1624 -224 ) (-1072 -1624 -224 ) (-1072 -2024 -224 ) (-1312 -2024 -224 ) 
4 1528 1531 (-1376 -2024 -224 ) (-1364 -2024 -224 ) (-1364 -2024 -160 ) (-1376 -2024 -160 ) 
4 1528 1530 (-1364 -2024 -224 ) (-1352 -2024 -224 ) (-1352 -2024 -160 ) (-1364 -2024 -160 ) 
4 1528 1529 (-1352 -2024 -224 ) (-1040 -2024 -224 ) (-1040 -2024 -160 ) (-1352 -2024 -160 ) 
4 1529 1596 (-1344 -2048 -160 ) (-1346 -2048 -160 ) (-1346 -2048 -224 ) (-1344 -2048 -224 ) 
4 1529 1593 (-1040 -2048 -160 ) (-1344 -2048 -160 ) (-1344 -2048 -224 ) (-1040 -2048 -224 ) 
4 1529 1551 (-1344 -2048 -224 ) (-1346 -2048 -224 ) (-1352 -2024 -224 ) (-1344 -2024 -224 ) 
4 1529 1542 (-1312 -2048 -224 ) (-1344 -2048 -224 ) (-1344 -2024 -224 ) (-1312 -2024 -224 ) 
4 1529 1539 (-1040 -2048 -224 ) (-1072 -2048 -224 ) (-1072 -2024 -224 ) (-1040 -2024 -224 ) 
4 1529 1540 (-1072 -2048 -224 ) (-1312 -2048 -224 ) (-1312 -2024 -224 ) (-1072 -2024 -224 ) 
4 1529 1530 (-1352 -2024 -160 ) (-1352 -2024 -224 ) (-1347.998657 -2040.001221 -224 ) (-1347.998657 -2040.001221 -160 ) 
3 1530 1552 (-1364 -2024 -224 ) (-1352 -2024 -224 ) (-1348 -2040 -224 ) 
4 1530 1531 (-1364 -2024 -160 ) (-1364 -2024 -224 ) (-1360 -2028 -224 ) (-1360 -2028 -160 ) 
3 1531 1553 (-1376 -2024 -224 ) (-1364 -2024 -224 ) (-1360 -2028 -224 ) 
4 1532 1570 (-1040 -1136 -328 ) (-1040 -1024 -328 ) (-1024 -1024 -328 ) (-1024 -1136 -328 ) 
4 1532 1538 (-1040 -1024 -328 ) (-1040 -1120 -328 ) (-1040 -1120 -224 ) (-1040 -1024 -224 ) 
4 1533 1539 (-1040 -1360 -328 ) (-1040 -1456 -328 ) (-1040 -1456 -224 ) (-1040 -1360 -224 ) 
4 1534 1539 (-1040 -1688 -298 ) (-1040 -1688 -258 ) (-1040 -1600 -258 ) (-1040 -1600 -298 ) 
4 1535 1536 (-1032.002319 -1717.997681 -328 ) (-1024 -1726 -328 ) (-1024 -1726 -224 ) (-1032.002319 -1717.997681 -224 ) 
3 1536 1571 (-1024 -1728 -328 ) (-1024 -1768 -328 ) (-1034.666748 -1725.333374 -328 ) 
4 1536 1537 (-1038 -1712 -328 ) (-1024 -1768.001953 -328 ) (-1024 -1768.001587 -224 ) (-1038 -1712 -224 ) 
4 1537 1593 (-1024 -2048 -328 ) (-1024 -2048 -224 ) (-1040 -2048 -224 ) (-1040 -2048 -328 ) 
3 1537 1572 (-1040 -1724 -328 ) (-1040 -1721 -328 ) (-1036 -1725 -328 ) 
5 1537 1571 (-1024 -2048 -328 ) (-1040 -2048 -328 ) (-1040 -1724 -328 ) (-1034.666748 -1725.333374 -328 ) (-1024 -1768 -328 ) 
4 1537 1539 (-1040 -1704 -328 ) (-1040 -2048 -328 ) (-1040 -2048 -224 ) (-1040 -1704 -224 ) 
4 1538 1573 (-1072 -1120 -328 ) (-1072 -1024 -328 ) (-1040 -1024 -328 ) (-1040 -1120 -328 ) 
4 1538 1540 (-1072 -1024 -328 ) (-1072 -1120 -328 ) (-1072 -1120 -224 ) (-1072 -1024 -224 ) 
4 1539 1593 (-1040 -2048 -224 ) (-1072 -2048 -224 ) (-1072 -2048 -328 ) (-1040 -2048 -328 ) 
3 1539 1577 (-1040 -1721 -328 ) (-1040 -1736 -328 ) (-1045 -1716 -328 ) 
4 1539 1576 (-1040 -2048 -328 ) (-1048 -2048 -328 ) (-1048 -1704 -328 ) (-1040 -1736 -328 ) 
4 1539 1578 (-1048 -2048 -328 ) (-1072 -2048 -328 ) (-1072 -1184 -328 ) (-1048 -1184 -328 ) 
4 1539 1540 (-1072 -1184 -328 ) (-1072 -2048 -328 ) (-1072 -2048 -224 ) (-1072 -1184 -224 ) 
4 1540 1593 (-1072 -2048 -224 ) (-1312 -2048 -224 ) (-1312 -2048 -328 ) (-1072 -2048 -328 ) 
4 1540 1578 (-1072 -2048 -328 ) (-1312 -2048 -328 ) (-1312 -1184 -328 ) (-1072 -1184 -328 ) 
4 1540 1574 (-1312 -1184 -328 ) (-1312 -1024 -328 ) (-1072 -1024 -328 ) (-1072 -1184 -328 ) 
4 1540 1542 (-1312 -1184 -328 ) (-1312 -2048 -328 ) (-1312 -2048 -224 ) (-1312 -1184 -224 ) 
4 1540 1541 (-1312 -1024 -328 ) (-1312 -1120 -328 ) (-1312 -1120 -224 ) (-1312 -1024 -224 ) 
4 1541 1575 (-1344 -1120 -328 ) (-1344 -1024 -328 ) (-1312 -1024 -328 ) (-1312 -1120 -328 ) 
4 1541 1543 (-1344 -1024 -328 ) (-1344 -1120 -328 ) (-1344 -1120 -224 ) (-1344 -1024 -224 ) 
4 1542 1593 (-1312 -2048 -224 ) (-1344 -2048 -224 ) (-1344 -2048 -328 ) (-1312 -2048 -328 ) 
3 1542 1581 (-1336 -1591.973755 -328 ) (-1336 -1607 -328 ) (-1341.008789 -1612.008789 -328 ) 
4 1542 1580 (-1336 -2048 -328 ) (-1338 -2048 -328 ) (-1341 -2036 -328 ) (-1336 -2041 -328 ) 
4 1542 1579 (-1344 -2033 -328 ) (-1344 -1615 -328 ) (-1336 -1607 -328 ) (-1336 -2041 -328 ) 
4 1542 1578 (-1312 -2048 -328 ) (-1336 -2048 -328 ) (-1336 -1184 -328 ) (-1312 -1184 -328 ) 
4 1542 1551 (-1344 -2024 -328 ) (-1344 -2048 -328 ) (-1344 -2048 -224 ) (-1344 -2024 -224 ) 
4 1542 1550 (-1344 -1624 -328 ) (-1344 -2024 -328 ) (-1344 -2024 -224 ) (-1344 -1624 -224 ) 
4 1542 1548 (-1344 -1616 -328 ) (-1344 -1624 -328 ) (-1344 -1624 -224 ) (-1344 -1616 -224 ) 
4 1542 1547 (-1344 -1592 -328 ) (-1344 -1604 -328 ) (-1344 -1604 -224 ) (-1344 -1592 -224 ) 
4 1542 1546 (-1344 -1604 -328 ) (-1344 -1616 -328 ) (-1344 -1616 -224 ) (-1344 -1604 -224 ) 
4 1542 1545 (-1344 -1360 -328 ) (-1344 -1456 -328 ) (-1344 -1456 -224 ) (-1344 -1360 -224 ) 
4 1543 1582 (-1392 -1024 -328 ) (-1344 -1024 -328 ) (-1344 -1136 -328 ) (-1392 -1136 -328 ) 
4 1543 1544 (-1392 -1024 -328 ) (-1392 -1104 -328 ) (-1392 -1104 -224 ) (-1392 -1024 -224 ) 
4 1544 1583 (-1408 -1104 -328 ) (-1408 -1024 -328 ) (-1392 -1024 -328 ) (-1392 -1104 -328 ) 
4 1545 1565 (-1408 -1360 -328 ) (-1408 -1456 -328 ) (-1408 -1456 -224 ) (-1408 -1360 -224 ) 
3 1546 1585 (-1344 -1615 -328 ) (-1344 -1616 -328 ) (-1345 -1616 -328 ) 
4 1546 1548 (-1344 -1616 -328 ) (-1344 -1616 -224 ) (-1356 -1616 -224 ) (-1356 -1616 -328 ) 
4 1546 1547 (-1344 -1604 -224 ) (-1344 -1604 -328 ) (-1348 -1608 -328 ) (-1348 -1608 -224 ) 
4 1548 1585 (-1345 -1616 -328 ) (-1344 -1616 -328 ) (-1344 -1624 -328 ) (-1353 -1624 -328 ) 
4 1548 1550 (-1344 -1624 -328 ) (-1344 -1624 -224 ) (-1364 -1624 -224 ) (-1364 -1624 -328 ) 
4 1548 1549 (-1360 -1620 -328 ) (-1364 -1624 -328 ) (-1364 -1624 -224 ) (-1360 -1620 -224 ) 
4 1549 1550 (-1364 -1624 -224 ) (-1376 -1624 -224 ) (-1376 -1624 -328 ) (-1364 -1624 -328 ) 
3 1550 1589 (-1356 -2021 -328 ) (-1344 -2024 -328 ) (-1353 -2024 -328 ) 
3 1550 1588 (-1408 -2016 -328 ) (-1408 -2008 -328 ) (-1376 -2016 -328 ) 
4 1550 1587 (-1408 -2008 -328 ) (-1408 -1632 -328 ) (-1344 -1632 -328 ) (-1344 -2024 -328 ) 
3 1550 1586 (-1370.666748 -1630.666748 -328 ) (-1372 -1632 -328 ) (-1376 -1632 -328 ) 
3 1550 1585 (-1353 -1624 -328 ) (-1344 -1624 -328 ) (-1356 -1627 -328 ) 
4 1550 1584 (-1344 -1624 -328 ) (-1344 -1632 -328 ) (-1372 -1632 -328 ) (-1370.666748 -1630.666748 -328 ) 
4 1550 1567 (-1408 -1624 -328 ) (-1408 -2024 -328 ) (-1408 -2024 -224 ) (-1408 -1624 -224 ) 
4 1550 1553 (-1364 -2024 -224 ) (-1376 -2024 -224 ) (-1376 -2024 -328 ) (-1364 -2024 -328 ) 
4 1550 1552 (-1352 -2024 -224 ) (-1364 -2024 -224 ) (-1364 -2024 -328 ) (-1352 -2024 -328 ) 
4 1550 1551 (-1344 -2024 -328 ) (-1344 -2024 -224 ) (-1352 -2024 -224 ) (-1352 -2024 -328 ) 
4 1551 1596 (-1344 -2048 -224 ) (-1346 -2048 -224 ) (-1346 -2048 -328 ) (-1344 -2048 -328 ) 
4 1551 1590 (-1351.666870 -2025.333130 -328 ) (-1352 -2024 -328 ) (-1344 -2024 -328 ) (-1344 -2033 -328 ) 
4 1551 1552 (-1352 -2024 -224 ) (-1352 -2024 -328 ) (-1347.998657 -2040.001221 -328 ) (-1347.998657 -2040.001221 -224 ) 
3 1552 1590 (-1353 -2024 -328 ) (-1352 -2024 -328 ) (-1351.666870 -2025.333130 -328 ) 
4 1552 1553 (-1364 -2024 -224 ) (-1364 -2024 -328 ) (-1360 -2028 -328 ) (-1360 -2028 -224 ) 
4 1554 1555 (-1664 -1032 -160 ) (-1664 -1032 -272 ) (-1536 -1032 -272 ) (-1536 -1032 -160 ) 
4 1555 1556 (-1664 -1048 -160 ) (-1664 -1048 -280 ) (-1536 -1048 -280 ) (-1536 -1048 -160 ) 
4 1556 1557 (-1664 -1064 -168 ) (-1664 -1064 -288 ) (-1536 -1064 -288 ) (-1536 -1064 -168 ) 
4 1557 1558 (-1664 -1080 -176 ) (-1664 -1080 -296 ) (-1536 -1080 -296 ) (-1536 -1080 -176 ) 
4 1558 1559 (-1664 -1096 -184 ) (-1664 -1096 -304 ) (-1536 -1096 -304 ) (-1536 -1096 -184 ) 
4 1559 1560 (-1664 -1112 -192 ) (-1664 -1112 -312 ) (-1536 -1112 -312 ) (-1536 -1112 -192 ) 
4 1560 1561 (-1664 -1128 -200 ) (-1664 -1128 -320 ) (-1536 -1128 -320 ) (-1536 -1128 -200 ) 
4 1561 1563 (-1664 -1264 -328 ) (-1536 -1264 -328 ) (-1536 -1264 -200 ) (-1664 -1264 -200 ) 
4 1562 1565 (-1408 -1288 -328 ) (-1408 -1288 -200 ) (-1488 -1288 -200 ) (-1488 -1288 -328 ) 
4 1562 1566 (-1488 -1288 -200 ) (-1504 -1288 -200 ) (-1504 -1288 -328 ) (-1488 -1288 -328 ) 
4 1563 1566 (-1536 -1288 -200 ) (-1664 -1288 -200 ) (-1664 -1288 -328 ) (-1536 -1288 -328 ) 
4 1564 1566 (-1696 -1288 -200 ) (-1792 -1288 -200 ) (-1792 -1288 -328 ) (-1696 -1288 -328 ) 
4 1565 1566 (-1488 -1288 -200 ) (-1488 -1288 -328 ) (-1488 -1552 -328 ) (-1488 -1552 -200 ) 
4 1566 1568 (-1792 -1364 -328 ) (-1792 -1468 -328 ) (-1792 -1468 -228 ) (-1792 -1364 -228 ) 
4 1567 1588 (-1408 -2008 -328 ) (-1408 -2016 -328 ) (-1496 -2016 -328 ) (-1496 -1986 -328 ) 
4 1567 1587 (-1408 -1632 -328 ) (-1408 -2008 -328 ) (-1496 -1986 -328 ) (-1496 -1632 -328 ) 
4 1568 1569 (-1820 -1368 -232 ) (-1820 -1368 -328 ) (-1820 -1464 -328 ) (-1820 -1464 -232 ) 
4 1570 1573 (-1040 -1024 -336 ) (-1040 -1120 -336 ) (-1040 -1120 -328 ) (-1040 -1024 -328 ) 
4 1571 1594 (-1024 -2048 -336 ) (-1024 -2048 -328 ) (-1040 -2048 -328 ) (-1040 -2048 -336 ) 
4 1571 1577 (-1040 -1724 -336 ) (-1040 -1736 -336 ) (-1040 -1736 -328 ) (-1040 -1724 -328 ) 
4 1571 1576 (-1040 -1736 -336 ) (-1040 -2048 -336 ) (-1040 -2048 -328 ) (-1040 -1736 -328 ) 
4 1571 1572 (-1036 -1725 -336 ) (-1040 -1724 -336 ) (-1040 -1724 -328 ) (-1036 -1725 -328 ) 
4 1572 1577 (-1040 -1721 -336 ) (-1040 -1724 -336 ) (-1040 -1724 -328 ) (-1040 -1721 -328 ) 
4 1573 1574 (-1072 -1024 -336 ) (-1072 -1120 -336 ) (-1072 -1120 -328 ) (-1072 -1024 -328 ) 
4 1574 1578 (-1312 -1184 -336 ) (-1072 -1184 -336 ) (-1072 -1184 -328 ) (-1312 -1184 -328 ) 
4 1574 1575 (-1312 -1024 -336 ) (-1312 -1120 -336 ) (-1312 -1120 -328 ) (-1312 -1024 -328 ) 
4 1575 1582 (-1344 -1024 -336 ) (-1344 -1120 -336 ) (-1344 -1120 -328 ) (-1344 -1024 -328 ) 
4 1576 1594 (-1040 -2048 -328 ) (-1048 -2048 -328 ) (-1048 -2048 -336 ) (-1040 -2048 -336 ) 
4 1576 1577 (-1040 -1736 -328 ) (-1040 -1736 -336 ) (-1045 -1716 -336 ) (-1045 -1716 -328 ) 
4 1576 1578 (-1048 -1704 -336 ) (-1048 -2048 -336 ) (-1048 -2048 -328 ) (-1048 -1704 -328 ) 
4 1578 1594 (-1048 -2048 -328 ) (-1336 -2048 -328 ) (-1336 -2048 -336 ) (-1048 -2048 -336 ) 
4 1578 1581 (-1336 -1591.973755 -336 ) (-1336 -1607 -336 ) (-1336 -1607 -328 ) (-1336 -1591.973755 -328 ) 
4 1578 1580 (-1336 -2041 -336 ) (-1336 -2048 -336 ) (-1336 -2048 -328 ) (-1336 -2041 -328 ) 
4 1578 1579 (-1336 -1607 -336 ) (-1336 -2041 -336 ) (-1336 -2041 -328 ) (-1336 -1607 -328 ) 
4 1579 1590 (-1344 -2024 -336 ) (-1344 -2033 -336 ) (-1344 -2033 -328 ) (-1344 -2024 -328 ) 
4 1579 1587 (-1344 -1632 -336 ) (-1344 -2024 -336 ) (-1344 -2024 -328 ) (-1344 -1632 -328 ) 
4 1579 1585 (-1344 -1615 -336 ) (-1344 -1624 -336 ) (-1344 -1624 -328 ) (-1344 -1615 -328 ) 
4 1579 1584 (-1344 -1624 -336 ) (-1344 -1632 -336 ) (-1344 -1632 -328 ) (-1344 -1624 -328 ) 
4 1579 1581 (-1336 -1607 -328 ) (-1336 -1607 -336 ) (-1341.008789 -1612.008789 -336 ) (-1341.008789 -1612.008789 -328 ) 
4 1579 1580 (-1341 -2036 -336 ) (-1336 -2041 -336 ) (-1336 -2041 -328 ) (-1341 -2036 -328 ) 
4 1580 1595 (-1336 -2048 -328 ) (-1338 -2048 -328 ) (-1338 -2048 -336 ) (-1336 -2048 -336 ) 
4 1582 1583 (-1392 -1024 -336 ) (-1392 -1104 -336 ) (-1392 -1104 -328 ) (-1392 -1024 -328 ) 
4 1584 1587 (-1372 -1632 -336 ) (-1344 -1632 -336 ) (-1344 -1632 -328 ) (-1372 -1632 -328 ) 
4 1584 1586 (-1370.666748 -1630.666748 -336 ) (-1372 -1632 -336 ) (-1372 -1632 -328 ) (-1370.666748 -1630.666748 -328 ) 
4 1584 1585 (-1344 -1624 -328 ) (-1344 -1624 -336 ) (-1356 -1627 -336 ) (-1356 -1627 -328 ) 
4 1586 1587 (-1376 -1632 -336 ) (-1372 -1632 -336 ) (-1372 -1632 -328 ) (-1376 -1632 -328 ) 
4 1587 1589 (-1356 -2020.998779 -336 ) (-1344 -2024 -336 ) (-1344 -2024 -328 ) (-1356 -2020.998779 -328 ) 
4 1587 1588 (-1496 -1986 -328 ) (-1496 -1986 -336 ) (-1375.996094 -2016 -336 ) (-1375.996094 -2016 -328 ) 
4 1589 1590 (-1353 -2024 -336 ) (-1344 -2024 -336 ) (-1344 -2024 -328 ) (-1353 -2024 -328 ) 
4 1591 1593 (-1344 -2088 -160 ) (-1344 -2048 -160 ) (-1032 -2048 -160 ) (-1032 -2088 -160 ) 
4 1592 1593 (-1344 -2184 -160 ) (-1344 -2104 -160 ) (-1032 -2104 -160 ) (-1032 -2184 -160 ) 
4 1593 1596 (-1344 -2056 -160 ) (-1344 -2048 -160 ) (-1344 -2048 -328 ) (-1344 -2056 -328 ) 
3 1593 1595 (-1338 -2048 -328 ) (-1336 -2048 -328 ) (-1336 -2056 -328 ) 
4 1593 1594 (-1336 -2048 -328 ) (-1024 -2048 -328 ) (-1024 -2176 -328 ) (-1336 -2176 -328 ) 
4 1594 1595 (-1336 -2048 -336 ) (-1336 -2056 -336 ) (-1336 -2056 -328 ) (-1336 -2048 -328 ) 
